郵便番号,店名,分類,商品名,量,価格,価格表示,通常価格,期間,メモ
8540022,ドラッグストアモリ 諫早幸町店,食品,麻婆豆腐の素,1箱,181,,,10/4〜10/10,毎日超特価
8540022,ドラッグストアモリ 諫早幸町店,食品,アサヒ 颯・ウィルキンソン各種,620ml/500ml,79,,,10/4〜10/10,毎日超特価
8540022,ドラッグストアモリ 諫早幸町店,食品,焙煎ごま・和風しょうゆドレッシング,380ml,322,,,10/4〜10/10,
8540022,ドラッグストアモリ 諫早幸町店,食品,鍋スープ各種,720g,257,,,10/4〜10/10,
8540022,ドラッグストアモリ 諫早幸町店,食品,ハウス シチューミックス クリーム,1箱,333,,,10/4〜10/10,
8540022,ドラッグストアモリ 諫早幸町店,食品,日清 チキンラーメン・出前一丁・日清焼そば,各5食入,441,,,10/4〜10/10,ご家族様2点限り
8540022,ドラッグストアモリ 諫早幸町店,食品,ハウス 特選本香り 生わさび・からし,1本,138,,,10/4〜10/10,
8540022,ドラッグストアモリ 諫早幸町店,食品,ミツカン プロが使う味 白だし,500ml,289,,,10/4〜10/10,
8540022,ドラッグストアモリ 諫早幸町店,食品,大象ジャパン 宗家キムチ,1個,299,,,10/4〜10/10,
8540022,ドラッグストアモリ 諫早幸町店,食品,丸大 チキンハンバーグ,3個入,149,,,10/4〜10/10,
8540022,ドラッグストアモリ 諫早幸町店,食品,伊藤園 1日分の野菜・毎日1杯の青汁,1本,95,,,10/4〜10/10,
8540022,ドラッグストアモリ 諫早幸町店,食品,丸大 燻製屋 熟成あらびきウインナー,1袋,312,,,10/4〜10/10,
8540022,ドラッグストアモリ 諫早幸町店,食品,明治 ブルガリアヨーグルト,各70g×4,181,,,10/4〜10/10,
8540022,ドラッグストアモリ 諫早幸町店,食品,雪印 さけるチーズ,各種,199,,,10/4〜10/10,
8540022,ドラッグストアモリ 諫早幸町店,食品,天ぷら各種,3枚入,95,,,10/4〜10/10,
8540022,ドラッグストアモリ 諫早幸町店,食品,ちゃんぽん・やきそばの具,100g,127,,,10/4〜10/10,
8540022,ドラッグストアモリ 諫早幸町店,食品,フィッシュソーセージ,1袋,225,,,10/4〜10/10,
8540022,ドラッグストアモリ 諫早幸町店,食品,大盛りスパゲティ(冷凍),1袋,203,,,10/4〜10/10,
8540022,ドラッグストアモリ 諫早幸町店,食品,ニップン オーマイプレミアム(冷凍),1袋,312,,,10/4〜10/10,
8540022,ドラッグストアモリ 諫早幸町店,食品,味の素 ギョーザ(冷凍),12個入,198,,,10/4〜10/10,
8540022,ドラッグストアモリ 諫早幸町店,食品,ヤマザキ 山型ソフト,1斤,149,,,10/4〜10/10,
8540022,ドラッグストアモリ 諫早幸町店,食品,フジパン ネオレーズンバターロール・ネオ黒糖ロール,1袋,192,,,10/4〜10/10,
8540022,ドラッグストアモリ 諫早幸町店,食品,フジパン スナックサンド,1袋,129,,,10/4〜10/10,
8540022,ドラッグストアモリ 諫早幸町店,食品,あみポテ,1袋,96,,,10/4〜10/10,
8540022,ドラッグストアモリ 諫早幸町店,食品,不二家 カントリーマアム(ドラッグストアモリ),1袋,246,,,10/4〜10/10,
8540022,ドラッグストアモリ 諫早幸町店,食品,カルビー フルグラ,1袋,711,,,10/4〜10/10,ご家族様2点限り
8540022,ドラッグストアモリ 諫早幸町店,日用品,ワイドハイターEX,1本,438,,,10/4〜10/10,
8540022,ドラッグストアモリ 諫早幸町店,日用品,カビキラー 本体+付替,1組,268,,,10/4〜10/10,
8540022,ドラッグストアモリ 諫早幸町店,日用品,ムシューダ NOTE 1年間有効,1個,878,,,10/4〜10/10,
8540022,ドラッグストアモリ 諫早幸町店,日用品,ドライペット スキット,420ml×3,160,,,10/4〜10/10,
8540022,ドラッグストアモリ 諫早幸町店,日用品,マジカ,1本,108,,,10/4〜10/10,
8540022,ダイレックス 諫早幸町店,日用品,ハミング 消臭実感 詰替用,1袋,218,,,10/8〜10/11,同じチラシ: 東諫早店・西諫早店
8540022,ダイレックス 諫早幸町店,日用品,パンテーン 詰替用 超特大,1袋,899,,,10/8〜10/11,同じチラシ: 東諫早店・西諫早店
8540022,ダイレックス 諫早幸町店,日用品,トイレの消臭元,280ml,269,,,10/8〜10/11,同じチラシ: 東諫早店・西諫早店
8540022,ダイレックス 諫早幸町店,家電,TIGER マイコン炊飯ジャー 3合,1台,8990,,,10/8〜10/11,同じチラシ: 東諫早店・西諫早店
8540022,ダイレックス 諫早幸町店,家電,KOIZUMI オーブントースター KOS-1019,1台,2490,,,10/8〜10/11,同じチラシ: 東諫早店・西諫早店
8540022,ダイレックス 諫早幸町店,家電,YAMAZEN 極のたこ焼き器,1台,2990,,,10/8〜10/11,同じチラシ: 東諫早店・西諫早店
8540022,ダイレックス 諫早幸町店,日用品,サーモス ステンレスランチジャー,1個,3980,,,10/8〜10/11,同じチラシ: 東諫早店・西諫早店
8540022,ダイレックス 諫早幸町店,アパレル,裏パイルスウェット上下組,1組,1680,,,10/8〜10/11,同じチラシ: 東諫早店・西諫早店
8540022,ダイレックス 諫早幸町店,アパレル,HEAD 3足組スニーカーソックス,3足,498,,,10/8〜10/11,同じチラシ: 東諫早店・西諫早店
8540022,ダイレックス 諫早幸町店,日用品,ウレタン手袋,10双組,848,,,10/8〜10/11,同じチラシ: 東諫早店・西諫早店
8540022,ダイレックス 諫早幸町店,その他,アサヒ スーパードライ,350ml×6,1035,,,10/8〜10/11,"24缶は4,140円 / 同じチラシ: 東諫早店・西諫早店"
8540022,ダイレックス 諫早幸町店,その他,キリン 一番搾り,350ml×6,1035,,,10/8〜10/11,"24缶は4,140円 / 同じチラシ: 東諫早店・西諫早店"
8540022,ダイレックス 諫早幸町店,その他,サッポロ ラガービール,350ml×6,1068,,,10/8〜10/11,同じチラシ: 東諫早店・西諫早店
8540022,ダイレックス 諫早幸町店,食品,丸大 燻製屋ウインナー,1袋,258,,,10/8〜10/11,今週のイチ押し / 同じチラシ: 東諫早店・西諫早店
8540022,ダイレックス 諫早幸町店,食品,マルちゃん 焼そば,3人前,178,,,10/8〜10/11,同じチラシ: 東諫早店・西諫早店
8540022,ダイレックス 諫早幸町店,食品,ブルボン クッキー・ビスケット(チョコチップ等),各1袋,108,,,10/8〜10/11,今週のイチ押し / 同じチラシ: 東諫早店・西諫早店
8540022,ダイレックス 諫早幸町店,食品,不二家 カントリーマアム,1袋,199,,,10/8〜10/11,同じチラシ: 東諫早店・西諫早店
8540022,ダイレックス 諫早幸町店,食品,コカ・コーラ,1.5L,159,,,10/8〜10/11,同じチラシ: 東諫早店・西諫早店
8540022,ダイレックス 諫早幸町店,食品,日清 焼そばU.F.O.,1個,149,,,10/8〜10/11,今週のイチ押し / 同じチラシ: 東諫早店・西諫早店
8540022,ダイレックス 諫早幸町店,食品,マルタイ 棒ラーメン,1袋,139,,,10/8〜10/11,同じチラシ: 東諫早店・西諫早店
8540022,ダイレックス 諫早幸町店,食品,ハインツ トマトケチャップ 逆さボトル,460g,228,,,10/8〜10/11,同じチラシ: 東諫早店・西諫早店
8540022,ダイレックス 諫早幸町店,食品,キユーピー ハーフ,400g,279,,,10/8〜10/11,同じチラシ: 東諫早店・西諫早店
8540022,ダイレックス 諫早幸町店,食品,桃屋 キムチの素,190g,199,,,10/8〜10/11,同じチラシ: 東諫早店・西諫早店
8540022,ダイレックス 諫早幸町店,日用品,アリエール ジェル ウルトラジャンボ,1袋,699,,,10/8〜10/11,今週のイチ押し / 同じチラシ: 東諫早店・西諫早店
8540022,ダイレックス 諫早幸町店,日用品,レノア 超消臭 詰替,1袋,1499,,,10/8〜10/11,同じチラシ: 東諫早店・西諫早店
8540022,ダイレックス 諫早幸町店,日用品,カビキラー 付替,1本,139,,,10/8〜10/11,同じチラシ: 東諫早店・西諫早店
8540022,ダイレックス 諫早幸町店,日用品,バスマジックリン 泡立ちスプレー 詰替,1袋,328,,,10/8〜10/11,同じチラシ: 東諫早店・西諫早店
8540022,ダイレックス 諫早幸町店,アパレル,ボクサーパンツ,3枚組,1280,,,10/8〜10/11,同じチラシ: 東諫早店・西諫早店
8540022,ダイレックス 諫早幸町店,アパレル,デザインTシャツ,1枚,798,,,10/8〜10/11,同じチラシ: 東諫早店・西諫早店
8540022,ダイレックス 諫早幸町店,アパレル,トレーニングパンツ,1枚,1080,,,10/8〜10/11,同じチラシ: 東諫早店・西諫早店
8540022,ダイレックス 諫早幸町店,アパレル,Tシャツ,2枚組,1380,,,10/8〜10/11,今週のイチ押し / 同じチラシ: 東諫早店・西諫早店
8540022,ダイレックス 諫早幸町店,アパレル,クッションクロッグサンダル,1足,1780,,,10/8〜10/11,同じチラシ: 東諫早店・西諫早店
8540022,ダイレックス 諫早幸町店,家電,TCL 55V型スマートテレビ,1台,59900,,,10/8〜10/11,今週のイチ押し / 同じチラシ: 東諫早店・西諫早店
8540022,ダイレックス 諫早幸町店,家電,SHARP マイコン炊飯ジャー,1台,7990,,,10/8〜10/11,同じチラシ: 東諫早店・西諫早店
8540022,ダイレックス 諫早幸町店,日用品,Rakucho フライパン用ホイルシートL,1個,358,,,10/8〜10/11,今週のイチ押し / 同じチラシ: 東諫早店・西諫早店
8540022,ダイレックス 諫早幸町店,日用品,カセットガス オレンジボンベ,3本組,980,,,10/8〜10/11,同じチラシ: 東諫早店・西諫早店
8540022,ダイレックス 諫早幸町店,食品,ノルウェー産 赤魚フィーレ(解凍),1パック,410,,,10/8〜10/11,本体380円 / 同じチラシ: 東諫早店・西諫早店
8540022,ダイレックス 諫早幸町店,食品,刺身盛合せ(3品盛)(ダイレックス),1パック,518,,,10/8〜10/11,本体480円 / 同じチラシ: 東諫早店・西諫早店
8540022,ダイレックス 諫早幸町店,食品,お魚屋さんの握り盛合せ(8貫),1パック,518,,,10/8〜10/11,本体480円 / 同じチラシ: 東諫早店・西諫早店
8540022,ダイレックス 諫早幸町店,食品,お魚屋さんの握り盛合せ(12貫),1パック,810,,,10/8〜10/11,本体750円 / 同じチラシ: 東諫早店・西諫早店
8540022,ダイレックス 諫早幸町店,食品,長崎県産 活真鯛刺身用ブロック(養殖),100g当り,537,,,10/8〜10/11,本体498円 / 同じチラシ: 東諫早店・西諫早店
8540022,ダイレックス 諫早幸町店,食品,アメリカ産 スケソウダラ切身(解凍),100g当り,138,,,10/8〜10/11,本体128円 / 同じチラシ: 東諫早店・西諫早店
8540022,ダイレックス 諫早幸町店,食品,刺身盛合せ(5品盛)(ダイレックス),1パック,734,,,10/8〜10/11,本体680円; 2日間限り / 同じチラシ: 東諫早店・西諫早店
8540022,ダイレックス 諫早幸町店,食品,お魚屋さんの握り盛合せ(16貫),1パック,950,,,10/8〜10/11,本体880円; 2日間限り / 同じチラシ: 東諫早店・西諫早店
8540022,ダイレックス 諫早幸町店,食品,チリ産 銀鮭切身(養殖・解凍),100g当り,257,,,10/8〜10/11,本体238円; 2日間限り / 同じチラシ: 東諫早店・西諫早店
8540022,ダイレックス 諫早幸町店,食品,シューストリングポテト(ダイレックス),100g当り,108,,,10/8〜10/11,本体100円 / 同じチラシ: 東諫早店・西諫早店
8540022,ダイレックス 諫早幸町店,食品,6種具材の海老天丼,1パック,408,,,10/8〜10/11,本体378円 / 同じチラシ: 東諫早店・西諫早店
8540022,ダイレックス 諫早幸町店,食品,昔ながらのおやつコロッケ,4個入・1パック,181,,,10/8〜10/11,本体168円 / 同じチラシ: 東諫早店・西諫早店
8540022,ダイレックス 諫早幸町店,食品,まごころ特のり弁,1パック,408,,,10/8〜10/11,本体378円 / 同じチラシ: 東諫早店・西諫早店
8540022,ダイレックス 諫早幸町店,食品,たこ焼き(ダイレックス),12個入・1パック,537,,,10/8〜10/11,本体498円; 2日間限り / 同じチラシ: 東諫早店・西諫早店
8540022,ダイレックス 諫早幸町店,食品,頑固唐揚げ,100g当り,192,,,10/8〜10/11,本体178円; 2日間限り / 同じチラシ: 東諫早店・西諫早店
8540022,ダイレックス 諫早幸町店,食品,福岡県産 柿,1袋,429,,,10/8〜10/11,本体398円 / 同じチラシ: 東諫早店・西諫早店
8540022,ダイレックス 諫早幸町店,食品,群馬・熊本県産 キャベツ,1玉,213,,,10/8〜10/11,本体198円 / 同じチラシ: 東諫早店・西諫早店
8540022,ダイレックス 諫早幸町店,食品,長崎県産 生椎茸,1パック,105,,,10/8〜10/11,本体98円 / 同じチラシ: 東諫早店・西諫早店
8540022,ダイレックス 諫早幸町店,食品,長崎・熊本県産 梨,1パック,594,,,10/8〜10/11,本体550円 / 同じチラシ: 東諫早店・西諫早店
8540022,ダイレックス 諫早幸町店,食品,長崎県・北海道産 じゃが芋,1袋,213,,,10/8〜10/11,本体198円 / 同じチラシ: 東諫早店・西諫早店
8540022,ダイレックス 諫早幸町店,食品,長崎・熊本県産 トマト,1パック,270,,,10/8〜10/11,本体250円 / 同じチラシ: 東諫早店・西諫早店
8540022,ダイレックス 諫早幸町店,食品,長崎県産 極早生みかん,1袋,321,,,10/8〜10/11,本体298円 / 同じチラシ: 東諫早店・西諫早店
8540022,ダイレックス 諫早幸町店,食品,長崎・熊本県産 なす,1袋,213,,,10/8〜10/11,本体198円 / 同じチラシ: 東諫早店・西諫早店
8540022,ダイレックス 諫早幸町店,食品,青森県産 洗いごぼう,1袋,162,,,10/8〜10/11,本体150円 / 同じチラシ: 東諫早店・西諫早店
8540022,ダイレックス 諫早幸町店,食品,青森・長野県産 りんご,1玉,162,,,10/8〜10/11,本体150円 / 同じチラシ: 東諫早店・西諫早店
8540022,ダイレックス 諫早幸町店,食品,北海道産 玉ねぎ,1袋,213,,,10/8〜10/11,本体198円 / 同じチラシ: 東諫早店・西諫早店
8540022,ダイレックス 諫早幸町店,食品,群馬・熊本県産 きゅうり,1袋,213,,,10/8〜10/11,本体198円 / 同じチラシ: 東諫早店・西諫早店
8540022,ダイレックス 諫早幸町店,食品,国産 豚ロース生姜焼き用,100g当り,192,,,10/8〜10/11,本体178円 / 同じチラシ: 東諫早店・西諫早店
8540022,ダイレックス 諫早幸町店,食品,国産 若鶏手羽元,100g当り,62,,,10/8〜10/11,本体58円 / 同じチラシ: 東諫早店・西諫早店
8540022,ダイレックス 諫早幸町店,食品,国産 若鶏ムネ肉(味付け),100g当り,95,,,10/8〜10/11,本体88円; フライパンで簡単調理 / 同じチラシ: 東諫早店・西諫早店
8540022,ダイレックス 諫早幸町店,食品,国産 牛モモうす切り,100g当り,537,,,10/8〜10/11,本体498円 / 同じチラシ: 東諫早店・西諫早店
8540022,ダイレックス 諫早幸町店,食品,国産 豚モモブロック,100g当り,138,,,10/8〜10/11,本体128円 / 同じチラシ: 東諫早店・西諫早店
8540022,ダイレックス 諫早幸町店,食品,国産 若鶏ササミ(味付け),100g当り,105,,,10/8〜10/11,本体98円 / 同じチラシ: 東諫早店・西諫早店
8540022,ダイレックス 諫早幸町店,食品,国産 牛肩ロース焼肉用,100g当り,710,,,10/8〜10/11,本体658円 / 同じチラシ: 東諫早店・西諫早店
8540022,ダイレックス 諫早幸町店,食品,国産 豚バラ焼肉用,100g当り,224,,,10/8〜10/11,本体208円 / 同じチラシ: 東諫早店・西諫早店
8540022,ダイレックス 諫早幸町店,食品,国産 若鶏モモ肉(ダイレックス),100g当り,127,,,10/8〜10/11,本体118円 / 同じチラシ: 東諫早店・西諫早店
8540022,ダイレックス 諫早幸町店,食品,オーストラリア産 牛小間切れ,100g当り,311,,,10/8〜10/11,本体288円 / 同じチラシ: 東諫早店・西諫早店
8540022,ダイレックス 諫早幸町店,食品,国産 若鶏ムネ肉,100g当り,73,,,10/8〜10/11,本体68円 / 同じチラシ: 東諫早店・西諫早店
8540022,ダイレックス 諫早幸町店,食品,アメリカ産 牛プルコギ(味付・解凍),100g当り,170,,,10/8〜10/11,本体158円 / 同じチラシ: 東諫早店・西諫早店
8540022,ドラッグストアコスモス 幸町店,食品,青森県産 まっしぐら,5kg,2498,,,10/2〜10/15,
8540022,ドラッグストアコスモス 幸町店,食品,東洋水産 麺づくり 鶏ガラ醤油・合わせ味噌,1個,139,,,10/2〜10/15,
8540022,ドラッグストアコスモス 幸町店,食品,日清 どん兵衛 きつねうどん・天ぷらそば,1個,149,,,10/2〜10/15,
8540022,ドラッグストアコスモス 幸町店,食品,明星 一平ちゃん夜店の焼そば,1個,159,,,10/2〜10/15,
8540022,ドラッグストアコスモス 幸町店,食品,日清 チキンラーメン・日清焼そば・出前一丁,5食パック,398,,,10/2〜10/15,
8540022,ドラッグストアコスモス 幸町店,食品,キユーピー ハーフ(ドラッグストアコスモス),400g,268,,,10/2〜10/15,
8540022,ドラッグストアコスモス 幸町店,食品,カゴメ トマトケチャップ,800g,318,,,10/2〜10/15,
8540022,ドラッグストアコスモス 幸町店,食品,キユーピー 深煎りごまドレッシング,380ml,328,,,10/2〜10/15,
8540022,ドラッグストアコスモス 幸町店,食品,奥本製粉 から揚げ粉,100g,88,,,10/2〜10/15,
8540022,ドラッグストアコスモス 幸町店,食品,東洋水産 トレーワンタン,1個,119,,,10/2〜10/15,
8540022,ドラッグストアコスモス 幸町店,食品,はごろも シーチキンマイルド,70g×3缶,398,,,10/2〜10/15,
8540022,ドラッグストアコスモス 幸町店,食品,極洋 さば水煮・さばみそ煮,160g,178,,,10/2〜10/15,
8540022,ドラッグストアコスモス 幸町店,食品,ポッカレモン100,450ml,398,,,10/2〜10/15,
8540022,ドラッグストアコスモス 幸町店,食品,日清シスコ ごろグラ チョコナッツ,280g,428,,,10/2〜10/15,
8540022,ドラッグストアコスモス 幸町店,食品,丸大 ビストロ倶楽部カレー 甘口・中辛,170g×3袋,268,,,10/2〜10/15,
8540022,ドラッグストアコスモス 幸町店,食品,マ・マー マカロニグラタンセット,2人前,109,,,10/2〜10/15,
8540022,ドラッグストアコスモス 幸町店,食品,はごろも ポポロスパ,700g,258,,,10/2〜10/15,
8540022,ドラッグストアコスモス 幸町店,食品,ON365 ごま豆乳鍋つゆ,750g,198,,,10/2〜10/15,
8540022,ドラッグストアコスモス 幸町店,食品,ON365 キムチ鍋スープ,750g,198,,,10/2〜10/15,
8540022,ドラッグストアコスモス 幸町店,食品,ミツカン 味ぽん,800ml,358,,,10/2〜10/15,
8540022,ドラッグストアコスモス 幸町店,食品,ON365 すき焼きのたれ,500ml,258,,,10/2〜10/15,
8540022,ドラッグストアコスモス 幸町店,食品,ニチレイ えびピラフ(冷凍),1袋,379,,,10/2〜10/15,
8540022,ドラッグストアコスモス 幸町店,食品,ニッスイ 大きな大きな焼きおにぎり(冷凍),1袋,379,,,10/2〜10/15,
8540022,ドラッグストアコスモス 幸町店,食品,日清 スパ王 喫茶店のナポリタン大盛(冷凍),1袋,179,,,10/2〜10/15,
8540022,ドラッグストアコスモス 幸町店,食品,ニッスイ ちゃんぽん(冷凍),402g,279,,,10/2〜10/15,
8540022,ドラッグストアコスモス 幸町店,食品,大阪王将 羽根つき餃子(冷凍),12個,169,,,10/2〜10/15,
8540022,ドラッグストアコスモス 幸町店,食品,味の素 羽根つき餃子(冷凍),28個,459,,,10/2〜10/15,
8540022,ドラッグストアコスモス 幸町店,食品,テーブルマーク ごっつ旨い大粒たこ焼(冷凍),6個,279,,,10/2〜10/15,
8540022,ドラッグストアコスモス 幸町店,食品,ニチレイ お弁当にGood からあげチキン(冷凍),6個,159,,,10/2〜10/15,
8540022,ドラッグストアコスモス 幸町店,食品,ハイファイブ フライドポテト(冷凍),1kg,349,,,10/2〜10/15,
8540022,ドラッグストアコスモス 幸町店,食品,ニチレイ そのまま使えるブロッコリー(冷凍),250g,259,,,10/2〜10/15,
8540022,ドラッグストアコスモス 幸町店,食品,東洋水産 ふっくらうどん,3人前,108,,,10/2〜10/15,
8540022,ドラッグストアコスモス 幸町店,食品,三好食品 絹厚揚,2枚,89,,,10/2〜10/15,
8540022,ドラッグストアコスモス 幸町店,食品,滝沢ハム お肉屋さんのハンバーグ デミグラスソース,85g,99,,,10/2〜10/15,
8540022,ドラッグストアコスモス 幸町店,食品,伊藤ハム 燻工房 もも・ロースハム切り落とし,1袋,199,,,10/2〜10/15,
8540022,ドラッグストアコスモス 幸町店,食品,いちおしキムチ,180g,139,,,10/2〜10/15,
8540022,ドラッグストアコスモス 幸町店,食品,伊藤ハム 朝のフレッシュ生ハムロース,3連,219,,,10/2〜10/15,
8540022,ドラッグストアコスモス 幸町店,食品,たまご,10個入,249,,,10/2〜10/15,
8540022,ドラッグストアコスモス 幸町店,食品,ヤマザキ コスモスの食パン,6枚,89,,,10/2〜10/15,
8540022,ドラッグストアコスモス 幸町店,食品,ヤマザキ バターロール,6個,109,,,10/2〜10/15,
8540022,ドラッグストアコスモス 幸町店,食品,国産鶏肉の大粒焼売,22g×8個,99,,,10/2〜10/15,
8540022,ドラッグストアコスモス 幸町店,食品,カニかまスティック,10本,79,,,10/2〜10/15,
8540022,ドラッグストアコスモス 幸町店,食品,プリマハム 香薫あらびきウインナー 大袋,1袋,649,,,10/2〜10/15,
8540022,ドラッグストアコスモス 幸町店,食品,サントリー やさしい麦茶,2L,149,,,10/2〜10/15,
8540022,ドラッグストアコスモス 幸町店,食品,キリン 生茶,525ml,69,,,10/2〜10/15,
8540022,ドラッグストアコスモス 幸町店,食品,ネスレ エクセラ ふわラテ,26本,538,,,10/2〜10/15,
8540022,ドラッグストアコスモス 幸町店,その他,アサヒ スーパードライ(ドラッグストアコスモス),350ml×6,1038,,,10/2〜10/15,"24缶は4,150円"
8540022,サンドラッグ 諫早幸町店,ドラッグ・コスメ,パブロンゴールドA 微粒,1箱,1380,,,10/6〜10/11,第2類医薬品
8540022,サンドラッグ 諫早幸町店,ドラッグ・コスメ,リポビタンD,100ml×10本,965,,,10/6〜10/11,お一人様2点まで
8540022,サンドラッグ 諫早幸町店,ドラッグ・コスメ,リポビタンゴールドX,50ml×10本,1408,,,10/6〜10/11,
8540022,サンドラッグ 諫早幸町店,ドラッグ・コスメ,キューピーコーワゴールドα(160錠)・ポポンS(240錠),1箱,1848,,,10/6〜10/11,
8540022,サンドラッグ 諫早幸町店,ドラッグ・コスメ,バファリンA,100錠,1298,,,10/6〜10/11,指定第2類医薬品
8540022,サンドラッグ 諫早幸町店,ドラッグ・コスメ,サンテFX ネオ,12ml,258,,,10/6〜10/11,お一人様2点まで
8540022,サンドラッグ 諫早幸町店,ドラッグ・コスメ,アイボン Wビタミン プレミアム,500ml,638,,,10/6〜10/11,
8540022,サンドラッグ 諫早幸町店,ドラッグ・コスメ,DHC DHA 60日分,240粒,1798,,,10/6〜10/11,
8540022,サンドラッグ 諫早幸町店,ドラッグ・コスメ,ビオレ マシュマロホイップ 詰替,130ml,348,,,10/6〜10/11,
8540022,サンドラッグ 諫早幸町店,ドラッグ・コスメ,ケシミン 浸透化粧水 しっとり 詰替,140ml,657,,,10/6〜10/11,
8540022,サンドラッグ 諫早幸町店,ドラッグ・コスメ,ニベアクリーム 大缶・アトリックス ハンドクリーム 大缶,1個,478,,,10/6〜10/11,
8540022,サンドラッグ 諫早幸町店,ドラッグ・コスメ,ユースキン,120g+12g,979,,,10/6〜10/11,
8540022,サンドラッグ 諫早幸町店,ドラッグ・コスメ,ビオレ スキンケア洗顔料,130g,305,,,10/6〜10/11,お一人様2点まで
8540022,サンドラッグ 諫早幸町店,ドラッグ・コスメ,ダヴ クリーミー泡洗顔料 詰替,125ml,388,,,10/6〜10/11,
8540022,サンドラッグ 諫早幸町店,ドラッグ・コスメ,ケシミンクリーム,30g,1097,,,10/6〜10/11,
8540022,ヤマダデンキ テックランド諫早店,家電,ヤマダセレクト アルカリ乾電池 単3・単4,12本/8本など各,418,,,10/10〜10/16,会員価格
8540022,ヤマダデンキ テックランド諫早店,家電,バーベイタム LED電球 60形相当,1個,418,,,10/10〜10/16,
8540022,ヤマダデンキ テックランド諫早店,家電,Yselect LEDシーリングライト 6畳 調光12段階,1台,3278,,,10/10〜10/16,YLLS06EN
8540022,ヤマダデンキ テックランド諫早店,家電,オムロン 音波式電動歯ブラシ HTB3170,1台,5478,,,10/10〜10/16,DX価格
8540022,ヤマダデンキ テックランド諫早店,家電,ブラウン シェーバー 9350CCV,1台,29480,,,10/10〜10/16,
8540022,ヤマダデンキ テックランド諫早店,家電,Yselect オーブントースター YTV10P,1台,2728,,,10/10〜10/16,
8540022,ヤマダデンキ テックランド諫早店,家電,Yselect グリル鍋 YHPN10F1,1台,3278,,,10/10〜10/16,
8540022,ヤマダデンキ テックランド諫早店,家電,ティファール 電気ケトル 1.2L,1台,6578,,,10/10〜10/16,DX価格
8540022,ヤマダデンキ テックランド諫早店,日用品,イワタニ カセットボンベ,4本パック,877,,,10/10〜10/16,
8540022,ヤマダデンキ テックランド諫早店,家電,イワタニ スモークレス焼肉グリル CBSLG3,1台,7678,,,10/10〜10/16,DX価格
8540022,ヤマダデンキ テックランド諫早店,家電,パナソニック 電気敷毛布 DBU13T,1台,6578,,,10/10〜10/16,DX価格・新製品
8540022,ヤマダデンキ テックランド諫早店,家電,アイリスオーヤマ セラミックヒーター KCHLW121,1台,9878,,,10/10〜10/16,DX価格
8540022,ヤマダデンキ テックランド諫早店,家電,タイガー マイコン炊飯ジャー 5.5合 JBHG102,1台,11880,,,10/10〜10/16,DX価格
8540022,ヤマダデンキ テックランド諫早店,家電,象印 IH炊飯ジャー 5.5合 NWVT10,1台,26180,,,10/10〜10/16,
8540022,ヤマダデンキ テックランド諫早店,家電,アイリスオーヤマ 電子レンジ KMBP186W,1台,12980,,,10/10〜10/16,DX価格
8540022,ヤマダデンキ テックランド諫早店,家電,日立 過熱水蒸気オーブンレンジ MROS23YC,1台,32780,,,10/10〜10/16,
8540022,マックスバリュ 諫早中央店,食品,さつまいも(マックスバリュ),1本・Lサイズ,106,,,10/8〜10/12,本体98円(税込105.84円); 木よう市 / 同じチラシ: 諫早西部台店・溝陸店・長崎インター店
8540022,マックスバリュ 諫早中央店,食品,なす(マックスバリュ),1本・Lサイズ,73,,,10/8〜10/12,本体68円(税込73.44円); 木よう市 / 同じチラシ: 諫早西部台店・溝陸店・長崎インター店
8540022,マックスバリュ 諫早中央店,食品,にんじん(マックスバリュ),1本,52,,,10/8〜10/12,本体48円(税込51.84円); 木よう市 / 同じチラシ: 諫早西部台店・溝陸店・長崎インター店
8540022,マックスバリュ 諫早中央店,食品,たまねぎ(マックスバリュ),1個・Lサイズ,52,,,10/8〜10/12,本体48円(税込51.84円); 木よう市 / 同じチラシ: 諫早西部台店・溝陸店・長崎インター店
8540022,マックスバリュ 諫早中央店,食品,じゃがいも(マックスバリュ),1個・Lサイズ,52,,,10/8〜10/12,本体48円(税込51.84円); 木よう市 / 同じチラシ: 諫早西部台店・溝陸店・長崎インター店
8540022,マックスバリュ 諫早中央店,食品,梨(マックスバリュ),1個,322,,,10/8〜10/12,本体298円(税込321.84円); 木よう市 / 同じチラシ: 諫早西部台店・溝陸店・長崎インター店
8540022,マックスバリュ 諫早中央店,食品,白ねぎ(マックスバリュ),1本,106,,,10/8〜10/12,本体98円(税込105.84円); 木よう市 / 同じチラシ: 諫早西部台店・溝陸店・長崎インター店
8540022,マックスバリュ 諫早中央店,食品,まいたけ(マックスバリュ),1パック,95,,,10/8〜10/12,本体88円(税込95.04円); 木よう市 / 同じチラシ: 諫早西部台店・溝陸店・長崎インター店
8540022,マックスバリュ 諫早中央店,食品,サンゴールドキウイ,1個,138,,,10/8〜10/12,本体128円(税込138.24円); 木よう市 / 同じチラシ: 諫早西部台店・溝陸店・長崎インター店
8540022,マックスバリュ 諫早中央店,食品,グレープフルーツ(ホワイト),1個,106,,,10/8〜10/12,本体98円(税込105.84円); 木よう市 / 同じチラシ: 諫早西部台店・溝陸店・長崎インター店
8540022,マックスバリュ 諫早中央店,食品,アルゼンチン産 有頭赤えび(解凍),1尾,95,,,10/8〜10/12,本体88円(税込95.04円); 木よう市 / 同じチラシ: 諫早西部台店・溝陸店・長崎インター店
8540022,マックスバリュ 諫早中央店,食品,塩さんま・骨取り白身魚・塩さば・塩鮭切身 よりどり,各1パック,160,,,10/8〜10/12,本体148円(税込159.84円); 木よう市 / 同じチラシ: 諫早西部台店・溝陸店・長崎インター店
8540022,マックスバリュ 諫早中央店,食品,ヤマザキ ルヴァンバターロール・ホワイトデニッシュショコラ等 パン,各1袋,106,,,10/8〜10/12,本体98円(税込105.84円); 木よう市 本体98円均一 / 同じチラシ: 諫早西部台店・溝陸店・長崎インター店
8540022,マックスバリュ 諫早中央店,食品,惣菜バイキング(牛肉入りコロッケ・アジフライ等),各1個,106,,,10/8〜10/12,本体98円(税込105.84円); 価値ある98円均一 / 同じチラシ: 諫早西部台店・溝陸店・長崎インター店
8540022,マックスバリュ 諫早中央店,食品,若どりもも味付チキンステーキ用(解凍),1枚,106,,,10/8〜10/12,本体98円(税込105.84円); 98円均一 / 同じチラシ: 諫早西部台店・溝陸店・長崎インター店
8540022,マックスバリュ 諫早中央店,食品,ビーフメンチカツ,1個,106,,,10/8〜10/12,本体98円(税込105.84円); 98円均一 / 同じチラシ: 諫早西部台店・溝陸店・長崎インター店
8540022,マックスバリュ 諫早中央店,食品,プチハッシュドポテト,100g,106,,,10/8〜10/12,本体98円(税込105.84円); 98円均一 / 同じチラシ: 諫早西部台店・溝陸店・長崎インター店
8540022,マックスバリュ 諫早中央店,食品,雪印メグミルク のむヨーグルト,190g,106,,,10/8〜10/12,本体98円(税込105.84円); 98円均一 / 同じチラシ: 諫早西部台店・溝陸店・長崎インター店
8540022,マックスバリュ 諫早中央店,食品,プリマハム タコさんウインナー,72g,106,,,10/8〜10/12,本体98円(税込105.84円); 98円均一 / 同じチラシ: 諫早西部台店・溝陸店・長崎インター店
8540022,マックスバリュ 諫早中央店,食品,雪印メグミルク ベビーチーズ,4個,106,,,10/8〜10/12,本体98円(税込105.84円); 98円均一 / 同じチラシ: 諫早西部台店・溝陸店・長崎インター店
8540022,マックスバリュ 諫早中央店,食品,やまみ 国産大豆 濃厚一豆(豆腐),90g×4,106,,,10/8〜10/12,本体98円(税込105.84円); 98円均一 / 同じチラシ: 諫早西部台店・溝陸店・長崎インター店
8540022,マックスバリュ 諫早中央店,食品,タカノフーズ 糸の力(納豆),40g×3,106,,,10/8〜10/12,本体98円(税込105.84円); 98円均一 / 同じチラシ: 諫早西部台店・溝陸店・長崎インター店
8540022,マックスバリュ 諫早中央店,食品,森永 チョコモナカ(トリプルチョコ・いちご),各1個,106,,,10/8〜10/12,本体98円(税込105.84円); 98円均一 / 同じチラシ: 諫早西部台店・溝陸店・長崎インター店
8540022,マックスバリュ 諫早中央店,食品,ミツカン ぎょうざのたれ・ほんてり・料理酒,各1本,106,,,10/8〜10/12,本体98円(税込105.84円); 98円均一 / 同じチラシ: 諫早西部台店・溝陸店・長崎インター店
8540022,マックスバリュ 諫早中央店,食品,マルタイ 長崎皿うどん,各1袋,106,,,10/8〜10/12,本体98円(税込105.84円); 98円均一 / 同じチラシ: 諫早西部台店・溝陸店・長崎インター店
8540022,マックスバリュ 諫早中央店,食品,味の素 コンソメ顆粒(マックスバリュ),50g,106,,,10/8〜10/12,本体98円(税込105.84円); 98円均一 / 同じチラシ: 諫早西部台店・溝陸店・長崎インター店
8540022,マックスバリュ 諫早中央店,食品,森永 ポテロング,各1箱,106,,,10/8〜10/12,本体98円(税込105.84円); 98円均一 / 同じチラシ: 諫早西部台店・溝陸店・長崎インター店
8540022,マックスバリュ 諫早中央店,食品,オーストラリア産 牛肉ばら切り落し,100g当り,214,,,10/8〜10/12,本体198円(税込213.84円); 本日のいちおし / 同じチラシ: 諫早西部台店・溝陸店・長崎インター店
8540022,マックスバリュ 諫早中央店,食品,かつおたたき 刺身用,100g当り,214,,,10/8〜10/12,本体198円(税込213.84円) / 同じチラシ: 諫早西部台店・溝陸店・長崎インター店
8540022,マックスバリュ 諫早中央店,食品,明治ブルガリアヨーグルトLB81,1個,95,,,10/8〜10/12,本体88円(税込95.04円); イオンアプリクーポン利用時 / 同じチラシ: 諫早西部台店・溝陸店・長崎インター店
8540022,マックスバリュ 諫早中央店,食品,羽根つき餃子(冷食),12個入,192,,,10/8〜10/12,本体178円(税込192.24円) / 同じチラシ: 諫早西部台店・溝陸店・長崎インター店
8540022,マックスバリュ 諫早中央店,食品,明星 一平ちゃん夜店の焼そば(マックスバリュ),各1個,149,,,10/8〜10/12,本体138円(税込149.04円) / 同じチラシ: 諫早西部台店・溝陸店・長崎インター店
8540022,マックスバリュ 諫早中央店,食品,UCC 職人の珈琲 ワンドリップコーヒー,各1袋,538,,,10/8〜10/12,本体498円(税込537.84円); アプリクーポン利用時 / 同じチラシ: 諫早西部台店・溝陸店・長崎インター店
8540022,マックスバリュ 諫早中央店,食品,ロースハム(マックスバリュ),40g,84,,,10/8〜10/12,本体78円(税込84.24円); 木よう市限定値下げ / 同じチラシ: 諫早西部台店・溝陸店・長崎インター店
8540022,マックスバリュ 諫早中央店,食品,カフェラテ(生乳50%使用),各1個,127,,,10/8〜10/12,本体118円(税込127.44円); 値下げ商品 / 同じチラシ: 諫早西部台店・溝陸店・長崎インター店
8540022,マックスバリュ 諫早中央店,食品,卓上味付けのり,10切80枚,343,,,10/8〜10/12,本体318円(税込343.44円) / 同じチラシ: 諫早西部台店・溝陸店・長崎インター店
8540022,マックスバリュ 諫早中央店,食品,焼肉のたれ(マックスバリュ),各1本,192,,,10/8〜10/12,本体178円(税込192.24円) / 同じチラシ: 諫早西部台店・溝陸店・長崎インター店
8540022,マックスバリュ 諫早中央店,食品,国産 豚肉ロースしゃぶしゃぶ用,100g当り,214,,,10/8〜10/12,本体198円(税込213.84円) / 同じチラシ: 諫早西部台店・溝陸店・長崎インター店
8540022,マックスバリュ 諫早中央店,食品,スペイン産 イベリコ豚ばらスライス(解凍),300g,626,,,10/8〜10/12,本体580円(税込626.4円) / 同じチラシ: 諫早西部台店・溝陸店・長崎インター店
8540022,マックスバリュ 諫早中央店,食品,ボイルいかスライス 生食用,100g当り,214,,,10/8〜10/12,本体198円(税込213.84円) / 同じチラシ: 諫早西部台店・溝陸店・長崎インター店
8540022,マックスバリュ 諫早中央店,食品,ボイルベビーほたて貝 生食用,100g当り,354,,,10/8〜10/12,本体328円(税込354.24円) / 同じチラシ: 諫早西部台店・溝陸店・長崎インター店
8540022,マックスバリュ 諫早中央店,食品,ごはんがおいしい旨キムチ,80g×2,160,,,10/8〜10/12,本体148円(税込159.84円) / 同じチラシ: 諫早西部台店・溝陸店・長崎インター店
8540022,マックスバリュ 諫早中央店,食品,伊藤園 毎日1杯の青汁,1箱,225,,,10/8〜10/12,本体208円(税込224.64円); アプリクーポン利用時 / 同じチラシ: 諫早西部台店・溝陸店・長崎インター店
8540022,マックスバリュ 諫早中央店,食品,黒豚もも・かた味付焼肉用(解凍),340g,540,,,10/8〜10/12,本体500円(税込540円) / 同じチラシ: 諫早西部台店・溝陸店・長崎インター店
8540022,マックスバリュ 諫早中央店,食品,ブラジル産 若どりもも肉(解凍品),100g当り,95,,,10/8〜10/12,本体88円(税込95.04円) / 同じチラシ: 諫早西部台店・溝陸店・長崎インター店
8540022,マックスバリュ 諫早中央店,食品,中国産 うなぎ蒲焼,1尾,950,,,10/8〜10/12,本体880円(税込950.4円) / 同じチラシ: 諫早西部台店・溝陸店・長崎インター店
8540022,マックスバリュ 諫早中央店,食品,蔵出し辛子明太子(切子),90g,322,,,10/8〜10/12,本体298円(税込321.84円) / 同じチラシ: 諫早西部台店・溝陸店・長崎インター店
8540022,マックスバリュ 諫早中央店,食品,エバラ すき焼のたれマイルド(マックスバリュ),500ml,257,,,10/8〜10/12,本体238円(税込257.04円) / 同じチラシ: 諫早西部台店・溝陸店・長崎インター店
8540022,マックスバリュ 諫早中央店,食品,アサヒ 三ツ矢サイダー,1500ml,160,,,10/8〜10/12,本体148円(税込159.84円); お一人様1本限り / 同じチラシ: 諫早西部台店・溝陸店・長崎インター店
8540022,マックスバリュ 諫早中央店,食品,牛肉プルコギ味付焼肉用(解凍),100g当り,171,,,10/8〜10/12,本体158円(税込170.64円) / 同じチラシ: 諫早西部台店・溝陸店・長崎インター店
8540022,マックスバリュ 諫早中央店,食品,鶏ささみ大葉チーズロールカツ,1パック,387,,,10/8〜10/12,本体358円(税込386.64円) / 同じチラシ: 諫早西部台店・溝陸店・長崎インター店
8540022,マックスバリュ 諫早中央店,食品,大学芋(九州産はちみつ・紅はるか使用),1パック,214,,,10/8〜10/12,本体198円(税込213.84円) / 同じチラシ: 諫早西部台店・溝陸店・長崎インター店
8540022,マックスバリュ 諫早中央店,食品,酢鶏弁当,1パック,387,,,10/8〜10/12,本体358円(税込386.64円); 10時から / 同じチラシ: 諫早西部台店・溝陸店・長崎インター店
8540022,マックスバリュ 諫早中央店,食品,ミツカン 追いがつおつゆ2倍,500ml,203,,,10/8〜10/12,本体188円(税込203.04円) / 同じチラシ: 諫早西部台店・溝陸店・長崎インター店
8540022,マックスバリュ 諫早中央店,食品,浦島海苔 おかず海苔,6切5枚×6袋,214,,,10/8〜10/12,本体198円(税込213.84円) / 同じチラシ: 諫早西部台店・溝陸店・長崎インター店
8540022,マックスバリュ 諫早中央店,食品,カルビー クリスプ,各1袋,84,,,10/8〜10/12,本体78円(税込84.24円) / 同じチラシ: 諫早西部台店・溝陸店・長崎インター店
8540022,マックスバリュ 諫早中央店,食品,ブルボン アルフォート ファミリーサイズ等,各1袋,257,,,10/8〜10/12,本体238円(税込257.04円) / 同じチラシ: 諫早西部台店・溝陸店・長崎インター店
8540022,マックスバリュ 諫早中央店,食品,あらびきポークステーキ,100g当り,127,,,10/8〜10/12,本体118円(税込127.44円); 4時の市(夕方4時から) / 同じチラシ: 諫早西部台店・溝陸店・長崎インター店
8540022,マックスバリュ 諫早中央店,食品,おつまみ燻製チーズ揚げ,100g当り,289,,,10/8〜10/12,本体268円(税込289.44円); 4時の市 / 同じチラシ: 諫早西部台店・溝陸店・長崎インター店
8540022,マックスバリュ 諫早中央店,食品,ロイヤルカスタードプリン,105g,192,,,10/8〜10/12,本体178円(税込192.24円); 4時の市 / 同じチラシ: 諫早西部台店・溝陸店・長崎インター店
8540022,はるやま 諫早店,アパレル,ネクタイ・ベルト・アンダー,1点,1089,,,10/10〜10/16,〜(店舗改装セール)
8540022,はるやま 諫早店,アパレル,ワイシャツ(半袖・長袖),1枚,1639,,,10/10〜10/16,〜
8540022,はるやま 諫早店,アパレル,レディス ブラウス・カットソー,1枚,2189,,,10/10〜10/16,〜
8540022,はるやま 諫早店,アパレル,メンズスーツ,1着,9900,,,10/10〜10/16,〜
8540022,はるやま 諫早店,アパレル,メンズジャケット,1着,8690,,,10/10〜10/16,〜
8540022,はるやま 諫早店,アパレル,レディススカート,1枚,3190,,,10/10〜10/16,〜
8540022,はるやま 諫早店,アパレル,レディスパンツ,1本,4290,,,10/10〜10/16,〜
8540022,はるやま 諫早店,アパレル,レディスジャケット,1着,6490,,,10/10〜10/16,〜
8540022,はるやま 諫早店,アパレル,レディススーツ,1着,9900,,,10/10〜10/16,〜
8540022,業務スーパー 諫早店,食品,エスビー 特製シチュー(クリーム・ビーフ)・特製ハヤシ,1箱,149,,,10/1〜10/31,税込は小数点以下切り捨て
8540022,業務スーパー 諫早店,食品,日清 チキンラーメン・出前一丁・日清焼そば(業務スーパー),各5食入,419,,,10/1〜10/31,税込は小数点以下切り捨て
8540022,業務スーパー 諫早店,食品,日清 あっさりおだしがおいしいどん兵衛,1個,116,,,10/1〜10/31,税込は小数点以下切り捨て
8540022,業務スーパー 諫早店,食品,AGF ブレンディスティック,各24本入,570,,,10/1〜10/31,税込は小数点以下切り捨て
8540022,業務スーパー 諫早店,食品,カルビー マイグラ,670g,527,,,10/1〜10/31,税込は小数点以下切り捨て
8540022,業務スーパー 諫早店,食品,日清製粉ウェルナ スパゲティ(冷凍),各300g,149,,,10/1〜10/31,税込は小数点以下切り捨て
8540022,業務スーパー 諫早店,食品,北海水産 シーフードミックス,300g,397,,,10/1〜10/31,税込は小数点以下切り捨て
8540022,業務スーパー 諫早店,食品,ムラカワ ブレンドチーズ,400g,494,,,10/1〜10/31,税込は小数点以下切り捨て
8540022,業務スーパー 諫早店,食品,丸大 ロースハム・ハーフベーコン,4パック,192,,,10/1〜10/31,税込は小数点以下切り捨て
8540022,業務スーパー 諫早店,食品,デルモンテ トマトケチャップ,760g,278,,,10/1〜10/31,税込は小数点以下切り捨て
8540022,業務スーパー 諫早店,食品,ニップン 薄力粉,1kg,170,,,10/1〜10/31,税込は小数点以下切り捨て
8540022,業務スーパー 諫早店,食品,ポムフード オムライス(冷凍),250g,203,,,10/1〜10/31,税込は小数点以下切り捨て
8540022,業務スーパー 諫早店,食品,料亭鍋のゆずぽん酢,360ml,213,,,10/1〜10/31,税込は小数点以下切り捨て
8540022,業務スーパー 諫早店,食品,日清オイリオ ヘルシーごま香油,600g,807,,,10/1〜10/31,税込は小数点以下切り捨て
8540022,業務スーパー 諫早店,食品,イカリ ウスター・とんかつ・お好み・焼そばソース,各500ml,181,,,10/1〜10/31,税込は小数点以下切り捨て
8540022,業務スーパー 諫早店,食品,カルビー ポテトチップス ザ厚切り,各55g,95,,,10/1〜10/31,税込は小数点以下切り捨て
8540022,業務スーパー 諫早店,食品,綾鷹・綾鷹 濃い緑茶,650ml,79,,,10/1〜10/31,税込は小数点以下切り捨て
8540022,業務スーパー 諫早店,食品,ジョージア 深み焙煎,950ml,105,,,10/1〜10/31,税込は小数点以下切り捨て
8540022,業務スーパー 諫早店,食品,明治 ブルガリアヨーグルト(業務スーパー),各70g×4,167,,,10/1〜10/31,税込は小数点以下切り捨て
8540022,業務スーパー 諫早店,食品,JUCOVIA 業務用スライスチーズ,15g×15枚,289,,,10/1〜10/31,税込は小数点以下切り捨て
8540022,業務スーパー 諫早店,食品,サラダスティック,10本入,84,,,10/1〜10/31,税込は小数点以下切り捨て
8540022,業務スーパー 諫早店,食品,味の素 コンソメ顆粒,50g,105,,,10/1〜10/31,税込は小数点以下切り捨て
8540022,業務スーパー 諫早店,食品,マルコメ プロ用だし入りみそ,950g,257,,,10/1〜10/31,税込は小数点以下切り捨て
8540022,業務スーパー 諫早店,食品,ヤマキ 割烹白だし,1L,408,,,10/1〜10/31,税込は小数点以下切り捨て
8540022,業務スーパー 諫早店,食品,マロニー,1袋,516,,,10/1〜10/31,税込は小数点以下切り捨て
8540022,業務スーパー 諫早店,食品,特盛ごはん,300g×3P,527,,,10/1〜10/31,税込は小数点以下切り捨て
8540022,業務スーパー 諫早店,食品,プリマハム 香薫ウインナー,284g,375,,,10/1〜10/31,税込は小数点以下切り捨て
8540022,業務スーパー 諫早店,食品,TORIZEN ミートボール(冷凍),1kg,354,,,10/1〜10/31,税込は小数点以下切り捨て
8540022,業務スーパー 諫早店,食品,焼上ハンバーグ,8個,408,,,10/1〜10/31,税込は小数点以下切り捨て
8540022,業務スーパー 諫早店,食品,定塩銀鮭切身(冷凍),250g,624,,,10/1〜10/31,税込は小数点以下切り捨て
8540022,業務スーパー 諫早店,食品,国産 豚切り落とし(冷凍),500g,635,,,10/1〜10/31,税込は小数点以下切り捨て
8540022,業務スーパー 諫早店,日用品,使い捨てマスク,50枚,213,,,10/1〜10/31,税込は小数点以下切り捨て
8540022,HIヒロセ スーパーコンボ諫早BP店,食品,森永乳業 ビヒダスヨーグルト(プレーン・脂肪0),各400g,170,,,10/8〜10/14,本体158円; 挑安 生活応援価格
8540022,HIヒロセ スーパーコンボ諫早BP店,食品,パッカルゴールド(乳酸菌飲料),65ml×7,127,,,10/8〜10/14,本体118円
8540022,HIヒロセ スーパーコンボ諫早BP店,食品,明治 ザバス ミルクプロテイン(脂肪0),各200ml,149,,,10/8〜10/14,本体138円
8540022,HIヒロセ スーパーコンボ諫早BP店,食品,三角カステラ風蒸しケーキ・三角黒糖くるみ蒸しぱん,各1個,116,,,10/8〜10/14,本体108円
8540022,HIヒロセ スーパーコンボ諫早BP店,食品,フジパン スナックサンド(HIヒロセ),各2個入,116,,,10/8〜10/14,本体108円
8540022,HIヒロセ スーパーコンボ諫早BP店,食品,ヤマザキ 大きなエクレア・大きなツインシュー,各1個,106,,,10/8〜10/14,本体99円
8540022,HIヒロセ スーパーコンボ諫早BP店,食品,日清 もちっと生パスタ(冷凍),各1人前,213,,,10/8〜10/14,本体198円
8540022,HIヒロセ スーパーコンボ諫早BP店,食品,特から(冷凍唐揚げ),各380g,462,,,10/8〜10/14,本体428円
8540022,HIヒロセ スーパーコンボ諫早BP店,食品,味の素 ピュアセレクト コクうま65%,360g,213,,,10/8〜10/14,本体198円
8540022,HIヒロセ スーパーコンボ諫早BP店,食品,サンヨー食品 サッポロ一番 みそラーメン等(5食),各5食入,429,,,10/8〜10/14,本体398円
8540022,HIヒロセ スーパーコンボ諫早BP店,食品,サンポー 具タップリラーメン(カップ),各1個,105,,,10/8〜10/14,本体98円
8540022,HIヒロセ スーパーコンボ諫早BP店,食品,日本海水 おかず海苔(ヒロセ),6切5枚×6袋,213,,,10/8〜10/14,本体198円
8540022,HIヒロセ スーパーコンボ諫早BP店,食品,デルモンテ トマトケチャップ For Daily,760g,267,,,10/8〜10/14,本体248円
8540022,HIヒロセ スーパーコンボ諫早BP店,食品,グリコ プリッツ(旨サラダ・トマト),各1箱,95,,,10/8〜10/14,本体88円
8540022,HIヒロセ スーパーコンボ諫早BP店,食品,ヤマザキビスケット ピコラ,各1箱,95,,,10/8〜10/14,本体88円
8540022,HIヒロセ スーパーコンボ諫早BP店,食品,ブルボン シルベーヌ,6個,224,,,10/8〜10/14,本体208円
8540022,HIヒロセ スーパーコンボ諫早BP店,食品,伊藤園 おーいお茶(2L),各2L,170,,,10/8〜10/14,本体158円
8540022,HIヒロセ スーパーコンボ諫早BP店,食品,キリン 午後の紅茶(500ml),各500ml,95,,,10/8〜10/14,本体88円
8540022,HIヒロセ スーパーコンボ諫早BP店,食品,オーストラリア産 牛バラカルビ焼肉用味付き(解凍),800g入,1080,,,10/8〜10/14,本体1000円; まとめ買いがお買い得
8540022,HIヒロセ スーパーコンボ諫早BP店,食品,メキシコ産 豚バラ焼肉用味付き(解凍),1000g入,1080,,,10/8〜10/14,本体1000円; まとめ買いがお買い得
8540022,HIヒロセ スーパーコンボ諫早BP店,食品,若鶏砂肝スタミナ焼肉用味付(解凍),1000g入,1080,,,10/8〜10/14,本体1000円
8540022,HIヒロセ スーパーコンボ諫早BP店,食品,豚ハラミ(内臓肉)味噌焼肉用味付(解凍),1000g入,1080,,,10/8〜10/14,本体1000円
8540022,HIヒロセ スーパーコンボ諫早BP店,食品,無頭えび(ヒロセ),1パック,1058,,,10/8〜10/14,本体980円
8540022,HIヒロセ スーパーコンボ諫早BP店,食品,塩銀鮭切身(ヒロセ),1パック,1058,,,10/8〜10/14,本体980円
8540022,HIヒロセ スーパーコンボ諫早BP店,食品,刺身盛合せ(ヒロセ),1パック,1058,,,10/8〜10/14,本体980円; 当店自慢
8540022,HIヒロセ スーパーコンボ諫早BP店,食品,にぎり寿司盛合せ(ヒロセ),1パック,1058,,,10/8〜10/14,本体980円; 当店自慢
8540022,HIヒロセ スーパーコンボ諫早BP店,食品,〆まで美味しい鍋つゆ(ごま豆乳・寄せ鍋等),各1袋,321,,,10/8〜10/14,本体298円; よりどり2個で540円
8540022,HIヒロセ スーパーコンボ諫早BP店,食品,カントリーマアム(バニラ&ココア)・ホームパイ,各1袋,321,,,10/8〜10/14,本体298円; よりどり2個で540円
8540022,HIヒロセ スーパーコンボ諫早BP店,食品,井村屋 BOXあずきバー,65ml×6,321,,,10/8〜10/14,本体298円; 2点で540円
8540022,HIヒロセ スーパーコンボ諫早BP店,食品,サク山チョコ次郎,1袋,300,,,10/8〜10/14,本体278円; 2点で540円
8540022,HIヒロセ スーパーコンボ諫早BP店,食品,テーブルマーク 讃岐麺一番 肉うどん(冷凍),340g,289,,,10/8〜10/14,本体268円; 2点で540円
8540022,HIヒロセ スーパーコンボ諫早BP店,食品,雪印メグミルク スライスチーズ・とろけるスライス,各7枚入,321,,,10/8〜10/14,本体298円; よりどり2個で540円
8540022,HIヒロセ スーパーコンボ諫早BP店,食品,ヤマザキ 生クリームロール(北海道産生クリーム使用),1本,321,,,10/8〜10/14,本体298円; 2個で540円
8540022,HIヒロセ スーパーコンボ諫早BP店,食品,三幸製菓 三幸のかっぱえびせんおつまみ7種アソート,1袋,321,,,10/8〜10/14,本体298円; 2個で540円
8540022,HIヒロセ スーパーコンボ諫早BP店,食品,サントリー 伊右衛門(濃い味等),各600ml×24,1944,,,10/8〜10/14,本体1800円
8540022,HIヒロセ スーパーコンボ諫早BP店,食品,北海道産他 新物生サンマ,1尾,270,,,10/8〜10/14,本体250円
8540022,HIヒロセ スーパーコンボ諫早BP店,食品,旬の柿(ヒロセ),1玉,105,,,10/8〜10/14,本体98円; 100玉限り
8540022,HIヒロセ スーパーコンボ諫早BP店,食品,ヤマザキ 濃みつ紅はるかのいもパイ・アップルパイ,各1個,116,,,10/8〜10/14,本体108円
8540022,HIヒロセ スーパーコンボ諫早BP店,食品,アイリス 低温製法米のおいしいごはん,165g×8,862,,,10/8〜10/14,本体798円
8540022,HIヒロセ スーパーコンボ諫早BP店,食品,カルビー ポテトチップス ザ厚切り(HIヒロセ),各55g,95,,,10/8〜10/14,本体88円
8540022,HIヒロセ スーパーコンボ諫早BP店,食品,ニッスイ 大きな大きな焼きおにぎり(ヒロセ),450g,484,,,10/8〜10/14,本体448円
8540022,HIヒロセ スーパーコンボ諫早BP店,食品,国産 若鶏モモ肉(ヒロセ),100g当り,127,,,10/8〜10/14,本体118円; 朝9時タイムサービス・20パック限り
8540022,HIヒロセ スーパーコンボ諫早BP店,食品,CGC 牛乳,1000ml,213,,,10/8〜10/14,本体198円; 夕方5時タイムサービス・50本限り
8540022,HIヒロセ スーパーコンボ諫早BP店,食品,サントリー MEGA NOPE ギルティ炭酸,1500ml,181,,,10/8〜10/14,本体168円; 夕方5時タイムサービス・30本限り
8540022,トライアル 諫早店,ドラッグ・コスメ,コーセーコスメポート ジュレーム 大容量詰替 各種(トライアル 諫早店),680ml,877,,,10/1〜10/31,本体798円。月間チラシ(ヘルス&ビューティー/生活消耗 今月のおすすめ品)
8540022,トライアル 諫早店,ドラッグ・コスメ,ヘンケル サイオス オレオクリーム 各種(トライアル 諫早店),50g+50g,877,,,10/1〜10/31,本体798円。月間チラシ(ヘルス&ビューティー/生活消耗 今月のおすすめ品)
8540022,トライアル 諫早店,ドラッグ・コスメ,アドリックス ビューティーチャージ 各種(トライアル 諫早店),80g,470,,,10/1〜10/31,本体428円。月間チラシ(ヘルス&ビューティー/生活消耗 今月のおすすめ品)
8540022,トライアル 諫早店,日用品,ライオン NANOX one ウルトラジャンボ詰替 洗浄プラス・ニオイ専用(トライアル 諫早店),"1,530g",1518,,,10/1〜10/31,"本体1,380円。月間チラシ(ヘルス&ビューティー/生活消耗 今月のおすすめ品)"
8540022,トライアル 諫早店,日用品,ライオン NANOX one ウルトラジャンボ詰替 Pro(トライアル 諫早店),"1,400g",1628,,,10/1〜10/31,"本体1,480円。月間チラシ(ヘルス&ビューティー/生活消耗 今月のおすすめ品)"
8540022,トライアル 諫早店,日用品,P&G レノアハピネス ミスト本体 各種(トライアル 諫早店),370ml,382,,,10/1〜10/31,本体348円。月間チラシ(ヘルス&ビューティー/生活消耗 今月のおすすめ品)
8540022,トライアル 諫早店,日用品,ファブリックミスト KOGANE FUWARI(トライアル 諫早店),370ml,547,,,10/1〜10/31,本体498円。数量限定。月間チラシ(ヘルス&ビューティー/生活消耗 今月のおすすめ品)
8540022,トライアル 諫早店,日用品,衣料洗剤 KOGANE FUWARI(トライアル 諫早店),"1,200g",437,,,10/1〜10/31,本体398円。数量限定。月間チラシ(ヘルス&ビューティー/生活消耗 今月のおすすめ品)
8540022,トライアル 諫早店,日用品,トイレ用消臭芳香剤・室内用置き型芳香剤 こがねふわり(トライアル 諫早店),各400ml,217,,,10/1〜10/31,本体198円。数量限定。月間チラシ(ヘルス&ビューティー/生活消耗 今月のおすすめ品)
8540022,トライアル 諫早店,日用品,リードディフューザー こがねふわり(トライアル 諫早店),90ml,550,,,10/1〜10/31,本体500円。数量限定。月間チラシ(ヘルス&ビューティー/生活消耗 今月のおすすめ品)
8540022,トライアル 諫早店,日用品,秋の香りフレグランスゲル アソートセット(トライアル 諫早店),60g×2,440,,,10/1〜10/31,本体400円。数量限定。月間チラシ(ヘルス&ビューティー/生活消耗 今月のおすすめ品)
8540022,トライアル 諫早店,日用品,トライアル フリーザーバッグ 各種(トライアル 諫早店),1個,217,,,10/1〜10/31,本体198円。月間チラシ(ヘルス&ビューティー/生活消耗 今月のおすすめ品)
8540022,トライアル 諫早店,日用品,TRB 2倍巻きパルプトイレット(50m12RW・100m12RS)(トライアル 諫早店),12ロール,657,,,10/1〜10/31,本体598円。月間チラシ(ヘルス&ビューティー/生活消耗 今月のおすすめ品)
8540022,トライアル 諫早店,日用品,TRB ソフトパックティッシュ 10パック(トライアル 諫早店),150組×10,360,,,10/1〜10/31,本体328円。月間チラシ(ヘルス&ビューティー/生活消耗 今月のおすすめ品)
8540022,トライアル 諫早店,日用品,TRB ソフトパックティッシュ 5パック(トライアル 諫早店),150組×5,184,,,10/1〜10/31,本体168円。月間チラシ(ヘルス&ビューティー/生活消耗 今月のおすすめ品)
8540022,トライアル 諫早店,日用品,ムーニーマシュマロ肌ごこち・モレ安心・ムーニーマン 各種(トライアル 諫早店),1パック,1515,,,10/1〜10/31,"本体1,378円。ユニ・チャーム。月間チラシ(ヘルス&ビューティー/生活消耗 今月のおすすめ品)"
8540022,トライアル 諫早店,ドラッグ・コスメ,オフテクス クリアデュー ハイドロワンステップ(トライアル 諫早店),28錠,1427,,,10/1〜10/31,"本体1,298円。月間チラシ(ヘルス&ビューティー/生活消耗 今月のおすすめ品)"
8540022,トライアル 諫早店,ドラッグ・コスメ,小林製薬 サラサーティコットン100 各種(トライアル 諫早店),112枚,547,,,10/1〜10/31,本体498円。月間チラシ(ヘルス&ビューティー/生活消耗 今月のおすすめ品)
8540022,ダイレックス 西諫早店,食品,ノルウェー産 赤魚フィーレ(解凍)(西諫早店),1パック,410,,,10/8〜10/11,本体380円 / 同じチラシ: 諫早幸町店・東諫早店
8540022,ダイレックス 西諫早店,食品,刺身盛合せ(3品盛)(ダイレックス)(西諫早店),1パック,518,,,10/8〜10/11,本体480円 / 同じチラシ: 諫早幸町店・東諫早店
8540022,ダイレックス 西諫早店,食品,お魚屋さんの握り盛合せ(8貫)(西諫早店),1パック,518,,,10/8〜10/11,本体480円 / 同じチラシ: 諫早幸町店・東諫早店
8540022,ダイレックス 西諫早店,食品,お魚屋さんの握り盛合せ(12貫)(西諫早店),1パック,810,,,10/8〜10/11,本体750円 / 同じチラシ: 諫早幸町店・東諫早店
8540022,ダイレックス 西諫早店,食品,長崎県産 活真鯛刺身用ブロック(養殖)(西諫早店),100g当り,537,,,10/8〜10/11,本体498円 / 同じチラシ: 諫早幸町店・東諫早店
8540022,ダイレックス 西諫早店,食品,アメリカ産 スケソウダラ切身(解凍)(西諫早店),100g当り,138,,,10/8〜10/11,本体128円 / 同じチラシ: 諫早幸町店・東諫早店
8540022,ダイレックス 西諫早店,食品,刺身盛合せ(5品盛)(ダイレックス)(西諫早店),1パック,734,,,10/8〜10/11,本体680円; 2日間限り / 同じチラシ: 諫早幸町店・東諫早店
8540022,ダイレックス 西諫早店,食品,お魚屋さんの握り盛合せ(16貫)(西諫早店),1パック,950,,,10/8〜10/11,本体880円; 2日間限り / 同じチラシ: 諫早幸町店・東諫早店
8540022,ダイレックス 西諫早店,食品,チリ産 銀鮭切身(養殖・解凍)(西諫早店),100g当り,257,,,10/8〜10/11,本体238円; 2日間限り / 同じチラシ: 諫早幸町店・東諫早店
8540022,ダイレックス 西諫早店,食品,シューストリングポテト(ダイレックス)(西諫早店),100g当り,108,,,10/8〜10/11,本体100円 / 同じチラシ: 諫早幸町店・東諫早店
8540022,ダイレックス 西諫早店,食品,6種具材の海老天丼(西諫早店),1パック,408,,,10/8〜10/11,本体378円 / 同じチラシ: 諫早幸町店・東諫早店
8540022,ダイレックス 西諫早店,食品,昔ながらのおやつコロッケ(西諫早店),4個入・1パック,181,,,10/8〜10/11,本体168円 / 同じチラシ: 諫早幸町店・東諫早店
8540022,ダイレックス 西諫早店,食品,まごころ特のり弁(西諫早店),1パック,408,,,10/8〜10/11,本体378円 / 同じチラシ: 諫早幸町店・東諫早店
8540022,ダイレックス 西諫早店,食品,たこ焼き(ダイレックス)(西諫早店),12個入・1パック,537,,,10/8〜10/11,本体498円; 2日間限り / 同じチラシ: 諫早幸町店・東諫早店
8540022,ダイレックス 西諫早店,食品,頑固唐揚げ(西諫早店),100g当り,192,,,10/8〜10/11,本体178円; 2日間限り / 同じチラシ: 諫早幸町店・東諫早店
8540022,ダイレックス 西諫早店,食品,福岡県産 柿(西諫早店),1袋,429,,,10/8〜10/11,本体398円 / 同じチラシ: 諫早幸町店・東諫早店
8540022,ダイレックス 西諫早店,食品,群馬・熊本県産 キャベツ(西諫早店),1玉,213,,,10/8〜10/11,本体198円 / 同じチラシ: 諫早幸町店・東諫早店
8540022,ダイレックス 西諫早店,食品,長崎県産 生椎茸(西諫早店),1パック,105,,,10/8〜10/11,本体98円 / 同じチラシ: 諫早幸町店・東諫早店
8540022,ダイレックス 西諫早店,食品,長崎・熊本県産 梨(西諫早店),1パック,594,,,10/8〜10/11,本体550円 / 同じチラシ: 諫早幸町店・東諫早店
8540022,ダイレックス 西諫早店,食品,長崎県・北海道産 じゃが芋(西諫早店),1袋,213,,,10/8〜10/11,本体198円 / 同じチラシ: 諫早幸町店・東諫早店
8540022,ダイレックス 西諫早店,食品,長崎・熊本県産 トマト(西諫早店),1パック,270,,,10/8〜10/11,本体250円 / 同じチラシ: 諫早幸町店・東諫早店
8540022,ダイレックス 西諫早店,食品,長崎県産 極早生みかん(西諫早店),1袋,321,,,10/8〜10/11,本体298円 / 同じチラシ: 諫早幸町店・東諫早店
8540022,ダイレックス 西諫早店,食品,長崎・熊本県産 なす(西諫早店),1袋,213,,,10/8〜10/11,本体198円 / 同じチラシ: 諫早幸町店・東諫早店
8540022,ダイレックス 西諫早店,食品,青森県産 洗いごぼう(西諫早店),1袋,162,,,10/8〜10/11,本体150円 / 同じチラシ: 諫早幸町店・東諫早店
8540022,ダイレックス 西諫早店,食品,青森・長野県産 りんご(西諫早店),1玉,162,,,10/8〜10/11,本体150円 / 同じチラシ: 諫早幸町店・東諫早店
8540022,ダイレックス 西諫早店,食品,北海道産 玉ねぎ(西諫早店),1袋,213,,,10/8〜10/11,本体198円 / 同じチラシ: 諫早幸町店・東諫早店
8540022,ダイレックス 西諫早店,食品,群馬・熊本県産 きゅうり(西諫早店),1袋,213,,,10/8〜10/11,本体198円 / 同じチラシ: 諫早幸町店・東諫早店
8540022,ダイレックス 西諫早店,食品,国産 豚ロース生姜焼き用(西諫早店),100g当り,192,,,10/8〜10/11,本体178円 / 同じチラシ: 諫早幸町店・東諫早店
8540022,ダイレックス 西諫早店,食品,国産 若鶏手羽元(西諫早店),100g当り,62,,,10/8〜10/11,本体58円 / 同じチラシ: 諫早幸町店・東諫早店
8540022,ダイレックス 西諫早店,食品,国産 若鶏ムネ肉(味付け)(西諫早店),100g当り,95,,,10/8〜10/11,本体88円; フライパンで簡単調理 / 同じチラシ: 諫早幸町店・東諫早店
8540022,ダイレックス 西諫早店,食品,国産 牛モモうす切り(西諫早店),100g当り,537,,,10/8〜10/11,本体498円 / 同じチラシ: 諫早幸町店・東諫早店
8540022,ダイレックス 西諫早店,食品,国産 豚モモブロック(西諫早店),100g当り,138,,,10/8〜10/11,本体128円 / 同じチラシ: 諫早幸町店・東諫早店
8540022,ダイレックス 西諫早店,食品,国産 若鶏ササミ(味付け)(西諫早店),100g当り,105,,,10/8〜10/11,本体98円 / 同じチラシ: 諫早幸町店・東諫早店
8540022,ダイレックス 西諫早店,食品,国産 牛肩ロース焼肉用(西諫早店),100g当り,710,,,10/8〜10/11,本体658円 / 同じチラシ: 諫早幸町店・東諫早店
8540022,ダイレックス 西諫早店,食品,国産 豚バラ焼肉用(西諫早店),100g当り,224,,,10/8〜10/11,本体208円 / 同じチラシ: 諫早幸町店・東諫早店
8540022,ダイレックス 西諫早店,食品,国産 若鶏モモ肉(ダイレックス)(西諫早店),100g当り,127,,,10/8〜10/11,本体118円 / 同じチラシ: 諫早幸町店・東諫早店
8540022,ダイレックス 西諫早店,食品,オーストラリア産 牛小間切れ(西諫早店),100g当り,311,,,10/8〜10/11,本体288円 / 同じチラシ: 諫早幸町店・東諫早店
8540022,ダイレックス 西諫早店,食品,国産 若鶏ムネ肉(西諫早店),100g当り,73,,,10/8〜10/11,本体68円 / 同じチラシ: 諫早幸町店・東諫早店
8540022,ダイレックス 西諫早店,食品,アメリカ産 牛プルコギ(味付・解凍)(西諫早店),100g当り,170,,,10/8〜10/11,本体158円 / 同じチラシ: 諫早幸町店・東諫早店
8540022,しまむら 諫早西店,アパレル,しまむら Tシャツ各種(メンズ),1枚,330,,,10/7〜10/12,M〜LL / 同じチラシ: 森山店
8540022,しまむら 諫早西店,アパレル,しまむら ソックス各種(6足組),1組,330,,,10/7〜10/12,レディス・メンズ・キッズ / 同じチラシ: 森山店
8540022,しまむら 諫早西店,アパレル,しまむら ハイソックス(3足組),1組,330,,,10/7〜10/12,同じチラシ: 森山店
8540022,しまむら 諫早西店,アパレル,しまむら サンダル(レディス),1足,330,,,10/7〜10/12,同じチラシ: 森山店
8540022,しまむら 諫早西店,日用品,しまむら トイレ足元マット,1枚,330,,,10/7〜10/12,同じチラシ: 森山店
8540022,しまむら 諫早西店,アパレル,しまむら シャツ(レディス),1枚,550,,,10/7〜10/12,同じチラシ: 森山店
8540022,しまむら 諫早西店,アパレル,しまむら ブランドTシャツ各種(メンズ),1枚,550,,,10/7〜10/12,同じチラシ: 森山店
8540022,しまむら 諫早西店,アパレル,しまむら リラクシングパンツ,1本,550,,,10/7〜10/12,同じチラシ: 森山店
8540022,しまむら 諫早西店,アパレル,しまむら プルオーバー・ニットプルオーバー(レディス),1枚,550,,,10/7〜10/12,同じチラシ: 森山店
8540022,しまむら 諫早西店,アパレル,しまむら カップ付インナー,1枚,550,,,10/7〜10/12,同じチラシ: 森山店
8540022,しまむら 諫早西店,アパレル,しまむら キャラクタープルオーバー(キッズ),1枚,550,,,10/7〜10/12,同じチラシ: 森山店
8540022,しまむら 諫早西店,日用品,しまむら バスタオル・枕各種,1点,550,,,10/7〜10/12,同じチラシ: 森山店
8540022,しまむら 諫早西店,アパレル,しまむら デニムシャツ(レディス),1枚,770,,,10/7〜10/12,同じチラシ: 森山店
8540022,しまむら 諫早西店,アパレル,しまむら ワイドパンツ(レディス),1本,770,,,10/7〜10/12,同じチラシ: 森山店
8540022,しまむら 諫早西店,アパレル,しまむら ブランドプルオーバー・ブランドTシャツ,1枚,770,,,10/7〜10/12,同じチラシ: 森山店
8540022,しまむら 諫早西店,アパレル,しまむら パンツ(メンズ),1本,770,,,10/7〜10/12,同じチラシ: 森山店
8540022,しまむら 諫早西店,日用品,しまむら キッチンマット,1枚,770,,,10/7〜10/12,同じチラシ: 森山店
8540022,しまむら 諫早西店,アパレル,しまむら ジップパーカ,1枚,990,,,10/7〜10/12,同じチラシ: 森山店
8540022,しまむら 諫早西店,アパレル,しまむら キャラクター・ブランドパジャマ,1組,990,,,10/7〜10/12,同じチラシ: 森山店
8540022,しまむら 諫早西店,アパレル,しまむら ワンピース・キャラクターTシャツ・ショルダーバッグ,1点,770,,,10/7〜10/12,日替わり特価 お一人様2点まで / 同じチラシ: 森山店
8540022,しまむら 諫早西店,日用品,しまむら 敷きパッド各種,1枚,990,,,10/7〜10/12,日替わり特価 / 同じチラシ: 森山店
8540022,しまむら 諫早西店,アパレル,しまむら ブランドジャケット+パンツセット,1組,1650,,,10/7〜10/12,日替わり特価 / 同じチラシ: 森山店
8540022,しまむら 諫早西店,日用品,しまむら キッチンタオル・芳香剤・食品用ラップ,1点,110,,,10/7〜10/12,日替わり特価 / 同じチラシ: 森山店
8540022,しまむら 諫早西店,アパレル,しまむら インナー・スリッパ,1点,330,,,10/7〜10/12,日替わり特価 / 同じチラシ: 森山店
8540022,ユニクロ アクロスプラザ諫早店,アパレル,メリノウールカーディガン(WOMEN・MEN),1枚,2990,,,10/9〜10/15,特別価格 10/15まで
8540022,ユニクロ アクロスプラザ諫早店,アパレル,カシミヤクルーネックセーター,1枚,10900,,,10/9〜10/15,
8540022,ユニクロ アクロスプラザ諫早店,アパレル,メリノクルーネックセーター(WOMEN・MEN),1枚,3990,,,10/9〜10/15,
8540022,ユニクロ アクロスプラザ諫早店,アパレル,スムースコットンフルジップカーディガン,1枚,3990,,,10/9〜10/15,
8540022,ユニクロ アクロスプラザ諫早店,アパレル,UNIQLO:C クルーネックセーター,1枚,3990,,,10/9〜10/15,
8540022,ユニクロ アクロスプラザ諫早店,アパレル,ポロセーター,1枚,2990,,,10/9〜10/15,値下げ
8540022,ユニクロ アクロスプラザ諫早店,アパレル,バギーバレルレッグジーンズ・バギージーンズ,1本,3990,,,10/9〜10/15,特別価格 10/15まで
8540022,ユニクロ アクロスプラザ諫早店,アパレル,EZYジーンズ,1本,4990,,,10/9〜10/15,
8540022,ユニクロ アクロスプラザ諫早店,アパレル,スマートパンツ イージー,1本,3990,,,10/9〜10/15,
8540022,ユニクロ アクロスプラザ諫早店,アパレル,コーデュロイイージーアンクルパンツ,1本,2990,,,10/9〜10/15,値下げ
8540022,ユニクロ アクロスプラザ諫早店,アパレル,ジップアップショートジャケット,1着,3990,,,10/9〜10/15,特別価格 10/15まで
8540022,ユニクロ アクロスプラザ諫早店,アパレル,カバーオール,1着,4990,,,10/9〜10/15,値下げ
8540022,ユニクロ アクロスプラザ諫早店,アパレル,パフテックジャケット,1着,6990,,,10/9〜10/15,
8540022,ユニクロ アクロスプラザ諫早店,アパレル,ウィンドプルーフスタンドブルゾン,1着,5990,,,10/9〜10/15,
8540022,ユニクロ アクロスプラザ諫早店,アパレル,UNIQLO:C スウェットハーフジッププルオーバー,1枚,3990,,,10/9〜10/15,WOMEN
8540022,ユニクロ アクロスプラザ諫早店,アパレル,UNIQLO:C オーバーサイズスウェットシャツ,1枚,3990,,,10/9〜10/15,
8540022,ユニクロ アクロスプラザ諫早店,アパレル,UNIQLO:C オーバーサイズプルパーカ,1枚,3990,,,10/9〜10/15,
8540022,ユニクロ アクロスプラザ諫早店,アパレル,スウェットフルジップパーカ,1枚,3990,,,10/9〜10/15,特別価格 10/15まで
8540022,ユニクロ アクロスプラザ諫早店,アパレル,ハーフボタンプルオーバー,1枚,1990,,,10/9〜10/15,値下げ
8540022,ユニクロ アクロスプラザ諫早店,アパレル,UNIQLO:C スウェットパンツ(ストレート・ワイド),1本,2990,,,10/9〜10/15,特別価格 10/15まで
8540022,ユニクロ アクロスプラザ諫早店,アパレル,スウェットシャツ,1枚,3990,,,10/9〜10/15,
8540022,ドラッグストアモリ アクロスプラザ諫早店,食品,麻婆豆腐の素(アクロスプラザ諫早店),1箱,181,,,10/4〜10/10,毎日超特価
8540022,ドラッグストアモリ アクロスプラザ諫早店,食品,アサヒ 颯・ウィルキンソン各種(アクロスプラザ諫早店),620ml/500ml,79,,,10/4〜10/10,毎日超特価
8540022,ドラッグストアモリ アクロスプラザ諫早店,食品,焙煎ごま・和風しょうゆドレッシング(アクロスプラザ諫早店),380ml,322,,,10/4〜10/10,
8540022,ドラッグストアモリ アクロスプラザ諫早店,食品,鍋スープ各種(アクロスプラザ諫早店),720g,257,,,10/4〜10/10,
8540022,ドラッグストアモリ アクロスプラザ諫早店,食品,ハウス シチューミックス クリーム(アクロスプラザ諫早店),1箱,333,,,10/4〜10/10,
8540022,ドラッグストアモリ アクロスプラザ諫早店,食品,日清 チキンラーメン・出前一丁・日清焼そば(アクロスプラザ諫早店),各5食入,441,,,10/4〜10/10,ご家族様2点限り
8540022,ドラッグストアモリ アクロスプラザ諫早店,食品,ハウス 特選本香り 生わさび・からし(アクロスプラザ諫早店),1本,138,,,10/4〜10/10,
8540022,ドラッグストアモリ アクロスプラザ諫早店,食品,ミツカン プロが使う味 白だし(アクロスプラザ諫早店),500ml,289,,,10/4〜10/10,
8540022,ドラッグストアモリ アクロスプラザ諫早店,食品,大象ジャパン 宗家キムチ(アクロスプラザ諫早店),1個,299,,,10/4〜10/10,
8540022,ドラッグストアモリ アクロスプラザ諫早店,食品,丸大 チキンハンバーグ(アクロスプラザ諫早店),3個入,149,,,10/4〜10/10,
8540022,ドラッグストアモリ アクロスプラザ諫早店,食品,伊藤園 1日分の野菜・毎日1杯の青汁(アクロスプラザ諫早店),1本,95,,,10/4〜10/10,
8540022,ドラッグストアモリ アクロスプラザ諫早店,食品,丸大 燻製屋 熟成あらびきウインナー(アクロスプラザ諫早店),1袋,312,,,10/4〜10/10,
8540022,ドラッグストアモリ アクロスプラザ諫早店,食品,明治 ブルガリアヨーグルト(アクロスプラザ諫早店),各70g×4,181,,,10/4〜10/10,
8540022,ドラッグストアモリ アクロスプラザ諫早店,食品,雪印 さけるチーズ(アクロスプラザ諫早店),各種,199,,,10/4〜10/10,
8540022,ドラッグストアモリ アクロスプラザ諫早店,食品,天ぷら各種(アクロスプラザ諫早店),3枚入,95,,,10/4〜10/10,
8540022,ドラッグストアモリ アクロスプラザ諫早店,食品,ちゃんぽん・やきそばの具(アクロスプラザ諫早店),100g,127,,,10/4〜10/10,
8540022,ドラッグストアモリ アクロスプラザ諫早店,食品,フィッシュソーセージ(アクロスプラザ諫早店),1袋,225,,,10/4〜10/10,
8540022,ドラッグストアモリ アクロスプラザ諫早店,食品,大盛りスパゲティ(冷凍)(アクロスプラザ諫早店),1袋,203,,,10/4〜10/10,
8540022,ドラッグストアモリ アクロスプラザ諫早店,食品,ニップン オーマイプレミアム(冷凍)(アクロスプラザ諫早店),1袋,312,,,10/4〜10/10,
8540022,ドラッグストアモリ アクロスプラザ諫早店,食品,味の素 ギョーザ(冷凍)(アクロスプラザ諫早店),12個入,198,,,10/4〜10/10,
8540022,ドラッグストアモリ アクロスプラザ諫早店,食品,ヤマザキ 山型ソフト(アクロスプラザ諫早店),1斤,149,,,10/4〜10/10,
8540022,ドラッグストアモリ アクロスプラザ諫早店,食品,フジパン ネオレーズンバターロール・ネオ黒糖ロール(アクロスプラザ諫早店),1袋,192,,,10/4〜10/10,
8540022,ドラッグストアモリ アクロスプラザ諫早店,食品,フジパン スナックサンド(アクロスプラザ諫早店),1袋,129,,,10/4〜10/10,
8540022,ドラッグストアモリ アクロスプラザ諫早店,食品,あみポテ(アクロスプラザ諫早店),1袋,96,,,10/4〜10/10,
8540022,ドラッグストアモリ アクロスプラザ諫早店,食品,不二家 カントリーマアム(ドラッグストアモリ)(アクロスプラザ諫早店),1袋,246,,,10/4〜10/10,
8540022,ドラッグストアモリ アクロスプラザ諫早店,食品,カルビー フルグラ(アクロスプラザ諫早店),1袋,711,,,10/4〜10/10,ご家族様2点限り
8540022,ドラッグストアモリ アクロスプラザ諫早店,日用品,ワイドハイターEX(アクロスプラザ諫早店),1本,438,,,10/4〜10/10,
8540022,ドラッグストアモリ アクロスプラザ諫早店,日用品,カビキラー 本体+付替(アクロスプラザ諫早店),1組,268,,,10/4〜10/10,
8540022,ドラッグストアモリ アクロスプラザ諫早店,日用品,ムシューダ NOTE 1年間有効(アクロスプラザ諫早店),1個,878,,,10/4〜10/10,
8540022,ドラッグストアモリ アクロスプラザ諫早店,日用品,ドライペット スキット(アクロスプラザ諫早店),420ml×3,160,,,10/4〜10/10,
8540022,ドラッグストアモリ アクロスプラザ諫早店,日用品,マジカ(アクロスプラザ諫早店),1本,108,,,10/4〜10/10,
8540022,マルキョウ 久山台店,食品,エバラ プチっと鍋 各種(マルキョウ 久山台店),1袋,268,,,10/7〜10/13,大感謝祭 7日間の品 / 同じチラシ: 東長崎店
8540022,マルキョウ 久山台店,食品,味の素 鍋キューブ 各種(マルキョウ 久山台店),1袋,268,,,10/7〜10/13,大感謝祭 7日間の品 / 同じチラシ: 東長崎店
8540022,マルキョウ 久山台店,食品,白菜 1/4カット(長野県産)(マルキョウ 久山台店),1/4個,214,,,10/7〜10/13,大感謝祭 7日間の品 / 同じチラシ: 東長崎店
8540022,マルキョウ 久山台店,食品,水菜(福岡県産)(マルキョウ 久山台店),1袋,171,,,10/7〜10/13,大感謝祭 7日間の品 / 同じチラシ: 東長崎店
8540022,マルキョウ 久山台店,食品,白ネギ(北海道産他)(マルキョウ 久山台店),1束,268,,,10/7〜10/13,大感謝祭 7日間の品 / 同じチラシ: 東長崎店
8540022,マルキョウ 久山台店,食品,博多ぶなしめじ(福岡県産)(マルキョウ 久山台店),1袋,128,,,10/7〜10/13,大感謝祭 7日間の品 / 同じチラシ: 東長崎店
8540022,マルキョウ 久山台店,食品,養殖ぶり切身(マルキョウ 久山台店),100g,538,,,10/7〜10/13,大感謝祭 7日間の品。100g当り / 同じチラシ: 東長崎店
8540022,マルキョウ 久山台店,食品,解凍 骨取り赤魚フィーレ(マルキョウ 久山台店),2枚,430,,,10/7〜10/13,大感謝祭 7日間の品 / 同じチラシ: 東長崎店
8540022,マルキョウ 久山台店,食品,無頭バナメイエビ メガパック(マルキョウ 久山台店),100g,182,,,10/7〜10/13,大感謝祭 7日間の品。100g当り / 同じチラシ: 東長崎店
8540022,マルキョウ 久山台店,食品,ボイルホタテ(マルキョウ 久山台店),100g,322,,,10/7〜10/13,大感謝祭 7日間の品。100g当り / 同じチラシ: 東長崎店
8540022,マルキョウ 久山台店,食品,国産若鶏むね肉切り身 鍋物用(マルキョウ 久山台店),100g,117,,,10/7〜10/13,大感謝祭 7日間の品。100g当り / 同じチラシ: 東長崎店
8540022,マルキョウ 久山台店,食品,国産豚もも切り落とし 鍋物用(マルキョウ 久山台店),100g,150,,,10/7〜10/13,大感謝祭 7日間の品。100g当り / 同じチラシ: 東長崎店
8540022,マルキョウ 久山台店,食品,濃厚もっちり 絹厚揚げ(マルキョウ 久山台店),1パック,108,,,10/7〜10/13,大感謝祭 7日間の品 / 同じチラシ: 東長崎店
8540022,マルキョウ 久山台店,食品,生芋板こんにゃく・糸こんにゃく 各種(マルキョウ 久山台店),1袋,108,,,10/7〜10/13,大感謝祭 7日間の品 / 同じチラシ: 東長崎店
8540022,マルキョウ 久山台店,食品,九州大地のちゃんぽん(マルキョウ 久山台店),1袋,139,,,10/7〜10/13,大感謝祭 7日間の品。めん食 / 同じチラシ: 東長崎店
8540022,マルキョウ 久山台店,食品,マロニーちゃん(マルキョウ 久山台店),180g,247,,,10/7〜10/13,大感謝祭 7日間の品 / 同じチラシ: 東長崎店
8540022,マルキョウ 久山台店,食品,白鶴 料理の日本酒(マルキョウ 久山台店),1800ml,922,,,10/7〜10/13,大感謝祭 7日間の品 / 同じチラシ: 東長崎店
8540022,マルキョウ 久山台店,食品,サントリー 翠ジンソーダ(マルキョウ 久山台店),350ml×6缶,977,,,10/7〜10/13,大感謝祭 7日間の品。20歳未満の飲酒は法律で禁止されています / 同じチラシ: 東長崎店
8540022,マルキョウ 久山台店,食品,秋映りんご 大玉(長野県産)(マルキョウ 久山台店),1玉,171,,,10/7〜10/13,大感謝祭 7日間の品 / 同じチラシ: 東長崎店
8540022,マルキョウ 久山台店,食品,柿 早秋(福岡県産)(マルキョウ 久山台店),4玉入り1パック,518,,,10/7〜10/13,大感謝祭 7日間の品 / 同じチラシ: 東長崎店
8540022,マルキョウ 久山台店,食品,日清オイリオ ヘルシーごま香油(マルキョウ 久山台店),130g,214,,,10/7〜10/13,大感謝祭 7日間の品 / 同じチラシ: 東長崎店
8540022,マルキョウ 久山台店,食品,デルモンテ 基本の完熟トマトソース(マルキョウ 久山台店),295g,182,,,10/7〜10/13,大感謝祭 7日間の品 / 同じチラシ: 東長崎店
8540022,マルキョウ 久山台店,食品,ヤマサ 昆布つゆ(マルキョウ 久山台店),500ml,193,,,10/7〜10/13,大感謝祭 7日間の品 / 同じチラシ: 東長崎店
8540022,マルキョウ 久山台店,食品,カルビー かっぱえびせん(マルキョウ 久山台店),1袋,108,,,10/7〜10/13,大感謝祭 7日間の品 / 同じチラシ: 東長崎店
8540022,マルキョウ 久山台店,食品,不二家 ハートチョコレート ピーナッツ(マルキョウ 久山台店),1袋,247,,,10/7〜10/13,大感謝祭 7日間の品 / 同じチラシ: 東長崎店
8540022,マルキョウ 久山台店,食品,グリコ 冬のくちどけポッキー(マルキョウ 久山台店),1箱,214,,,10/7〜10/13,大感謝祭 7日間の品 / 同じチラシ: 東長崎店
8540022,マルキョウ 久山台店,食品,さつまいも べにはるか・安納芋・シルクスイート(種子島産) 各種(マルキョウ 久山台店),1袋,538,,,10/7〜10/13,大感謝祭 7日間の品 / 同じチラシ: 東長崎店
8540022,マルキョウ 久山台店,食品,プレミアムW焙煎胡麻ドレッシング(マルキョウ 久山台店),1L,696,,,10/7〜10/13,大感謝祭 7日間の品 / 同じチラシ: 東長崎店
8540022,マルキョウ 久山台店,食品,白藤 美浜の里えびうす焼(マルキョウ 久山台店),30枚入,538,,,10/7〜10/13,大感謝祭 7日間の品 / 同じチラシ: 東長崎店
8540022,マルキョウ 久山台店,食品,平川 美味しいとうふ 各種(マルキョウ 久山台店),1個,214,,,10/7〜10/13,大感謝祭 7日間の品 / 同じチラシ: 東長崎店
8540022,マルキョウ 久山台店,食品,だいやめ 25度(マルキョウ 久山台店),900ml,1373,,,10/7〜10/13,大感謝祭 7日間の品。焼酎 / 同じチラシ: 東長崎店
8540022,ダイレックス 多良見店,日用品,ハミング 消臭実感 詰替用(多良見店),1袋,218,,,10/7〜10/12,同じチラシ: 東長崎店
8540022,ダイレックス 多良見店,日用品,パンテーン 詰替用 超特大(多良見店),1袋,899,,,10/7〜10/12,同じチラシ: 東長崎店
8540022,ダイレックス 多良見店,日用品,トイレの消臭元(多良見店),280ml,269,,,10/7〜10/12,同じチラシ: 東長崎店
8540022,ダイレックス 多良見店,家電,TIGER マイコン炊飯ジャー 3合(多良見店),1台,8990,,,10/7〜10/12,同じチラシ: 東長崎店
8540022,ダイレックス 多良見店,家電,KOIZUMI オーブントースター KOS-1019(多良見店),1台,2490,,,10/7〜10/12,同じチラシ: 東長崎店
8540022,ダイレックス 多良見店,家電,YAMAZEN 極のたこ焼き器(多良見店),1台,2990,,,10/7〜10/12,同じチラシ: 東長崎店
8540022,ダイレックス 多良見店,日用品,サーモス ステンレスランチジャー(多良見店),1個,3980,,,10/7〜10/12,同じチラシ: 東長崎店
8540022,ダイレックス 多良見店,アパレル,裏パイルスウェット上下組(多良見店),1組,1680,,,10/7〜10/12,同じチラシ: 東長崎店
8540022,ダイレックス 多良見店,アパレル,HEAD 3足組スニーカーソックス(多良見店),3足,498,,,10/7〜10/12,同じチラシ: 東長崎店
8540022,ダイレックス 多良見店,日用品,ウレタン手袋(多良見店),10双組,848,,,10/7〜10/12,同じチラシ: 東長崎店
8540022,ダイレックス 多良見店,その他,アサヒ スーパードライ(ダイレックス),350ml×6,1035,,,10/7〜10/12,"24缶は4,140円 / 同じチラシ: 東長崎店"
8540022,ダイレックス 多良見店,その他,キリン 一番搾り(多良見店),350ml×6,1035,,,10/7〜10/12,"24缶は4,140円 / 同じチラシ: 東長崎店"
8540022,ダイレックス 多良見店,その他,サッポロ ラガービール(多良見店),350ml×6,1068,,,10/7〜10/12,同じチラシ: 東長崎店
8540022,ダイレックス 多良見店,食品,丸大 燻製屋ウインナー(多良見店),1袋,258,,,10/7〜10/12,今週のイチ押し / 同じチラシ: 東長崎店
8540022,ダイレックス 多良見店,食品,マルちゃん 焼そば(多良見店),3人前,178,,,10/7〜10/12,同じチラシ: 東長崎店
8540022,ダイレックス 多良見店,食品,ブルボン クッキー・ビスケット(チョコチップ等)(多良見店),各1袋,108,,,10/7〜10/12,今週のイチ押し / 同じチラシ: 東長崎店
8540022,ダイレックス 多良見店,食品,不二家 カントリーマアム(多良見店),1袋,199,,,10/7〜10/12,同じチラシ: 東長崎店
8540022,ダイレックス 多良見店,食品,コカ・コーラ(多良見店),1.5L,159,,,10/7〜10/12,同じチラシ: 東長崎店
8540022,ダイレックス 多良見店,食品,日清 焼そばU.F.O.(多良見店),1個,149,,,10/7〜10/12,今週のイチ押し / 同じチラシ: 東長崎店
8540022,ダイレックス 多良見店,食品,マルタイ 棒ラーメン(多良見店),1袋,139,,,10/7〜10/12,同じチラシ: 東長崎店
8540022,ダイレックス 多良見店,食品,ハインツ トマトケチャップ 逆さボトル(多良見店),460g,228,,,10/7〜10/12,同じチラシ: 東長崎店
8540022,ダイレックス 多良見店,食品,キユーピー ハーフ(ダイレックス),400g,279,,,10/7〜10/12,同じチラシ: 東長崎店
8540022,ダイレックス 多良見店,食品,桃屋 キムチの素(多良見店),190g,199,,,10/7〜10/12,同じチラシ: 東長崎店
8540022,ダイレックス 多良見店,日用品,アリエール ジェル ウルトラジャンボ(多良見店),1袋,699,,,10/7〜10/12,今週のイチ押し / 同じチラシ: 東長崎店
8540022,ダイレックス 多良見店,日用品,レノア 超消臭 詰替(多良見店),1袋,1499,,,10/7〜10/12,同じチラシ: 東長崎店
8540022,ダイレックス 多良見店,日用品,カビキラー 付替(多良見店),1本,139,,,10/7〜10/12,同じチラシ: 東長崎店
8540022,ダイレックス 多良見店,日用品,バスマジックリン 泡立ちスプレー 詰替(多良見店),1袋,328,,,10/7〜10/12,同じチラシ: 東長崎店
8540022,ダイレックス 多良見店,アパレル,ボクサーパンツ(多良見店),3枚組,1280,,,10/7〜10/12,同じチラシ: 東長崎店
8540022,ダイレックス 多良見店,アパレル,デザインTシャツ(多良見店),1枚,798,,,10/7〜10/12,同じチラシ: 東長崎店
8540022,ダイレックス 多良見店,アパレル,トレーニングパンツ(多良見店),1枚,1080,,,10/7〜10/12,同じチラシ: 東長崎店
8540022,ダイレックス 多良見店,アパレル,Tシャツ(多良見店),2枚組,1380,,,10/7〜10/12,今週のイチ押し / 同じチラシ: 東長崎店
8540022,ダイレックス 多良見店,アパレル,クッションクロッグサンダル(多良見店),1足,1780,,,10/7〜10/12,同じチラシ: 東長崎店
8540022,ダイレックス 多良見店,家電,TCL 55V型スマートテレビ(多良見店),1台,59900,,,10/7〜10/12,今週のイチ押し / 同じチラシ: 東長崎店
8540022,ダイレックス 多良見店,家電,SHARP マイコン炊飯ジャー(多良見店),1台,7990,,,10/7〜10/12,同じチラシ: 東長崎店
8540022,ダイレックス 多良見店,日用品,Rakucho フライパン用ホイルシートL(多良見店),1個,358,,,10/7〜10/12,今週のイチ押し / 同じチラシ: 東長崎店
8540022,ダイレックス 多良見店,日用品,カセットガス オレンジボンベ(多良見店),3本組,980,,,10/7〜10/12,同じチラシ: 東長崎店
8540022,ドラッグストアコスモス 多良見店,食品,青森県産 まっしぐら(多良見店),5kg,2498,,,10/2〜10/15,
8540022,ドラッグストアコスモス 多良見店,食品,東洋水産 麺づくり 鶏ガラ醤油・合わせ味噌(多良見店),1個,139,,,10/2〜10/15,
8540022,ドラッグストアコスモス 多良見店,食品,日清 どん兵衛 きつねうどん・天ぷらそば(多良見店),1個,149,,,10/2〜10/15,
8540022,ドラッグストアコスモス 多良見店,食品,明星 一平ちゃん夜店の焼そば(多良見店),1個,159,,,10/2〜10/15,
8540022,ドラッグストアコスモス 多良見店,食品,日清 チキンラーメン・日清焼そば・出前一丁(多良見店),5食パック,398,,,10/2〜10/15,
8540022,ドラッグストアコスモス 多良見店,食品,キユーピー ハーフ(多良見店),400g,268,,,10/2〜10/15,
8540022,ドラッグストアコスモス 多良見店,食品,カゴメ トマトケチャップ(多良見店),800g,318,,,10/2〜10/15,
8540022,ドラッグストアコスモス 多良見店,食品,キユーピー 深煎りごまドレッシング(多良見店),380ml,328,,,10/2〜10/15,
8540022,ドラッグストアコスモス 多良見店,食品,奥本製粉 から揚げ粉(多良見店),100g,88,,,10/2〜10/15,
8540022,ドラッグストアコスモス 多良見店,食品,東洋水産 トレーワンタン(多良見店),1個,119,,,10/2〜10/15,
8540022,ドラッグストアコスモス 多良見店,食品,はごろも シーチキンマイルド(多良見店),70g×3缶,398,,,10/2〜10/15,
8540022,ドラッグストアコスモス 多良見店,食品,極洋 さば水煮・さばみそ煮(多良見店),160g,178,,,10/2〜10/15,
8540022,ドラッグストアコスモス 多良見店,食品,ポッカレモン100(多良見店),450ml,398,,,10/2〜10/15,
8540022,ドラッグストアコスモス 多良見店,食品,日清シスコ ごろグラ チョコナッツ(多良見店),280g,428,,,10/2〜10/15,
8540022,ドラッグストアコスモス 多良見店,食品,丸大 ビストロ倶楽部カレー 甘口・中辛(多良見店),170g×3袋,268,,,10/2〜10/15,
8540022,ドラッグストアコスモス 多良見店,食品,マ・マー マカロニグラタンセット(多良見店),2人前,109,,,10/2〜10/15,
8540022,ドラッグストアコスモス 多良見店,食品,はごろも ポポロスパ(多良見店),700g,258,,,10/2〜10/15,
8540022,ドラッグストアコスモス 多良見店,食品,ON365 ごま豆乳鍋つゆ(多良見店),750g,198,,,10/2〜10/15,
8540022,ドラッグストアコスモス 多良見店,食品,ON365 キムチ鍋スープ(多良見店),750g,198,,,10/2〜10/15,
8540022,ドラッグストアコスモス 多良見店,食品,ミツカン 味ぽん(多良見店),800ml,358,,,10/2〜10/15,
8540022,ドラッグストアコスモス 多良見店,食品,ON365 すき焼きのたれ(多良見店),500ml,258,,,10/2〜10/15,
8540022,ドラッグストアコスモス 多良見店,食品,ニチレイ えびピラフ(冷凍)(多良見店),1袋,379,,,10/2〜10/15,
8540022,ドラッグストアコスモス 多良見店,食品,ニッスイ 大きな大きな焼きおにぎり(冷凍)(多良見店),1袋,379,,,10/2〜10/15,
8540022,ドラッグストアコスモス 多良見店,食品,日清 スパ王 喫茶店のナポリタン大盛(冷凍)(多良見店),1袋,179,,,10/2〜10/15,
8540022,ドラッグストアコスモス 多良見店,食品,ニッスイ ちゃんぽん(冷凍)(多良見店),402g,279,,,10/2〜10/15,
8540022,ドラッグストアコスモス 多良見店,食品,大阪王将 羽根つき餃子(冷凍)(多良見店),12個,169,,,10/2〜10/15,
8540022,ドラッグストアコスモス 多良見店,食品,味の素 羽根つき餃子(冷凍)(多良見店),28個,459,,,10/2〜10/15,
8540022,ドラッグストアコスモス 多良見店,食品,テーブルマーク ごっつ旨い大粒たこ焼(冷凍)(多良見店),6個,279,,,10/2〜10/15,
8540022,ドラッグストアコスモス 多良見店,食品,ニチレイ お弁当にGood からあげチキン(冷凍)(多良見店),6個,159,,,10/2〜10/15,
8540022,ドラッグストアコスモス 多良見店,食品,ハイファイブ フライドポテト(冷凍)(多良見店),1kg,349,,,10/2〜10/15,
8540022,ドラッグストアコスモス 多良見店,食品,ニチレイ そのまま使えるブロッコリー(冷凍)(多良見店),250g,259,,,10/2〜10/15,
8540022,ドラッグストアコスモス 多良見店,食品,東洋水産 ふっくらうどん(多良見店),3人前,108,,,10/2〜10/15,
8540022,ドラッグストアコスモス 多良見店,食品,三好食品 絹厚揚(多良見店),2枚,89,,,10/2〜10/15,
8540022,ドラッグストアコスモス 多良見店,食品,滝沢ハム お肉屋さんのハンバーグ デミグラスソース(多良見店),85g,99,,,10/2〜10/15,
8540022,ドラッグストアコスモス 多良見店,食品,伊藤ハム 燻工房 もも・ロースハム切り落とし(多良見店),1袋,199,,,10/2〜10/15,
8540022,ドラッグストアコスモス 多良見店,食品,いちおしキムチ(多良見店),180g,139,,,10/2〜10/15,
8540022,ドラッグストアコスモス 多良見店,食品,伊藤ハム 朝のフレッシュ生ハムロース(多良見店),3連,219,,,10/2〜10/15,
8540022,ドラッグストアコスモス 多良見店,食品,たまご(多良見店),10個入,249,,,10/2〜10/15,
8540022,ドラッグストアコスモス 多良見店,食品,ヤマザキ コスモスの食パン(多良見店),6枚,89,,,10/2〜10/15,
8540022,ドラッグストアコスモス 多良見店,食品,ヤマザキ バターロール(多良見店),6個,109,,,10/2〜10/15,
8540022,ドラッグストアコスモス 多良見店,食品,国産鶏肉の大粒焼売(多良見店),22g×8個,99,,,10/2〜10/15,
8540022,ドラッグストアコスモス 多良見店,食品,カニかまスティック(多良見店),10本,79,,,10/2〜10/15,
8540022,ドラッグストアコスモス 多良見店,食品,プリマハム 香薫あらびきウインナー 大袋(多良見店),1袋,649,,,10/2〜10/15,
8540022,ドラッグストアコスモス 多良見店,食品,サントリー やさしい麦茶(多良見店),2L,149,,,10/2〜10/15,
8540022,ドラッグストアコスモス 多良見店,食品,キリン 生茶(多良見店),525ml,69,,,10/2〜10/15,
8540022,ドラッグストアコスモス 多良見店,食品,ネスレ エクセラ ふわラテ(多良見店),26本,538,,,10/2〜10/15,
8540022,ドラッグストアコスモス 多良見店,その他,アサヒ スーパードライ(多良見店),350ml×6,1038,,,10/2〜10/15,"24缶は4,150円"
1000005,ユニクロ グランスタ東京店,アパレル,メリノウールカーディガン(WOMEN・MEN),1枚,2990,,,10/9〜10/15,特別価格 10/15まで
1000005,ユニクロ グランスタ東京店,アパレル,カシミヤクルーネックセーター,1枚,10900,,,10/9〜10/15,
1000005,ユニクロ グランスタ東京店,アパレル,メリノクルーネックセーター(WOMEN・MEN),1枚,3990,,,10/9〜10/15,
1000005,ユニクロ グランスタ東京店,アパレル,スムースコットンフルジップカーディガン,1枚,3990,,,10/9〜10/15,
1000005,ユニクロ グランスタ東京店,アパレル,UNIQLO:C クルーネックセーター,1枚,3990,,,10/9〜10/15,
1000005,ユニクロ グランスタ東京店,アパレル,ポロセーター,1枚,2990,,,10/9〜10/15,値下げ
1000005,ユニクロ グランスタ東京店,アパレル,バギーバレルレッグジーンズ・バギージーンズ,1本,3990,,,10/9〜10/15,特別価格 10/15まで
1000005,ユニクロ グランスタ東京店,アパレル,EZYジーンズ,1本,4990,,,10/9〜10/15,
1000005,ユニクロ グランスタ東京店,アパレル,スマートパンツ イージー,1本,3990,,,10/9〜10/15,
1000005,ユニクロ グランスタ東京店,アパレル,コーデュロイイージーアンクルパンツ,1本,2990,,,10/9〜10/15,値下げ
1000005,ユニクロ グランスタ東京店,アパレル,ジップアップショートジャケット,1着,3990,,,10/9〜10/15,特別価格 10/15まで
1000005,ユニクロ グランスタ東京店,アパレル,カバーオール,1着,4990,,,10/9〜10/15,値下げ
1000005,ユニクロ グランスタ東京店,アパレル,パフテックジャケット,1着,6990,,,10/9〜10/15,
1000005,ユニクロ グランスタ東京店,アパレル,ウィンドプルーフスタンドブルゾン,1着,5990,,,10/9〜10/15,
1000005,ユニクロ グランスタ東京店,アパレル,UNIQLO:C スウェットハーフジッププルオーバー,1枚,3990,,,10/9〜10/15,WOMEN
1000005,ユニクロ グランスタ東京店,アパレル,UNIQLO:C オーバーサイズスウェットシャツ,1枚,3990,,,10/9〜10/15,
1000005,ユニクロ グランスタ東京店,アパレル,UNIQLO:C オーバーサイズプルパーカ,1枚,3990,,,10/9〜10/15,
1000005,ユニクロ グランスタ東京店,アパレル,スウェットフルジップパーカ,1枚,3990,,,10/9〜10/15,特別価格 10/15まで
1000005,ユニクロ グランスタ東京店,アパレル,ハーフボタンプルオーバー,1枚,1990,,,10/9〜10/15,値下げ
1000005,ユニクロ グランスタ東京店,アパレル,UNIQLO:C スウェットパンツ(ストレート・ワイド),1本,2990,,,10/9〜10/15,特別価格 10/15まで
1000005,ユニクロ グランスタ東京店,アパレル,スウェットシャツ,1枚,3990,,,10/9〜10/15,
1000005,成城石井 東京駅一番街店,食品,成城石井desica 濃厚うにクリームソース,130g,539,,,10/9〜10/15,
1000005,成城石井 東京駅一番街店,食品,成城石井 マスタードドレッシング&ソース,250ml,647,,,10/9〜10/15,
1000005,成城石井 東京駅一番街店,食品,成城石井自家製 紙包み純生クリームとマロンのバスクチーズケーキ,1個,1178,,,10/9〜10/15,
1000005,成城石井 東京駅一番街店,食品,成城石井desica トリュフカルボナーラソース,130g,539,,,10/9〜10/15,自家製ベーコン使用
1000005,成城石井 東京駅一番街店,食品,成城石井 プレッツェル,200g,378,,,10/9〜10/15,
1000005,成城石井 東京駅一番街店,食品,成城石井 おさかなスナック彩り10種 あられ海鮮豆ミックス,135g,810,,,10/9〜10/15,
1000005,オーケー 銀座店,食品,本まぐろ 中とろ サク 刺身用 養殖,100g当たり,838,,,10/5〜10/11,オーケークラブ会員・現金払いの税込価格(非会員・カード払いは約3%高)
1000005,オーケー 銀座店,食品,かつお 刺身用,100g当たり,240,,,10/5〜10/11,オーケークラブ会員・現金払いの税込価格(非会員・カード払いは約3%高)
1000005,オーケー 銀座店,食品,めかじき 切身,100g当たり,291,,,10/5〜10/11,オーケークラブ会員・現金払いの税込価格(非会員・カード払いは約3%高)
1000005,オーケー 銀座店,食品,旨い銀鮭(甘口) 切身 養殖,100g当たり,250,,,10/5〜10/11,オーケークラブ会員・現金払いの税込価格(非会員・カード払いは約3%高)
1000005,オーケー 銀座店,食品,かき 加熱用 広島県産,100g当たり,344,,,10/5〜10/11,オーケークラブ会員・現金払いの税込価格(非会員・カード払いは約3%高)
1000005,オーケー 銀座店,食品,バナメイえび 41/50サイズ 養殖,100g当たり,167,,,10/5〜10/11,オーケークラブ会員・現金払いの税込価格(非会員・カード払いは約3%高)
1000005,オーケー 銀座店,食品,かじき西京漬,1切当たり,198,,,10/5〜10/11,オーケークラブ会員・現金払いの税込価格(非会員・カード払いは約3%高)
1000005,オーケー 銀座店,食品,骨取り しまほっけ 大サイズ,2枚,627,,,10/5〜10/11,オーケークラブ会員・現金払いの税込価格(非会員・カード払いは約3%高)
1000005,オーケー 銀座店,食品,和牛(黒毛和種)A4・A5等級 もも肉 厚切り,100g当たり,608,,,10/5〜10/11,オーケークラブ会員・現金払いの税込価格(非会員・カード払いは約3%高)
1000005,オーケー 銀座店,食品,若鶏もも肉 国産,100g当たり,131,,,10/5〜10/11,オーケークラブ会員・現金払いの税込価格(非会員・カード払いは約3%高)
1000005,オーケー 銀座店,食品,鶏だんご なんこつ入り 国産鶏肉使用 冷凍,16個,288,,,10/5〜10/11,オーケークラブ会員・現金払いの税込価格(非会員・カード払いは約3%高)
1000005,オーケー 銀座店,食品,豚ロース肉 厚切り 国産,100g当たり,187,,,10/5〜10/11,オーケークラブ会員・現金払いの税込価格(非会員・カード払いは約3%高)
1000005,オーケー 銀座店,食品,ささみ梅しそ巻き竜田揚げ,6個+1個増量,292,,,10/5〜10/11,オーケークラブ会員・現金払いの税込価格(非会員・カード払いは約3%高)
1000005,オーケー 銀座店,食品,岩手県大船渡産 さんま竜田揚げ,100g当たり,292,,,10/5〜10/11,オーケークラブ会員・現金払いの税込価格(非会員・カード払いは約3%高)
1000005,オーケー 銀座店,食品,国産鶏つくね温玉丼,1個,419,,,10/5〜10/11,オーケークラブ会員・現金払いの税込価格(非会員・カード払いは約3%高)
1000005,オーケー 銀座店,食品,国産するめいかの唐揚げ,100g当たり,282,,,10/5〜10/11,オーケークラブ会員・現金払いの税込価格(非会員・カード払いは約3%高)
1000005,オーケー 銀座店,食品,焼きとり丼,1個,314,,,10/5〜10/11,オーケークラブ会員・現金払いの税込価格(非会員・カード払いは約3%高)
1000005,オーケー 銀座店,食品,ポテトサラダ,1パック(20%増量),210,,,10/5〜10/11,オーケークラブ会員・現金払いの税込価格(非会員・カード払いは約3%高)
1000005,オーケー 銀座店,食品,にぎり寿司 まぐろづくし,6カン+ねぎとろ中巻,609,,,10/5〜10/11,オーケークラブ会員・現金払いの税込価格(非会員・カード払いは約3%高)
1000005,オーケー 銀座店,食品,399ちらし,1個,419,,,10/5〜10/11,オーケークラブ会員・現金払いの税込価格(非会員・カード払いは約3%高)
1000005,オーケー 銀座店,食品,ミニパン オ ショコラ,5個+1個増量,231,,,10/5〜10/11,オーケークラブ会員・現金払いの税込価格(非会員・カード払いは約3%高)
1000005,オーケー 銀座店,食品,たねなし柿 和歌山県産 他,—,,価格は店頭で,,10/5〜10/11,旬のおすすめ(チラシに価格掲載なし)
1000005,オーケー 銀座店,食品,サンつがるりんご 青森県産 他,—,,価格は店頭で,,10/5〜10/11,旬のおすすめ(チラシに価格掲載なし)
1000005,オーケー 銀座店,食品,嬬恋高原キャベツ 群馬県産,—,,価格は店頭で,,10/5〜10/11,旬のおすすめ(チラシに価格掲載なし)
1000005,オーケー 銀座店,食品,えのき茸 長野県産 他,—,,価格は店頭で,,10/5〜10/11,旬のおすすめ(チラシに価格掲載なし)
1000005,オーケー 銀座店,食品,かぼちゃ 北海道産 他,—,,価格は店頭で,,10/5〜10/11,旬のおすすめ(チラシに価格掲載なし)
1000005,オーケー 銀座店,食品,モリナガ ブラックムーン ガレットサンド,6個,264,,453,10/5〜10/11,オーケークラブ会員・現金払いの税込価格(非会員・カード払いは約3%高)。通常価格は商談時の基準売価(税込)
1000005,オーケー 銀座店,食品,アサヒ 三ツ矢 実りの洋梨mix,500ml,93,,216,10/5〜10/11,オーケークラブ会員・現金払いの税込価格(非会員・カード払いは約3%高)。通常価格は商談時の基準売価(税込)
1000005,オーケー 銀座店,食品,茜丸 十勝あんバター,400g,465,,,10/5〜10/11,オーケークラブ会員・現金払いの税込価格(非会員・カード払いは約3%高)
1000005,オーケー 銀座店,日用品,デリブティック ティシューペーパー,200組×5個,324,,,10/5〜10/11,オーケークラブ会員・現金払いの税込価格(非会員・カード払いは約3%高)
1000005,オーケー 銀座店,日用品,デリブティック トイレットペーパー,シングル100m・ダブル50m 各12ロール,686,,,10/5〜10/11,オーケークラブ会員・現金払いの税込価格(非会員・カード払いは約3%高)
1000005,オーケー 銀座店,食品,テーブルマーク ごっつ旨いお好み焼,1食,288,,691,10/5〜10/11,オーケークラブ会員・現金払いの税込価格(非会員・カード払いは約3%高)。通常価格は商談時の基準売価(税込)
1000005,オーケー 銀座店,食品,AJINOMOTO 野菜たっぷり中華丼の具,200g×2袋,386,,831,10/5〜10/11,オーケークラブ会員・現金払いの税込価格(非会員・カード払いは約3%高)。通常価格は商談時の基準売価(税込)
1000005,オーケー 銀座店,食品,ヤマザキ ロイヤルバターロール レーズン,5個,150,,338,10/5〜10/11,オーケークラブ会員・現金払いの税込価格(非会員・カード払いは約3%高)。通常価格は商談時の基準売価(税込)
1000005,オーケー 銀座店,食品,第一パン 3種のチーズパン,1個,119,,180,10/5〜10/11,オーケークラブ会員・現金払いの税込価格(非会員・カード払いは約3%高)。通常価格は商談時の基準売価(税込)
1000005,オーケー 銀座店,食品,フジッコ アレンジひろがる4種の豆水煮,132g,106,,177,10/5〜10/11,オーケークラブ会員・現金払いの税込価格(非会員・カード払いは約3%高)。通常価格は商談時の基準売価(税込)
1000005,オーケー 銀座店,食品,オタフク お好みソース,500g,292,,475,10/5〜10/11,オーケークラブ会員・現金払いの税込価格(非会員・カード払いは約3%高)。通常価格は商談時の基準売価(税込)
1000005,オーケー 銀座店,日用品,エリエール 除菌できるアルコールタオル ボトル本体,80枚,327,,1056,10/5〜10/11,オーケークラブ会員・現金払いの税込価格(非会員・カード払いは約3%高)。通常価格は商談時の基準売価(税込)
1000005,オーケー 銀座店,ドラッグ・コスメ,エリエール エリス 新・素肌感 多い昼〜ふつうの日用 羽つき,20個×2パック,250,,1078,10/5〜10/11,オーケークラブ会員・現金払いの税込価格(非会員・カード払いは約3%高)。通常価格は商談時の基準売価(税込)
1000005,オーケー 銀座店,食品,オーケー はちみつ 中国産,500g+50g増量,622,,,10/5〜10/11,オーケークラブ会員・現金払いの税込価格(非会員・カード払いは約3%高)
1000005,オーケー 銀座店,食品,マルタイ 長崎皿うどん,2人前+麺20%増量,185,,297,10/5〜10/11,オーケークラブ会員・現金払いの税込価格(非会員・カード払いは約3%高)。通常価格は商談時の基準売価(税込)
1000005,オーケー 銀座店,食品,マギー コンソメ,8本+1本増量,214,,302,10/5〜10/11,オーケークラブ会員・現金払いの税込価格(非会員・カード払いは約3%高)。通常価格は商談時の基準売価(税込)
1000005,オーケー 銀座店,食品,フライスター 焙焼製法 ソフトパン粉,180g+20g増量,128,,,10/5〜10/11,オーケークラブ会員・現金払いの税込価格(非会員・カード払いは約3%高)
1000005,オーケー 銀座店,食品,丸浜食品 あく抜き済み 白滝,310g,123,,307,10/5〜10/11,オーケークラブ会員・現金払いの税込価格(非会員・カード払いは約3%高)。通常価格は商談時の基準売価(税込)
1000005,オーケー 銀座店,食品,みすずコーポレーション こうや豆腐 だしなし,160g,262,,451,10/5〜10/11,オーケークラブ会員・現金払いの税込価格(非会員・カード払いは約3%高)。通常価格は商談時の基準売価(税込)
1000005,オーケー 銀座店,食品,ヤマザキ 北海道産牛乳のカスタード&ホイップシュー,1個,85,,164,10/5〜10/11,オーケークラブ会員・現金払いの税込価格(非会員・カード払いは約3%高)。通常価格は商談時の基準売価(税込)
1000005,オーケー 銀座店,食品,日本ハム ローストサラダチキン プレーン,3個パック,214,,388,10/5〜10/11,オーケークラブ会員・現金払いの税込価格(非会員・カード払いは約3%高)。通常価格は商談時の基準売価(税込)
1000005,オーケー 銀座店,食品,天塩 赤穂の天塩,1kg+200g増量,322,,486,10/5〜10/11,オーケークラブ会員・現金払いの税込価格(非会員・カード払いは約3%高)。通常価格は商談時の基準売価(税込)
1000005,オーケー 銀座店,食品,シャウエッセン 夜味,98g×2個,355,,669,10/5〜10/11,オーケークラブ会員・現金払いの税込価格(非会員・カード払いは約3%高)。通常価格は商談時の基準売価(税込)
1000005,オーケー 銀座店,その他,アサヒビール ドライゼロ(ノンアルコール),350ml×24本,2482,,,10/5〜10/11,オーケークラブ会員・現金払いの税込価格(非会員・カード払いは約3%高)
1000005,肉のハナマサ 神田店,食品,豚バラスライス(大パック) フランス産 冷凍,100g当たり,150,,,10/1〜10/15,10月のお買得商品(本体価格表示の税込)
1000005,肉のハナマサ 神田店,食品,国産若鶏手羽トロ(肩小肉) 冷凍,100g当たり,117,,,10/1〜10/15,10月のお買得商品(本体価格表示の税込)
1000005,肉のハナマサ 神田店,食品,牛バラカルビ(焼肉用) アメリカ産 冷凍,100g当たり,279,,,10/1〜10/15,10月のお買得商品(本体価格表示の税込)
1000005,肉のハナマサ 神田店,食品,香薫あらびきウインナー(大袋),480g,863,,,10/1〜10/15,10月のお買得商品(本体価格表示の税込)
1000005,肉のハナマサ 神田店,食品,バナメイむき海老 中国産 冷凍,100g当たり,204,,,10/1〜10/15,10月のお買得商品(本体価格表示の税込)
1000005,肉のハナマサ 神田店,食品,縞ほっけ開き アメリカ産,2枚入,430,,,10/1〜10/15,10月のお買得商品(本体価格表示の税込)
1000005,肉のハナマサ 神田店,食品,かきフライ 冷凍,20個入,746,,,10/1〜10/15,10月のお買得商品(本体価格表示の税込)
1000005,肉のハナマサ 神田店,食品,シーフードミックス(いか・むきあさり・むきえび) 冷凍,700g,1070,,,10/1〜10/15,10月のお買得商品(本体価格表示の税込)
1000005,肉のハナマサ 神田店,食品,明太子(切子)・たらこ(切子),各100g当たり,279,,,10/1〜10/15,10月のお買得商品(本体価格表示の税込)
1000005,肉のハナマサ 神田店,食品,お肉屋さんが作った黒ビーフシチュー,150g(約6皿分),322,,,10/1〜10/15,10月のお買得商品(本体価格表示の税込)
1000005,肉のハナマサ 神田店,食品,パスタソース(ミートソース・カルボナーラ・ナポリタン),各180g,160,,,10/1〜10/15,10月のお買得商品(本体価格表示の税込)
1000005,肉のハナマサ 神田店,食品,水餃子 冷凍,30個入,755,,,10/1〜10/15,10月のお買得商品(本体価格表示の税込)
1000005,肉のハナマサ 神田店,食品,イカキムチ,180g,647,,,10/1〜10/15,10月のお買得商品(本体価格表示の税込)
1000005,肉のハナマサ 神田店,食品,タラチャンジャ,180g,755,,,10/1〜10/15,10月のお買得商品(本体価格表示の税込)
1000005,肉のハナマサ 神田店,食品,北海道産玉ねぎドレッシング,500ml,518,,,10/1〜10/15,10月のお買得商品(本体価格表示の税込)
1000005,肉のハナマサ 神田店,食品,3種のミックスベリー 冷凍,400g,647,,,10/1〜10/15,10月のお買得商品(本体価格表示の税込)
1000005,肉のハナマサ 神田店,食品,ホイップクリーム,1L,431,,,10/1〜10/15,10月のお買得商品(本体価格表示の税込)
1000005,肉のハナマサ 神田店,食品,ポポロスパ 7分結束,700g,322,,,10/1〜10/15,10月のお買得商品(本体価格表示の税込)
1000005,肉のハナマサ 神田店,食品,ちゃんぽん麺,250g,129,,,10/1〜10/15,10月のお買得商品(本体価格表示の税込)
1000005,肉のハナマサ 神田店,食品,緑豆はるさめ,500g,376,,,10/1〜10/15,10月のお買得商品(本体価格表示の税込)
1000005,肉のハナマサ 神田店,食品,国産中粒納豆,40g×3P,103,,,10/1〜10/15,10月のお買得商品(本体価格表示の税込)
1000005,肉のハナマサ 神田店,食品,国産大豆ダブルパック(絹・木綿),各200g×2P,118,,,10/1〜10/15,10月のお買得商品(本体価格表示の税込)
1000005,肉のハナマサ 神田店,食品,皮まで美味しい濃密甘熟いも,45g×4袋,409,,,10/1〜10/15,10月のお買得商品(本体価格表示の税込)
1000005,肉のハナマサ 神田店,食品,三幸の3種アソート,144g,268,,,10/1〜10/15,10月のお買得商品(本体価格表示の税込)
1000005,肉のハナマサ 神田店,食品,ホームパイ,38枚+2枚入,279,,,10/1〜10/15,10月のお買得商品(本体価格表示の税込)
1000005,肉のハナマサ 神田店,食品,新潟仕込み(醤油・塩味),各30枚入,171,,,10/1〜10/15,10月のお買得商品(本体価格表示の税込)
1000005,肉のハナマサ 神田店,食品,伊藤園 熟トマト・旬野菜,各730g,182,,,10/1〜10/15,10月のお買得商品(本体価格表示の税込)
1000005,肉のハナマサ 神田店,食品,北海道さわやか家族,1L,214,,,10/1〜10/15,10月のお買得商品(本体価格表示の税込)
1000005,肉のハナマサ 新日本橋店,食品,アメリカ産 牛バラ切落し,100g,258,,,10/9〜10/14,解凍
1000005,肉のハナマサ 新日本橋店,食品,フランス産 豚バラスライス(大パック),100g,150,,,10/9〜10/14,解凍
1000005,肉のハナマサ 新日本橋店,食品,タイ産 若鶏ドラムスティック,100g,106,,,10/9〜10/14,解凍
1000005,肉のハナマサ 新日本橋店,食品,肉のハナマサ 骨付きフライドチキン(冷凍),500g,647,,,10/9〜10/14,
1000005,肉のハナマサ 新日本橋店,食品,肉のハナマサ 国産長州どりチキン南蛮(冷凍),4枚入,1079,,,10/9〜10/14,
1000005,肉のハナマサ 新日本橋店,食品,肉のハナマサ 直火焼きハンバーグ(冷凍),10個入,486,,,10/9〜10/14,"26個入1,167円"
1000005,肉のハナマサ 新日本橋店,食品,アメリカ産 豚タン切落し(焼肉用),100g,139,,,10/9〜10/14,解凍
1000005,肉のハナマサ 新日本橋店,食品,牛豚粗挽肉(ハンバーグ用),100g,150,,,10/9〜10/14,解凍
1000005,肉のハナマサ 新日本橋店,食品,メキシコ産 豚ロース生姜焼用(大パック),100g,139,,,10/9〜10/14,
1000005,肉のハナマサ 新日本橋店,食品,メキシコ産 トンテキ(味付肉),100g,150,,,10/9〜10/14,
1000005,肉のハナマサ 新日本橋店,食品,ロシア産 甘塩たら切身,4切入,411,,,10/9〜10/14,解凍
1000005,肉のハナマサ 新日本橋店,食品,北海道産 塩さんま,3尾入,322,,,10/9〜10/14,
1000005,肉のハナマサ 新日本橋店,食品,国内産 しらす干し,100g,322,,,10/9〜10/14,
1000005,肉のハナマサ 新日本橋店,食品,つみれ各種(かに入・えび入),10個入,303,,,10/9〜10/14,
1000005,肉のハナマサ 新日本橋店,食品,茨城県産こしひかり(令和8年産),5kg,2139,,,10/9〜10/14,
1000005,肉のハナマサ 新日本橋店,食品,新潟県産こしひかり(令和8年産),5kg,2355,,,10/9〜10/14,
1000005,肉のハナマサ 新日本橋店,食品,ぶなしめじ・えのき,1パック/1袋,139,,,10/10限り,各
1000005,肉のハナマサ 新日本橋店,食品,シャインマスカット(山梨県など),1パック,843,,,10/10限り,
1000005,肉のハナマサ 新日本橋店,食品,まぐろたたき(生食用),100g,204,,,10/10限り,解凍
1000005,肉のハナマサ 新日本橋店,食品,北海道産 ボイルホタテ,10コ入,538,,,10/10限り,冷凍または解凍
1000005,肉のハナマサ 新日本橋店,食品,プロ仕様 ブロッコリー(冷凍),1kg,538,,,10/10限り,
1000005,肉のハナマサ 新日本橋店,食品,プロ仕様 スイートコーン3缶パック,180g×3,268,,,10/10限り,
1000005,肉のハナマサ 新日本橋店,食品,プロ仕様 プレーンヨーグルト・脂肪ゼロ,400g,150,,,10/10限り,各
1000005,肉のハナマサ 新日本橋店,食品,埼玉県などの国内産 きゅうり,3本入,214,,,10/11限り,
1000005,肉のハナマサ 新日本橋店,食品,フィリピン産 バナナ,1袋,106,,,10/11限り,
1000005,肉のハナマサ 新日本橋店,食品,熊本県などの国内産 極早生みかん,1ネット,411,,,10/11限り,
1000005,肉のハナマサ 新日本橋店,食品,中国産 切り渡りがに(加熱用),100g,128,,,10/11限り,
1000005,肉のハナマサ 新日本橋店,食品,中国産 うなぎ長焼,1尾,962,,,10/11限り,
1000005,肉のハナマサ 新日本橋店,食品,プロ仕様 みかん缶,425g,128,,,10/11限り,
1000005,肉のハナマサ 新日本橋店,食品,プロ仕様 3食焼そば,135g×3,118,,,10/11限り,
1000005,肉のハナマサ 新日本橋店,食品,協同乳業 しっかり濃厚4.4,1L,268,,,10/11限り,
1000005,肉のハナマサ 新日本橋店,食品,熟成食パン 各種,1斤,117,,,10/11限り,各
1000005,オリンピック 淡路町店,食品,エスビー 栗原はるみ クリームシチュー・デミグラスシチュー,各1箱,355,,,10/6〜10/11,トコポンクーポン対象
1000005,マルエツ 佃店,食品,和歌山県産 たねなし柿,1個,95,,,10/9〜10/11,4社総力結集
1000005,サミット 月島3丁目店,食品,和歌山県産 たねなし柿L,1個,117,,,10/10・11限り,2個214円
1000005,サミット 月島3丁目店,食品,北海道産 びらとり桃太郎トマト(袋),1袋,495,,,10/10・11限り,
1000005,サミット 月島3丁目店,食品,国内産豚肩ロースうす切り(しゃぶしゃぶ用)各種,各,,,,10/10・11限り,当店表示価格の3割引
1000005,サミット 月島3丁目店,食品,黒毛和牛(国内産) かたロース肉各種,各,,,,10/10・11限り,当店表示価格の半額
1000005,サミット 月島3丁目店,食品,本まぐろ中トロ入りお刺身盛合せ(5種盛),1パック,1382,,,10/10・11限り,
1000005,サミット 月島3丁目店,食品,刺身用めばちまぐろ赤身(解凍),100g,538,,,10/10・11限り,
1000005,サミット 月島3丁目店,食品,ブラックタイガーえび,7尾入,1079,,,10/10・11限り,特大・解凍・養殖
1000005,サミット 月島3丁目店,食品,木村屋 ジャンボむしケーキ プレーン,1個,107,,,10/10・11限り,
1000005,サミット 月島3丁目店,食品,明治 ブルガリアヨーグルト LB81プレーン,400g,160,,,10/10・11限り,
1000005,サミット 月島3丁目店,食品,コカ・コーラ 綾鷹・爽健美茶,2L,160,,,10/10・11限り,6本ケース894円
1000005,サミット 月島3丁目店,食品,キユーピー マヨネーズ450g・ハーフ,各1本,322,,,10/10・11限り,
1000005,サミット 月島3丁目店,日用品,クレシア スコッティ ティシュー,5コパック,438,,,10/10・11限り,
1000005,サミット 月島3丁目店,食品,米,各,,,,10/10〜10/12,当店表示価格の1割引
1000005,ライフ 神田和泉町店,食品,伊藤ハム アルトバイエルン 1束,117g×2,322,,,10/10限り,本日限り
1000005,ライフ 神田和泉町店,食品,伊藤園 1日分の野菜・ビタミン野菜 1ケース,200ml×12本,926,,,10/10限り,
1000005,ライフ 神田和泉町店,食品,マルちゃん 赤いきつね・緑のたぬき・焼そば,各1個,128,,,10/10限り,お1人様各2個まで
1000005,ライフ 神田和泉町店,日用品,エリエール トイレットティシュー,12ロール,657,,,10/10限り,
1000005,ライフ 神田和泉町店,食品,山梨県産 シャインマスカット(パック),1パック,861,,,10/10限り,
1000005,ライフ 神田和泉町店,食品,種なし柿(Lサイズ)・キウイフルーツ,各1個,108,,,10/10限り,
1000005,ライフ 神田和泉町店,食品,ブロッコリー,1株,213,,,10/10限り,
1000005,ライフ 神田和泉町店,食品,ぶなしめじ(ダブルパック),1パック,192,,,10/10限り,
1000005,ライフ 神田和泉町店,食品,玉ねぎ(大容量)・じゃがいも(大容量),各1袋,486,,,10/10限り,
1000005,ライフ 神田和泉町店,食品,長崎和牛 ステーキ・肩ロースすき焼用,各,,,,10/10限り,本体価格よりレジにて30%off
1000005,ライフ 神田和泉町店,食品,国内産豚肉ロース 切身・厚切,各,,,,10/10限り,本体価格よりレジにて30%off
1000005,ライフ 神田和泉町店,食品,国内産豚肉 トンテキ用,100g,193,,,10/10限り,
1000005,ライフ 神田和泉町店,食品,国内産 若どりもも肉,100g,117,,,10/10限り,
1000005,ライフ 神田和泉町店,食品,伊藤ハム チキンナゲット(超大容量),610g,430,,,10/11限り,
1000005,ライフ 神田和泉町店,食品,キリ クリーミーポーション,10個入,537,,,10/11限り,
1000005,ライフ 神田和泉町店,食品,キユーピー マヨネーズ350g・ハーフ300g,各1本,257,,,10/11限り,
1000005,ライフ 神田和泉町店,日用品,花王 アタック抗菌EX 詰替超特大,850g,393,,,10/11限り,
1000005,ライフ 神田和泉町店,食品,きゅうり,3本,74,,,10/11限り,
1000005,ライフ 神田和泉町店,食品,大根(Lサイズ),1本,203,,,10/11限り,
1000005,ライフ 神田和泉町店,食品,ピーマン(お徳用),1袋,213,,,10/11限り,
1000005,ライフ 神田和泉町店,食品,バナナ・アボカド・ネーブルオレンジ,各,108,,,10/11限り,
1000005,ライフ 神田和泉町店,食品,北海道産 あまに豚モモブロック,各,,,,10/11限り,本体価格よりレジにて20%off
1000005,ライフ 神田和泉町店,食品,国内産 若どりむね肉,100g,85,,,10/11限り,
1000005,ライフ 神田和泉町店,食品,アサヒ スーパードライ・キリン 一番搾り(生),350ml×6缶,1042,,,10/10〜10/12,350ml1缶181円
1000005,ライフ 神田和泉町店,食品,キリン 晴れ風,350ml×6缶,1064,,,10/10〜10/12,350ml1缶184円
1000005,ライフ 神田和泉町店,食品,サントリー 金麦,350ml,159,,,10/10〜10/12,
1000005,ライフ 神田和泉町店,食品,霧島酒造 黒霧島 25度,1.8Lパック,1900,,,10/10〜10/12,
1000005,文化堂 月島店,食品,ぶり職人(鹿児島県産養殖ぶり) お刺身用サク,100g,538,,,10/10〜10/12,
1000005,文化堂 月島店,食品,国産 交雑牛肩ロース すき焼き用(解凍),100g,600,,,10/10〜10/12,
1000005,文化堂 月島店,食品,交雑牛 不揃い焼肉用,100g,647,,,10/10〜10/12,
1000005,文化堂 月島店,食品,北海道産 今金だんしゃく,100g,33,,,10/10〜10/12,
1000005,文化堂 月島店,食品,長野県産 シャインマスカット,1房,1079,,,10/10〜10/12,
1000005,文化堂 月島店,食品,長野県産 クイーンルージュ,1房,1079,,,10/10〜10/12,
1000005,文化堂 月島店,食品,熊本県産 早生みかん,1袋,538,,,10/10〜10/12,
1000005,文化堂 月島店,食品,トロ入上握り寿司(松),1パック,1707,,,10/10〜10/12,鮮魚寿司コーナー
1000005,文化堂 月島店,食品,本まぐろづくし握り寿司,1パック,2138,,,10/10〜10/12,
1000005,文化堂 月島店,食品,サトウのごはん 新潟県産コシヒカリ,200g×5,971,,,10/10・11限り,
1000005,文化堂 月島店,食品,マ・マー 早ゆで3分サラダマカロニ,1袋,96,,,10/10・11限り,
1000005,文化堂 月島店,食品,カルビー フルグラ,1袋,755,,,10/10・11限り,
1000005,業務スーパー 上野広小路店,食品,業務スーパー おつまみえんどう豆(麻辣味・塩味),各100g,106,,,10/1〜10/31,
1000005,業務スーパー 上野広小路店,食品,業務スーパー ハニーローストピーナッツ,80g,95,,,10/1〜10/31,
1000005,業務スーパー 上野広小路店,食品,業務スーパー ほしいもスティック,210g(70g×3袋),300,,,10/1〜10/31,
1000005,業務スーパー 上野広小路店,食品,業務スーパー プレーンベーグル(冷凍),6個入,538,,,10/1〜10/31,
1000005,業務スーパー 上野広小路店,食品,業務スーパー ブルーベリーベーグル(冷凍),6個入,570,,,10/1〜10/31,
1000005,業務スーパー 上野広小路店,食品,Juver TOMATE(食塩無添加),1L,181,,,10/1〜10/31,
1000005,業務スーパー 上野広小路店,食品,業務スーパー 緑豆春雨,100g,63,,,10/1〜10/31,
1000005,業務スーパー 上野広小路店,食品,業務スーパー 花椒辣醤,180g,257,,,10/1〜10/31,
1000005,業務スーパー 上野広小路店,食品,業務スーパー 麻辣藤椒香醤,180g,300,,,10/1〜10/31,
1000005,業務スーパー 上野広小路店,食品,業務スーパー 酸辣粉 即席サツマイモ春雨,130g,214,,,10/1〜10/31,
1000005,業務スーパー 上野広小路店,食品,業務スーパー 本日のスープ(クラムチャウダー・ビスク),48g×3食,138,,,10/1〜10/31,各
1000005,業務スーパー 上野広小路店,食品,業務スーパー ポテトノワゼット(冷凍),500g,235,,,10/1〜10/31,
1000005,業務スーパー 上野広小路店,食品,業務スーパー 三鮮水餃子(冷凍),500g,376,,,10/1〜10/31,
1000005,業務スーパー 上野広小路店,食品,業務スーパー ミックスいか唐揚げ(冷凍),500g,473,,,10/1〜10/31,
1000005,業務スーパー 上野広小路店,食品,業務スーパー 殻付ムール貝(冷凍),500g,333,,,10/1〜10/31,
1000005,業務スーパー 上野広小路店,食品,業務スーパー クリームコーン缶詰,4号缶,106,,,10/1〜10/31,
1000005,業務スーパー 上野広小路店,食品,業務スーパー コンソメ(顆粒),300g,376,,,10/1〜10/31,
1000005,業務スーパー 上野広小路店,食品,業務スーパー お肉にこだわったあっさり唐揚げ(冷凍),1kg,700,,,10/1〜10/31,
1000005,業務スーパー 上野広小路店,食品,業務スーパー チキンナゲット(冷凍),1kg,786,,,10/1〜10/31,
1000005,業務スーパー 上野広小路店,食品,業務スーパー ささみチーズフライ青紫蘇入(冷凍),60g×5,365,,,10/1〜10/31,
1000005,業務スーパー 上野広小路店,食品,業務スーパー バックリブで作った骨付きフライドチキン(冷凍),500g,473,,,10/1〜10/31,
1000005,業務スーパー 上野広小路店,食品,業務スーパー ねりからし(チューブ容器),330g,322,,,10/1〜10/31,
1000005,業務スーパー 上野広小路店,食品,業務スーパー ディルピクルス(ホール),260g,214,,,10/1〜10/31,
1000005,業務スーパー 上野広小路店,食品,業務スーパー トロピカルネクター,1000ml,214,,,10/1〜10/31,
1000005,イオンフードスタイル 墨田横川店,食品,六花亭 マルセイバターサンド,5個入,870,,,10/10〜10/12,北海道フェア
1000005,イオンフードスタイル 墨田横川店,食品,セコマ 北海道クリーミーソフトバニラ・北海道メロンソフト,各170ml,279,,,10/10〜10/12,
1000005,イオンフードスタイル 墨田横川店,食品,西山製麺 すみれ 30年前の味噌ラーメン・ひぐま 白味噌ラーメン,各2人前,646,,,10/10〜10/12,
1000005,イオンフードスタイル 墨田横川店,食品,北海道 真ほっけ開干,1枚,862,,,10/10〜10/12,原料原産地北海道
1000005,イオンフードスタイル 墨田横川店,食品,北海道産 じゃがいも徳用・たまねぎ徳用・にんじん徳用,各1袋,322,,,10/10〜10/12,
1000005,イオンフードスタイル 墨田横川店,食品,豚肉よりどり2パック,2パック,1058,,,10/10〜10/12,1パック646円
8590401,ドラッグストアコスモス 多良見店,食品,青森県産 まっしぐら,5kg,2498,,,10/2〜10/15,
8590401,ドラッグストアコスモス 多良見店,食品,東洋水産 麺づくり 鶏ガラ醤油・合わせ味噌,1個,139,,,10/2〜10/15,
8590401,ドラッグストアコスモス 多良見店,食品,日清 どん兵衛 きつねうどん・天ぷらそば,1個,149,,,10/2〜10/15,
8590401,ドラッグストアコスモス 多良見店,食品,明星 一平ちゃん夜店の焼そば,1個,159,,,10/2〜10/15,
8590401,ドラッグストアコスモス 多良見店,食品,日清 チキンラーメン・日清焼そば・出前一丁,5食パック,398,,,10/2〜10/15,
8590401,ドラッグストアコスモス 多良見店,食品,キユーピー ハーフ,400g,268,,,10/2〜10/15,
8590401,ドラッグストアコスモス 多良見店,食品,カゴメ トマトケチャップ,800g,318,,,10/2〜10/15,
8590401,ドラッグストアコスモス 多良見店,食品,キユーピー 深煎りごまドレッシング,380ml,328,,,10/2〜10/15,
8590401,ドラッグストアコスモス 多良見店,食品,奥本製粉 から揚げ粉,100g,88,,,10/2〜10/15,
8590401,ドラッグストアコスモス 多良見店,食品,東洋水産 トレーワンタン,1個,119,,,10/2〜10/15,
8590401,ドラッグストアコスモス 多良見店,食品,はごろも シーチキンマイルド,70g×3缶,398,,,10/2〜10/15,
8590401,ドラッグストアコスモス 多良見店,食品,極洋 さば水煮・さばみそ煮,160g,178,,,10/2〜10/15,
8590401,ドラッグストアコスモス 多良見店,食品,ポッカレモン100,450ml,398,,,10/2〜10/15,
8590401,ドラッグストアコスモス 多良見店,食品,日清シスコ ごろグラ チョコナッツ,280g,428,,,10/2〜10/15,
8590401,ドラッグストアコスモス 多良見店,食品,丸大 ビストロ倶楽部カレー 甘口・中辛,170g×3袋,268,,,10/2〜10/15,
8590401,ドラッグストアコスモス 多良見店,食品,マ・マー マカロニグラタンセット,2人前,109,,,10/2〜10/15,
8590401,ドラッグストアコスモス 多良見店,食品,はごろも ポポロスパ,700g,258,,,10/2〜10/15,
8590401,ドラッグストアコスモス 多良見店,食品,ON365 ごま豆乳鍋つゆ,750g,198,,,10/2〜10/15,
8590401,ドラッグストアコスモス 多良見店,食品,ON365 キムチ鍋スープ,750g,198,,,10/2〜10/15,
8590401,ドラッグストアコスモス 多良見店,食品,ミツカン 味ぽん,800ml,358,,,10/2〜10/15,
8590401,ドラッグストアコスモス 多良見店,食品,ON365 すき焼きのたれ,500ml,258,,,10/2〜10/15,
8590401,ドラッグストアコスモス 多良見店,食品,ニチレイ えびピラフ(冷凍),1袋,379,,,10/2〜10/15,
8590401,ドラッグストアコスモス 多良見店,食品,ニッスイ 大きな大きな焼きおにぎり(冷凍),1袋,379,,,10/2〜10/15,
8590401,ドラッグストアコスモス 多良見店,食品,日清 スパ王 喫茶店のナポリタン大盛(冷凍),1袋,179,,,10/2〜10/15,
8590401,ドラッグストアコスモス 多良見店,食品,ニッスイ ちゃんぽん(冷凍),402g,279,,,10/2〜10/15,
8590401,ドラッグストアコスモス 多良見店,食品,大阪王将 羽根つき餃子(冷凍),12個,169,,,10/2〜10/15,
8590401,ドラッグストアコスモス 多良見店,食品,味の素 羽根つき餃子(冷凍),28個,459,,,10/2〜10/15,
8590401,ドラッグストアコスモス 多良見店,食品,テーブルマーク ごっつ旨い大粒たこ焼(冷凍),6個,279,,,10/2〜10/15,
8590401,ドラッグストアコスモス 多良見店,食品,ニチレイ お弁当にGood からあげチキン(冷凍),6個,159,,,10/2〜10/15,
8590401,ドラッグストアコスモス 多良見店,食品,ハイファイブ フライドポテト(冷凍),1kg,349,,,10/2〜10/15,
8590401,ドラッグストアコスモス 多良見店,食品,ニチレイ そのまま使えるブロッコリー(冷凍),250g,259,,,10/2〜10/15,
8590401,ドラッグストアコスモス 多良見店,食品,東洋水産 ふっくらうどん,3人前,108,,,10/2〜10/15,
8590401,ドラッグストアコスモス 多良見店,食品,三好食品 絹厚揚,2枚,89,,,10/2〜10/15,
8590401,ドラッグストアコスモス 多良見店,食品,滝沢ハム お肉屋さんのハンバーグ デミグラスソース,85g,99,,,10/2〜10/15,
8590401,ドラッグストアコスモス 多良見店,食品,伊藤ハム 燻工房 もも・ロースハム切り落とし,1袋,199,,,10/2〜10/15,
8590401,ドラッグストアコスモス 多良見店,食品,いちおしキムチ,180g,139,,,10/2〜10/15,
8590401,ドラッグストアコスモス 多良見店,食品,伊藤ハム 朝のフレッシュ生ハムロース,3連,219,,,10/2〜10/15,
8590401,ドラッグストアコスモス 多良見店,食品,たまご,10個入,249,,,10/2〜10/15,
8590401,ドラッグストアコスモス 多良見店,食品,ヤマザキ コスモスの食パン,6枚,89,,,10/2〜10/15,
8590401,ドラッグストアコスモス 多良見店,食品,ヤマザキ バターロール,6個,109,,,10/2〜10/15,
8590401,ドラッグストアコスモス 多良見店,食品,国産鶏肉の大粒焼売,22g×8個,99,,,10/2〜10/15,
8590401,ドラッグストアコスモス 多良見店,食品,カニかまスティック,10本,79,,,10/2〜10/15,
8590401,ドラッグストアコスモス 多良見店,食品,プリマハム 香薫あらびきウインナー 大袋,1袋,649,,,10/2〜10/15,
8590401,ドラッグストアコスモス 多良見店,食品,サントリー やさしい麦茶,2L,149,,,10/2〜10/15,
8590401,ドラッグストアコスモス 多良見店,食品,キリン 生茶,525ml,69,,,10/2〜10/15,
8590401,ドラッグストアコスモス 多良見店,食品,ネスレ エクセラ ふわラテ,26本,538,,,10/2〜10/15,
8590401,ドラッグストアコスモス 多良見店,その他,アサヒ スーパードライ,350ml×6,1038,,,10/2〜10/15,"24缶は4,150円"
8590401,ダイレックス 多良見店,日用品,ハミング 消臭実感 詰替用,1袋,218,,,10/7〜10/12,同じチラシ: 東長崎店
8590401,ダイレックス 多良見店,日用品,パンテーン 詰替用 超特大,1袋,899,,,10/7〜10/12,同じチラシ: 東長崎店
8590401,ダイレックス 多良見店,日用品,トイレの消臭元,280ml,269,,,10/7〜10/12,同じチラシ: 東長崎店
8590401,ダイレックス 多良見店,家電,TIGER マイコン炊飯ジャー 3合,1台,8990,,,10/7〜10/12,同じチラシ: 東長崎店
8590401,ダイレックス 多良見店,家電,KOIZUMI オーブントースター KOS-1019,1台,2490,,,10/7〜10/12,同じチラシ: 東長崎店
8590401,ダイレックス 多良見店,家電,YAMAZEN 極のたこ焼き器,1台,2990,,,10/7〜10/12,同じチラシ: 東長崎店
8590401,ダイレックス 多良見店,日用品,サーモス ステンレスランチジャー,1個,3980,,,10/7〜10/12,同じチラシ: 東長崎店
8590401,ダイレックス 多良見店,アパレル,裏パイルスウェット上下組,1組,1680,,,10/7〜10/12,同じチラシ: 東長崎店
8590401,ダイレックス 多良見店,アパレル,HEAD 3足組スニーカーソックス,3足,498,,,10/7〜10/12,同じチラシ: 東長崎店
8590401,ダイレックス 多良見店,日用品,ウレタン手袋,10双組,848,,,10/7〜10/12,同じチラシ: 東長崎店
8590401,ダイレックス 多良見店,その他,アサヒ スーパードライ(ダイレックス),350ml×6,1035,,,10/7〜10/12,"24缶は4,140円 / 同じチラシ: 東長崎店"
8590401,ダイレックス 多良見店,その他,キリン 一番搾り,350ml×6,1035,,,10/7〜10/12,"24缶は4,140円 / 同じチラシ: 東長崎店"
8590401,ダイレックス 多良見店,その他,サッポロ ラガービール,350ml×6,1068,,,10/7〜10/12,同じチラシ: 東長崎店
8590401,ダイレックス 多良見店,食品,丸大 燻製屋ウインナー,1袋,258,,,10/7〜10/12,今週のイチ押し / 同じチラシ: 東長崎店
8590401,ダイレックス 多良見店,食品,マルちゃん 焼そば,3人前,178,,,10/7〜10/12,同じチラシ: 東長崎店
8590401,ダイレックス 多良見店,食品,ブルボン クッキー・ビスケット(チョコチップ等),各1袋,108,,,10/7〜10/12,今週のイチ押し / 同じチラシ: 東長崎店
8590401,ダイレックス 多良見店,食品,不二家 カントリーマアム,1袋,199,,,10/7〜10/12,同じチラシ: 東長崎店
8590401,ダイレックス 多良見店,食品,コカ・コーラ,1.5L,159,,,10/7〜10/12,同じチラシ: 東長崎店
8590401,ダイレックス 多良見店,食品,日清 焼そばU.F.O.,1個,149,,,10/7〜10/12,今週のイチ押し / 同じチラシ: 東長崎店
8590401,ダイレックス 多良見店,食品,マルタイ 棒ラーメン,1袋,139,,,10/7〜10/12,同じチラシ: 東長崎店
8590401,ダイレックス 多良見店,食品,ハインツ トマトケチャップ 逆さボトル,460g,228,,,10/7〜10/12,同じチラシ: 東長崎店
8590401,ダイレックス 多良見店,食品,キユーピー ハーフ(ダイレックス),400g,279,,,10/7〜10/12,同じチラシ: 東長崎店
8590401,ダイレックス 多良見店,食品,桃屋 キムチの素,190g,199,,,10/7〜10/12,同じチラシ: 東長崎店
8590401,ダイレックス 多良見店,日用品,アリエール ジェル ウルトラジャンボ,1袋,699,,,10/7〜10/12,今週のイチ押し / 同じチラシ: 東長崎店
8590401,ダイレックス 多良見店,日用品,レノア 超消臭 詰替,1袋,1499,,,10/7〜10/12,同じチラシ: 東長崎店
8590401,ダイレックス 多良見店,日用品,カビキラー 付替,1本,139,,,10/7〜10/12,同じチラシ: 東長崎店
8590401,ダイレックス 多良見店,日用品,バスマジックリン 泡立ちスプレー 詰替,1袋,328,,,10/7〜10/12,同じチラシ: 東長崎店
8590401,ダイレックス 多良見店,アパレル,ボクサーパンツ,3枚組,1280,,,10/7〜10/12,同じチラシ: 東長崎店
8590401,ダイレックス 多良見店,アパレル,デザインTシャツ,1枚,798,,,10/7〜10/12,同じチラシ: 東長崎店
8590401,ダイレックス 多良見店,アパレル,トレーニングパンツ,1枚,1080,,,10/7〜10/12,同じチラシ: 東長崎店
8590401,ダイレックス 多良見店,アパレル,Tシャツ,2枚組,1380,,,10/7〜10/12,今週のイチ押し / 同じチラシ: 東長崎店
8590401,ダイレックス 多良見店,アパレル,クッションクロッグサンダル,1足,1780,,,10/7〜10/12,同じチラシ: 東長崎店
8590401,ダイレックス 多良見店,家電,TCL 55V型スマートテレビ,1台,59900,,,10/7〜10/12,今週のイチ押し / 同じチラシ: 東長崎店
8590401,ダイレックス 多良見店,家電,SHARP マイコン炊飯ジャー,1台,7990,,,10/7〜10/12,同じチラシ: 東長崎店
8590401,ダイレックス 多良見店,日用品,Rakucho フライパン用ホイルシートL,1個,358,,,10/7〜10/12,今週のイチ押し / 同じチラシ: 東長崎店
8590401,ダイレックス 多良見店,日用品,カセットガス オレンジボンベ,3本組,980,,,10/7〜10/12,同じチラシ: 東長崎店
8590401,ドラッグストアモリ アクロスプラザ諫早店,食品,麻婆豆腐の素,1箱,181,,,10/4〜10/10,毎日超特価
8590401,ドラッグストアモリ アクロスプラザ諫早店,食品,アサヒ 颯・ウィルキンソン各種,620ml/500ml,79,,,10/4〜10/10,毎日超特価
8590401,ドラッグストアモリ アクロスプラザ諫早店,食品,焙煎ごま・和風しょうゆドレッシング,380ml,322,,,10/4〜10/10,
8590401,ドラッグストアモリ アクロスプラザ諫早店,食品,鍋スープ各種,720g,257,,,10/4〜10/10,
8590401,ドラッグストアモリ アクロスプラザ諫早店,食品,ハウス シチューミックス クリーム,1箱,333,,,10/4〜10/10,
8590401,ドラッグストアモリ アクロスプラザ諫早店,食品,日清 チキンラーメン・出前一丁・日清焼そば,各5食入,441,,,10/4〜10/10,ご家族様2点限り
8590401,ドラッグストアモリ アクロスプラザ諫早店,食品,ハウス 特選本香り 生わさび・からし,1本,138,,,10/4〜10/10,
8590401,ドラッグストアモリ アクロスプラザ諫早店,食品,ミツカン プロが使う味 白だし,500ml,289,,,10/4〜10/10,
8590401,ドラッグストアモリ アクロスプラザ諫早店,食品,大象ジャパン 宗家キムチ,1個,299,,,10/4〜10/10,
8590401,ドラッグストアモリ アクロスプラザ諫早店,食品,丸大 チキンハンバーグ,3個入,149,,,10/4〜10/10,
8590401,ドラッグストアモリ アクロスプラザ諫早店,食品,伊藤園 1日分の野菜・毎日1杯の青汁,1本,95,,,10/4〜10/10,
8590401,ドラッグストアモリ アクロスプラザ諫早店,食品,丸大 燻製屋 熟成あらびきウインナー,1袋,312,,,10/4〜10/10,
8590401,ドラッグストアモリ アクロスプラザ諫早店,食品,明治 ブルガリアヨーグルト,各70g×4,181,,,10/4〜10/10,
8590401,ドラッグストアモリ アクロスプラザ諫早店,食品,雪印 さけるチーズ,各種,199,,,10/4〜10/10,
8590401,ドラッグストアモリ アクロスプラザ諫早店,食品,天ぷら各種,3枚入,95,,,10/4〜10/10,
8590401,ドラッグストアモリ アクロスプラザ諫早店,食品,ちゃんぽん・やきそばの具,100g,127,,,10/4〜10/10,
8590401,ドラッグストアモリ アクロスプラザ諫早店,食品,フィッシュソーセージ,1袋,225,,,10/4〜10/10,
8590401,ドラッグストアモリ アクロスプラザ諫早店,食品,大盛りスパゲティ(冷凍),1袋,203,,,10/4〜10/10,
8590401,ドラッグストアモリ アクロスプラザ諫早店,食品,ニップン オーマイプレミアム(冷凍),1袋,312,,,10/4〜10/10,
8590401,ドラッグストアモリ アクロスプラザ諫早店,食品,味の素 ギョーザ(冷凍),12個入,198,,,10/4〜10/10,
8590401,ドラッグストアモリ アクロスプラザ諫早店,食品,ヤマザキ 山型ソフト,1斤,149,,,10/4〜10/10,
8590401,ドラッグストアモリ アクロスプラザ諫早店,食品,フジパン ネオレーズンバターロール・ネオ黒糖ロール,1袋,192,,,10/4〜10/10,
8590401,ドラッグストアモリ アクロスプラザ諫早店,食品,フジパン スナックサンド,1袋,129,,,10/4〜10/10,
8590401,ドラッグストアモリ アクロスプラザ諫早店,食品,あみポテ,1袋,96,,,10/4〜10/10,
8590401,ドラッグストアモリ アクロスプラザ諫早店,食品,不二家 カントリーマアム(ドラッグストアモリ),1袋,246,,,10/4〜10/10,
8590401,ドラッグストアモリ アクロスプラザ諫早店,食品,カルビー フルグラ,1袋,711,,,10/4〜10/10,ご家族様2点限り
8590401,ドラッグストアモリ アクロスプラザ諫早店,日用品,ワイドハイターEX,1本,438,,,10/4〜10/10,
8590401,ドラッグストアモリ アクロスプラザ諫早店,日用品,カビキラー 本体+付替,1組,268,,,10/4〜10/10,
8590401,ドラッグストアモリ アクロスプラザ諫早店,日用品,ムシューダ NOTE 1年間有効,1個,878,,,10/4〜10/10,
8590401,ドラッグストアモリ アクロスプラザ諫早店,日用品,ドライペット スキット,420ml×3,160,,,10/4〜10/10,
8590401,ドラッグストアモリ アクロスプラザ諫早店,日用品,マジカ,1本,108,,,10/4〜10/10,
8590401,マルキョウ 久山台店,食品,エバラ プチっと鍋 各種(マルキョウ 久山台店),1袋,268,,,10/7〜10/13,大感謝祭 7日間の品 / 同じチラシ: 東長崎店
8590401,マルキョウ 久山台店,食品,味の素 鍋キューブ 各種(マルキョウ 久山台店),1袋,268,,,10/7〜10/13,大感謝祭 7日間の品 / 同じチラシ: 東長崎店
8590401,マルキョウ 久山台店,食品,白菜 1/4カット(長野県産)(マルキョウ 久山台店),1/4個,214,,,10/7〜10/13,大感謝祭 7日間の品 / 同じチラシ: 東長崎店
8590401,マルキョウ 久山台店,食品,水菜(福岡県産)(マルキョウ 久山台店),1袋,171,,,10/7〜10/13,大感謝祭 7日間の品 / 同じチラシ: 東長崎店
8590401,マルキョウ 久山台店,食品,白ネギ(北海道産他)(マルキョウ 久山台店),1束,268,,,10/7〜10/13,大感謝祭 7日間の品 / 同じチラシ: 東長崎店
8590401,マルキョウ 久山台店,食品,博多ぶなしめじ(福岡県産)(マルキョウ 久山台店),1袋,128,,,10/7〜10/13,大感謝祭 7日間の品 / 同じチラシ: 東長崎店
8590401,マルキョウ 久山台店,食品,養殖ぶり切身(マルキョウ 久山台店),100g,538,,,10/7〜10/13,大感謝祭 7日間の品。100g当り / 同じチラシ: 東長崎店
8590401,マルキョウ 久山台店,食品,解凍 骨取り赤魚フィーレ(マルキョウ 久山台店),2枚,430,,,10/7〜10/13,大感謝祭 7日間の品 / 同じチラシ: 東長崎店
8590401,マルキョウ 久山台店,食品,無頭バナメイエビ メガパック(マルキョウ 久山台店),100g,182,,,10/7〜10/13,大感謝祭 7日間の品。100g当り / 同じチラシ: 東長崎店
8590401,マルキョウ 久山台店,食品,ボイルホタテ(マルキョウ 久山台店),100g,322,,,10/7〜10/13,大感謝祭 7日間の品。100g当り / 同じチラシ: 東長崎店
8590401,マルキョウ 久山台店,食品,国産若鶏むね肉切り身 鍋物用(マルキョウ 久山台店),100g,117,,,10/7〜10/13,大感謝祭 7日間の品。100g当り / 同じチラシ: 東長崎店
8590401,マルキョウ 久山台店,食品,国産豚もも切り落とし 鍋物用(マルキョウ 久山台店),100g,150,,,10/7〜10/13,大感謝祭 7日間の品。100g当り / 同じチラシ: 東長崎店
8590401,マルキョウ 久山台店,食品,濃厚もっちり 絹厚揚げ(マルキョウ 久山台店),1パック,108,,,10/7〜10/13,大感謝祭 7日間の品 / 同じチラシ: 東長崎店
8590401,マルキョウ 久山台店,食品,生芋板こんにゃく・糸こんにゃく 各種(マルキョウ 久山台店),1袋,108,,,10/7〜10/13,大感謝祭 7日間の品 / 同じチラシ: 東長崎店
8590401,マルキョウ 久山台店,食品,九州大地のちゃんぽん(マルキョウ 久山台店),1袋,139,,,10/7〜10/13,大感謝祭 7日間の品。めん食 / 同じチラシ: 東長崎店
8590401,マルキョウ 久山台店,食品,マロニーちゃん(マルキョウ 久山台店),180g,247,,,10/7〜10/13,大感謝祭 7日間の品 / 同じチラシ: 東長崎店
8590401,マルキョウ 久山台店,食品,白鶴 料理の日本酒(マルキョウ 久山台店),1800ml,922,,,10/7〜10/13,大感謝祭 7日間の品 / 同じチラシ: 東長崎店
8590401,マルキョウ 久山台店,食品,サントリー 翠ジンソーダ(マルキョウ 久山台店),350ml×6缶,977,,,10/7〜10/13,大感謝祭 7日間の品。20歳未満の飲酒は法律で禁止されています / 同じチラシ: 東長崎店
8590401,マルキョウ 久山台店,食品,秋映りんご 大玉(長野県産)(マルキョウ 久山台店),1玉,171,,,10/7〜10/13,大感謝祭 7日間の品 / 同じチラシ: 東長崎店
8590401,マルキョウ 久山台店,食品,柿 早秋(福岡県産)(マルキョウ 久山台店),4玉入り1パック,518,,,10/7〜10/13,大感謝祭 7日間の品 / 同じチラシ: 東長崎店
8590401,マルキョウ 久山台店,食品,日清オイリオ ヘルシーごま香油(マルキョウ 久山台店),130g,214,,,10/7〜10/13,大感謝祭 7日間の品 / 同じチラシ: 東長崎店
8590401,マルキョウ 久山台店,食品,デルモンテ 基本の完熟トマトソース(マルキョウ 久山台店),295g,182,,,10/7〜10/13,大感謝祭 7日間の品 / 同じチラシ: 東長崎店
8590401,マルキョウ 久山台店,食品,ヤマサ 昆布つゆ(マルキョウ 久山台店),500ml,193,,,10/7〜10/13,大感謝祭 7日間の品 / 同じチラシ: 東長崎店
8590401,マルキョウ 久山台店,食品,カルビー かっぱえびせん(マルキョウ 久山台店),1袋,108,,,10/7〜10/13,大感謝祭 7日間の品 / 同じチラシ: 東長崎店
8590401,マルキョウ 久山台店,食品,不二家 ハートチョコレート ピーナッツ(マルキョウ 久山台店),1袋,247,,,10/7〜10/13,大感謝祭 7日間の品 / 同じチラシ: 東長崎店
8590401,マルキョウ 久山台店,食品,グリコ 冬のくちどけポッキー(マルキョウ 久山台店),1箱,214,,,10/7〜10/13,大感謝祭 7日間の品 / 同じチラシ: 東長崎店
8590401,マルキョウ 久山台店,食品,さつまいも べにはるか・安納芋・シルクスイート(種子島産) 各種(マルキョウ 久山台店),1袋,538,,,10/7〜10/13,大感謝祭 7日間の品 / 同じチラシ: 東長崎店
8590401,マルキョウ 久山台店,食品,プレミアムW焙煎胡麻ドレッシング(マルキョウ 久山台店),1L,696,,,10/7〜10/13,大感謝祭 7日間の品 / 同じチラシ: 東長崎店
8590401,マルキョウ 久山台店,食品,白藤 美浜の里えびうす焼(マルキョウ 久山台店),30枚入,538,,,10/7〜10/13,大感謝祭 7日間の品 / 同じチラシ: 東長崎店
8590401,マルキョウ 久山台店,食品,平川 美味しいとうふ 各種(マルキョウ 久山台店),1個,214,,,10/7〜10/13,大感謝祭 7日間の品 / 同じチラシ: 東長崎店
8590401,マルキョウ 久山台店,食品,だいやめ 25度(マルキョウ 久山台店),900ml,1373,,,10/7〜10/13,大感謝祭 7日間の品。焼酎 / 同じチラシ: 東長崎店
8590401,ユニクロ アクロスプラザ諫早店,アパレル,メリノウールカーディガン(WOMEN・MEN),1枚,2990,,,10/9〜10/15,特別価格 10/15まで
8590401,ユニクロ アクロスプラザ諫早店,アパレル,カシミヤクルーネックセーター,1枚,10900,,,10/9〜10/15,
8590401,ユニクロ アクロスプラザ諫早店,アパレル,メリノクルーネックセーター(WOMEN・MEN),1枚,3990,,,10/9〜10/15,
8590401,ユニクロ アクロスプラザ諫早店,アパレル,スムースコットンフルジップカーディガン,1枚,3990,,,10/9〜10/15,
8590401,ユニクロ アクロスプラザ諫早店,アパレル,UNIQLO:C クルーネックセーター,1枚,3990,,,10/9〜10/15,
8590401,ユニクロ アクロスプラザ諫早店,アパレル,ポロセーター,1枚,2990,,,10/9〜10/15,値下げ
8590401,ユニクロ アクロスプラザ諫早店,アパレル,バギーバレルレッグジーンズ・バギージーンズ,1本,3990,,,10/9〜10/15,特別価格 10/15まで
8590401,ユニクロ アクロスプラザ諫早店,アパレル,EZYジーンズ,1本,4990,,,10/9〜10/15,
8590401,ユニクロ アクロスプラザ諫早店,アパレル,スマートパンツ イージー,1本,3990,,,10/9〜10/15,
8590401,ユニクロ アクロスプラザ諫早店,アパレル,コーデュロイイージーアンクルパンツ,1本,2990,,,10/9〜10/15,値下げ
8590401,ユニクロ アクロスプラザ諫早店,アパレル,ジップアップショートジャケット,1着,3990,,,10/9〜10/15,特別価格 10/15まで
8590401,ユニクロ アクロスプラザ諫早店,アパレル,カバーオール,1着,4990,,,10/9〜10/15,値下げ
8590401,ユニクロ アクロスプラザ諫早店,アパレル,パフテックジャケット,1着,6990,,,10/9〜10/15,
8590401,ユニクロ アクロスプラザ諫早店,アパレル,ウィンドプルーフスタンドブルゾン,1着,5990,,,10/9〜10/15,
8590401,ユニクロ アクロスプラザ諫早店,アパレル,UNIQLO:C スウェットハーフジッププルオーバー,1枚,3990,,,10/9〜10/15,WOMEN
8590401,ユニクロ アクロスプラザ諫早店,アパレル,UNIQLO:C オーバーサイズスウェットシャツ,1枚,3990,,,10/9〜10/15,
8590401,ユニクロ アクロスプラザ諫早店,アパレル,UNIQLO:C オーバーサイズプルパーカ,1枚,3990,,,10/9〜10/15,
8590401,ユニクロ アクロスプラザ諫早店,アパレル,スウェットフルジップパーカ,1枚,3990,,,10/9〜10/15,特別価格 10/15まで
8590401,ユニクロ アクロスプラザ諫早店,アパレル,ハーフボタンプルオーバー,1枚,1990,,,10/9〜10/15,値下げ
8590401,ユニクロ アクロスプラザ諫早店,アパレル,UNIQLO:C スウェットパンツ(ストレート・ワイド),1本,2990,,,10/9〜10/15,特別価格 10/15まで
8590401,ユニクロ アクロスプラザ諫早店,アパレル,スウェットシャツ,1枚,3990,,,10/9〜10/15,
8590401,マックスバリュ 長崎インター店,食品,さつまいも(マックスバリュ),1本・Lサイズ,106,,,10/8〜10/12,本体98円(税込105.84円); 木よう市 / 同じチラシ: 諫早西部台店・溝陸店・長崎インター店
8590401,マックスバリュ 長崎インター店,食品,なす(マックスバリュ),1本・Lサイズ,73,,,10/8〜10/12,本体68円(税込73.44円); 木よう市 / 同じチラシ: 諫早西部台店・溝陸店・長崎インター店
8590401,マックスバリュ 長崎インター店,食品,にんじん(マックスバリュ),1本,52,,,10/8〜10/12,本体48円(税込51.84円); 木よう市 / 同じチラシ: 諫早西部台店・溝陸店・長崎インター店
8590401,マックスバリュ 長崎インター店,食品,たまねぎ(マックスバリュ),1個・Lサイズ,52,,,10/8〜10/12,本体48円(税込51.84円); 木よう市 / 同じチラシ: 諫早西部台店・溝陸店・長崎インター店
8590401,マックスバリュ 長崎インター店,食品,じゃがいも(マックスバリュ),1個・Lサイズ,52,,,10/8〜10/12,本体48円(税込51.84円); 木よう市 / 同じチラシ: 諫早西部台店・溝陸店・長崎インター店
8590401,マックスバリュ 長崎インター店,食品,梨(マックスバリュ),1個,322,,,10/8〜10/12,本体298円(税込321.84円); 木よう市 / 同じチラシ: 諫早西部台店・溝陸店・長崎インター店
8590401,マックスバリュ 長崎インター店,食品,白ねぎ(マックスバリュ),1本,106,,,10/8〜10/12,本体98円(税込105.84円); 木よう市 / 同じチラシ: 諫早西部台店・溝陸店・長崎インター店
8590401,マックスバリュ 長崎インター店,食品,まいたけ(マックスバリュ),1パック,95,,,10/8〜10/12,本体88円(税込95.04円); 木よう市 / 同じチラシ: 諫早西部台店・溝陸店・長崎インター店
8590401,マックスバリュ 長崎インター店,食品,サンゴールドキウイ,1個,138,,,10/8〜10/12,本体128円(税込138.24円); 木よう市 / 同じチラシ: 諫早西部台店・溝陸店・長崎インター店
8590401,マックスバリュ 長崎インター店,食品,グレープフルーツ(ホワイト),1個,106,,,10/8〜10/12,本体98円(税込105.84円); 木よう市 / 同じチラシ: 諫早西部台店・溝陸店・長崎インター店
8590401,マックスバリュ 長崎インター店,食品,アルゼンチン産 有頭赤えび(解凍),1尾,95,,,10/8〜10/12,本体88円(税込95.04円); 木よう市 / 同じチラシ: 諫早西部台店・溝陸店・長崎インター店
8590401,マックスバリュ 長崎インター店,食品,塩さんま・骨取り白身魚・塩さば・塩鮭切身 よりどり,各1パック,160,,,10/8〜10/12,本体148円(税込159.84円); 木よう市 / 同じチラシ: 諫早西部台店・溝陸店・長崎インター店
8590401,マックスバリュ 長崎インター店,食品,ヤマザキ ルヴァンバターロール・ホワイトデニッシュショコラ等 パン,各1袋,106,,,10/8〜10/12,本体98円(税込105.84円); 木よう市 本体98円均一 / 同じチラシ: 諫早西部台店・溝陸店・長崎インター店
8590401,マックスバリュ 長崎インター店,食品,惣菜バイキング(牛肉入りコロッケ・アジフライ等),各1個,106,,,10/8〜10/12,本体98円(税込105.84円); 価値ある98円均一 / 同じチラシ: 諫早西部台店・溝陸店・長崎インター店
8590401,マックスバリュ 長崎インター店,食品,若どりもも味付チキンステーキ用(解凍),1枚,106,,,10/8〜10/12,本体98円(税込105.84円); 98円均一 / 同じチラシ: 諫早西部台店・溝陸店・長崎インター店
8590401,マックスバリュ 長崎インター店,食品,ビーフメンチカツ,1個,106,,,10/8〜10/12,本体98円(税込105.84円); 98円均一 / 同じチラシ: 諫早西部台店・溝陸店・長崎インター店
8590401,マックスバリュ 長崎インター店,食品,プチハッシュドポテト,100g,106,,,10/8〜10/12,本体98円(税込105.84円); 98円均一 / 同じチラシ: 諫早西部台店・溝陸店・長崎インター店
8590401,マックスバリュ 長崎インター店,食品,雪印メグミルク のむヨーグルト,190g,106,,,10/8〜10/12,本体98円(税込105.84円); 98円均一 / 同じチラシ: 諫早西部台店・溝陸店・長崎インター店
8590401,マックスバリュ 長崎インター店,食品,プリマハム タコさんウインナー,72g,106,,,10/8〜10/12,本体98円(税込105.84円); 98円均一 / 同じチラシ: 諫早西部台店・溝陸店・長崎インター店
8590401,マックスバリュ 長崎インター店,食品,雪印メグミルク ベビーチーズ,4個,106,,,10/8〜10/12,本体98円(税込105.84円); 98円均一 / 同じチラシ: 諫早西部台店・溝陸店・長崎インター店
8590401,マックスバリュ 長崎インター店,食品,やまみ 国産大豆 濃厚一豆(豆腐),90g×4,106,,,10/8〜10/12,本体98円(税込105.84円); 98円均一 / 同じチラシ: 諫早西部台店・溝陸店・長崎インター店
8590401,マックスバリュ 長崎インター店,食品,タカノフーズ 糸の力(納豆),40g×3,106,,,10/8〜10/12,本体98円(税込105.84円); 98円均一 / 同じチラシ: 諫早西部台店・溝陸店・長崎インター店
8590401,マックスバリュ 長崎インター店,食品,森永 チョコモナカ(トリプルチョコ・いちご),各1個,106,,,10/8〜10/12,本体98円(税込105.84円); 98円均一 / 同じチラシ: 諫早西部台店・溝陸店・長崎インター店
8590401,マックスバリュ 長崎インター店,食品,ミツカン ぎょうざのたれ・ほんてり・料理酒,各1本,106,,,10/8〜10/12,本体98円(税込105.84円); 98円均一 / 同じチラシ: 諫早西部台店・溝陸店・長崎インター店
8590401,マックスバリュ 長崎インター店,食品,マルタイ 長崎皿うどん,各1袋,106,,,10/8〜10/12,本体98円(税込105.84円); 98円均一 / 同じチラシ: 諫早西部台店・溝陸店・長崎インター店
8590401,マックスバリュ 長崎インター店,食品,味の素 コンソメ顆粒(マックスバリュ),50g,106,,,10/8〜10/12,本体98円(税込105.84円); 98円均一 / 同じチラシ: 諫早西部台店・溝陸店・長崎インター店
8590401,マックスバリュ 長崎インター店,食品,森永 ポテロング,各1箱,106,,,10/8〜10/12,本体98円(税込105.84円); 98円均一 / 同じチラシ: 諫早西部台店・溝陸店・長崎インター店
8590401,マックスバリュ 長崎インター店,食品,オーストラリア産 牛肉ばら切り落し,100g当り,214,,,10/8〜10/12,本体198円(税込213.84円); 本日のいちおし / 同じチラシ: 諫早西部台店・溝陸店・長崎インター店
8590401,マックスバリュ 長崎インター店,食品,かつおたたき 刺身用,100g当り,214,,,10/8〜10/12,本体198円(税込213.84円) / 同じチラシ: 諫早西部台店・溝陸店・長崎インター店
8590401,マックスバリュ 長崎インター店,食品,明治ブルガリアヨーグルトLB81,1個,95,,,10/8〜10/12,本体88円(税込95.04円); イオンアプリクーポン利用時 / 同じチラシ: 諫早西部台店・溝陸店・長崎インター店
8590401,マックスバリュ 長崎インター店,食品,羽根つき餃子(冷食),12個入,192,,,10/8〜10/12,本体178円(税込192.24円) / 同じチラシ: 諫早西部台店・溝陸店・長崎インター店
8590401,マックスバリュ 長崎インター店,食品,明星 一平ちゃん夜店の焼そば(マックスバリュ),各1個,149,,,10/8〜10/12,本体138円(税込149.04円) / 同じチラシ: 諫早西部台店・溝陸店・長崎インター店
8590401,マックスバリュ 長崎インター店,食品,UCC 職人の珈琲 ワンドリップコーヒー,各1袋,538,,,10/8〜10/12,本体498円(税込537.84円); アプリクーポン利用時 / 同じチラシ: 諫早西部台店・溝陸店・長崎インター店
8590401,マックスバリュ 長崎インター店,食品,ロースハム(マックスバリュ),40g,84,,,10/8〜10/12,本体78円(税込84.24円); 木よう市限定値下げ / 同じチラシ: 諫早西部台店・溝陸店・長崎インター店
8590401,マックスバリュ 長崎インター店,食品,カフェラテ(生乳50%使用),各1個,127,,,10/8〜10/12,本体118円(税込127.44円); 値下げ商品 / 同じチラシ: 諫早西部台店・溝陸店・長崎インター店
8590401,マックスバリュ 長崎インター店,食品,卓上味付けのり,10切80枚,343,,,10/8〜10/12,本体318円(税込343.44円) / 同じチラシ: 諫早西部台店・溝陸店・長崎インター店
8590401,マックスバリュ 長崎インター店,食品,焼肉のたれ(マックスバリュ),各1本,192,,,10/8〜10/12,本体178円(税込192.24円) / 同じチラシ: 諫早西部台店・溝陸店・長崎インター店
8590401,マックスバリュ 長崎インター店,食品,国産 豚肉ロースしゃぶしゃぶ用,100g当り,214,,,10/8〜10/12,本体198円(税込213.84円) / 同じチラシ: 諫早西部台店・溝陸店・長崎インター店
8590401,マックスバリュ 長崎インター店,食品,スペイン産 イベリコ豚ばらスライス(解凍),300g,626,,,10/8〜10/12,本体580円(税込626.4円) / 同じチラシ: 諫早西部台店・溝陸店・長崎インター店
8590401,マックスバリュ 長崎インター店,食品,ボイルいかスライス 生食用,100g当り,214,,,10/8〜10/12,本体198円(税込213.84円) / 同じチラシ: 諫早西部台店・溝陸店・長崎インター店
8590401,マックスバリュ 長崎インター店,食品,ボイルベビーほたて貝 生食用,100g当り,354,,,10/8〜10/12,本体328円(税込354.24円) / 同じチラシ: 諫早西部台店・溝陸店・長崎インター店
8590401,マックスバリュ 長崎インター店,食品,ごはんがおいしい旨キムチ,80g×2,160,,,10/8〜10/12,本体148円(税込159.84円) / 同じチラシ: 諫早西部台店・溝陸店・長崎インター店
8590401,マックスバリュ 長崎インター店,食品,伊藤園 毎日1杯の青汁,1箱,225,,,10/8〜10/12,本体208円(税込224.64円); アプリクーポン利用時 / 同じチラシ: 諫早西部台店・溝陸店・長崎インター店
8590401,マックスバリュ 長崎インター店,食品,黒豚もも・かた味付焼肉用(解凍),340g,540,,,10/8〜10/12,本体500円(税込540円) / 同じチラシ: 諫早西部台店・溝陸店・長崎インター店
8590401,マックスバリュ 長崎インター店,食品,ブラジル産 若どりもも肉(解凍品),100g当り,95,,,10/8〜10/12,本体88円(税込95.04円) / 同じチラシ: 諫早西部台店・溝陸店・長崎インター店
8590401,マックスバリュ 長崎インター店,食品,中国産 うなぎ蒲焼,1尾,950,,,10/8〜10/12,本体880円(税込950.4円) / 同じチラシ: 諫早西部台店・溝陸店・長崎インター店
8590401,マックスバリュ 長崎インター店,食品,蔵出し辛子明太子(切子),90g,322,,,10/8〜10/12,本体298円(税込321.84円) / 同じチラシ: 諫早西部台店・溝陸店・長崎インター店
8590401,マックスバリュ 長崎インター店,食品,エバラ すき焼のたれマイルド(マックスバリュ),500ml,257,,,10/8〜10/12,本体238円(税込257.04円) / 同じチラシ: 諫早西部台店・溝陸店・長崎インター店
8590401,マックスバリュ 長崎インター店,食品,アサヒ 三ツ矢サイダー,1500ml,160,,,10/8〜10/12,本体148円(税込159.84円); お一人様1本限り / 同じチラシ: 諫早西部台店・溝陸店・長崎インター店
8590401,マックスバリュ 長崎インター店,食品,牛肉プルコギ味付焼肉用(解凍),100g当り,171,,,10/8〜10/12,本体158円(税込170.64円) / 同じチラシ: 諫早西部台店・溝陸店・長崎インター店
8590401,マックスバリュ 長崎インター店,食品,鶏ささみ大葉チーズロールカツ,1パック,387,,,10/8〜10/12,本体358円(税込386.64円) / 同じチラシ: 諫早西部台店・溝陸店・長崎インター店
8590401,マックスバリュ 長崎インター店,食品,大学芋(九州産はちみつ・紅はるか使用),1パック,214,,,10/8〜10/12,本体198円(税込213.84円) / 同じチラシ: 諫早西部台店・溝陸店・長崎インター店
8590401,マックスバリュ 長崎インター店,食品,酢鶏弁当,1パック,387,,,10/8〜10/12,本体358円(税込386.64円); 10時から / 同じチラシ: 諫早西部台店・溝陸店・長崎インター店
8590401,マックスバリュ 長崎インター店,食品,ミツカン 追いがつおつゆ2倍,500ml,203,,,10/8〜10/12,本体188円(税込203.04円) / 同じチラシ: 諫早西部台店・溝陸店・長崎インター店
8590401,マックスバリュ 長崎インター店,食品,浦島海苔 おかず海苔,6切5枚×6袋,214,,,10/8〜10/12,本体198円(税込213.84円) / 同じチラシ: 諫早西部台店・溝陸店・長崎インター店
8590401,マックスバリュ 長崎インター店,食品,カルビー クリスプ,各1袋,84,,,10/8〜10/12,本体78円(税込84.24円) / 同じチラシ: 諫早西部台店・溝陸店・長崎インター店
8590401,マックスバリュ 長崎インター店,食品,ブルボン アルフォート ファミリーサイズ等,各1袋,257,,,10/8〜10/12,本体238円(税込257.04円) / 同じチラシ: 諫早西部台店・溝陸店・長崎インター店
8590401,マックスバリュ 長崎インター店,食品,あらびきポークステーキ,100g当り,127,,,10/8〜10/12,本体118円(税込127.44円); 4時の市(夕方4時から) / 同じチラシ: 諫早西部台店・溝陸店・長崎インター店
8590401,マックスバリュ 長崎インター店,食品,おつまみ燻製チーズ揚げ,100g当り,289,,,10/8〜10/12,本体268円(税込289.44円); 4時の市 / 同じチラシ: 諫早西部台店・溝陸店・長崎インター店
8590401,マックスバリュ 長崎インター店,食品,ロイヤルカスタードプリン,105g,192,,,10/8〜10/12,本体178円(税込192.24円); 4時の市 / 同じチラシ: 諫早西部台店・溝陸店・長崎インター店
8590401,しまむら 多良見店,アパレル,しまむら Tシャツ各種(メンズ),1枚,330,,,10/7〜10/12,M〜LL
8590401,しまむら 多良見店,アパレル,しまむら ソックス各種(6足組),1組,330,,,10/7〜10/12,レディス・メンズ・キッズ
8590401,しまむら 多良見店,アパレル,しまむら ハイソックス(3足組),1組,330,,,10/7〜10/12,
8590401,しまむら 多良見店,アパレル,しまむら サンダル(レディス),1足,330,,,10/7〜10/12,
8590401,しまむら 多良見店,日用品,しまむら トイレ足元マット,1枚,330,,,10/7〜10/12,
8590401,しまむら 多良見店,アパレル,しまむら シャツ(レディス),1枚,550,,,10/7〜10/12,
8590401,しまむら 多良見店,アパレル,しまむら ブランドTシャツ各種(メンズ),1枚,550,,,10/7〜10/12,
8590401,しまむら 多良見店,アパレル,しまむら リラクシングパンツ,1本,550,,,10/7〜10/12,
8590401,しまむら 多良見店,アパレル,しまむら プルオーバー・ニットプルオーバー(レディス),1枚,550,,,10/7〜10/12,
8590401,しまむら 多良見店,アパレル,しまむら カップ付インナー,1枚,550,,,10/7〜10/12,
8590401,しまむら 多良見店,アパレル,しまむら キャラクタープルオーバー(キッズ),1枚,550,,,10/7〜10/12,
8590401,しまむら 多良見店,日用品,しまむら バスタオル・枕各種,1点,550,,,10/7〜10/12,
8590401,しまむら 多良見店,アパレル,しまむら デニムシャツ(レディス),1枚,770,,,10/7〜10/12,
8590401,しまむら 多良見店,アパレル,しまむら ワイドパンツ(レディス),1本,770,,,10/7〜10/12,
8590401,しまむら 多良見店,アパレル,しまむら ブランドプルオーバー・ブランドTシャツ,1枚,770,,,10/7〜10/12,
8590401,しまむら 多良見店,アパレル,しまむら パンツ(メンズ),1本,770,,,10/7〜10/12,
8590401,しまむら 多良見店,日用品,しまむら キッチンマット,1枚,770,,,10/7〜10/12,
8590401,しまむら 多良見店,アパレル,しまむら ジップパーカ,1枚,990,,,10/7〜10/12,
8590401,しまむら 多良見店,アパレル,しまむら キャラクター・ブランドパジャマ,1組,990,,,10/7〜10/12,
8590401,しまむら 多良見店,アパレル,しまむら ワンピース・キャラクターTシャツ・ショルダーバッグ,1点,770,,,10/7〜10/12,日替わり特価 お一人様2点まで
8590401,しまむら 多良見店,日用品,しまむら 敷きパッド各種,1枚,990,,,10/7〜10/12,日替わり特価
8590401,しまむら 多良見店,アパレル,しまむら ブランドジャケット+パンツセット,1組,1650,,,10/7〜10/12,日替わり特価
8590401,しまむら 多良見店,日用品,しまむら キッチンタオル・芳香剤・食品用ラップ,1点,110,,,10/7〜10/12,日替わり特価
8590401,しまむら 多良見店,アパレル,しまむら インナー・スリッパ,1点,330,,,10/7〜10/12,日替わり特価
8590401,業務スーパー 長崎多良見店,食品,エスビー 特製シチュー(クリーム・ビーフ)・特製ハヤシ,1箱,149,,,10/1〜10/31,税込は小数点以下切り捨て
8590401,業務スーパー 長崎多良見店,食品,日清 チキンラーメン・出前一丁・日清焼そば(業務スーパー),各5食入,419,,,10/1〜10/31,税込は小数点以下切り捨て
8590401,業務スーパー 長崎多良見店,食品,日清 あっさりおだしがおいしいどん兵衛,1個,116,,,10/1〜10/31,税込は小数点以下切り捨て
8590401,業務スーパー 長崎多良見店,食品,AGF ブレンディスティック,各24本入,570,,,10/1〜10/31,税込は小数点以下切り捨て
8590401,業務スーパー 長崎多良見店,食品,カルビー マイグラ,670g,527,,,10/1〜10/31,税込は小数点以下切り捨て
8590401,業務スーパー 長崎多良見店,食品,日清製粉ウェルナ スパゲティ(冷凍),各300g,149,,,10/1〜10/31,税込は小数点以下切り捨て
8590401,業務スーパー 長崎多良見店,食品,北海水産 シーフードミックス,300g,397,,,10/1〜10/31,税込は小数点以下切り捨て
8590401,業務スーパー 長崎多良見店,食品,ムラカワ ブレンドチーズ,400g,494,,,10/1〜10/31,税込は小数点以下切り捨て
8590401,業務スーパー 長崎多良見店,食品,丸大 ロースハム・ハーフベーコン,4パック,192,,,10/1〜10/31,税込は小数点以下切り捨て
8590401,業務スーパー 長崎多良見店,食品,デルモンテ トマトケチャップ,760g,278,,,10/1〜10/31,税込は小数点以下切り捨て
8590401,業務スーパー 長崎多良見店,食品,ニップン 薄力粉,1kg,170,,,10/1〜10/31,税込は小数点以下切り捨て
8590401,業務スーパー 長崎多良見店,食品,ポムフード オムライス(冷凍),250g,203,,,10/1〜10/31,税込は小数点以下切り捨て
8590401,業務スーパー 長崎多良見店,食品,料亭鍋のゆずぽん酢,360ml,213,,,10/1〜10/31,税込は小数点以下切り捨て
8590401,業務スーパー 長崎多良見店,食品,日清オイリオ ヘルシーごま香油,600g,807,,,10/1〜10/31,税込は小数点以下切り捨て
8590401,業務スーパー 長崎多良見店,食品,イカリ ウスター・とんかつ・お好み・焼そばソース,各500ml,181,,,10/1〜10/31,税込は小数点以下切り捨て
8590401,業務スーパー 長崎多良見店,食品,カルビー ポテトチップス ザ厚切り,各55g,95,,,10/1〜10/31,税込は小数点以下切り捨て
8590401,業務スーパー 長崎多良見店,食品,綾鷹・綾鷹 濃い緑茶,650ml,79,,,10/1〜10/31,税込は小数点以下切り捨て
8590401,業務スーパー 長崎多良見店,食品,ジョージア 深み焙煎,950ml,105,,,10/1〜10/31,税込は小数点以下切り捨て
8590401,業務スーパー 長崎多良見店,食品,明治 ブルガリアヨーグルト(業務スーパー),各70g×4,167,,,10/1〜10/31,税込は小数点以下切り捨て
8590401,業務スーパー 長崎多良見店,食品,JUCOVIA 業務用スライスチーズ,15g×15枚,289,,,10/1〜10/31,税込は小数点以下切り捨て
8590401,業務スーパー 長崎多良見店,食品,サラダスティック,10本入,84,,,10/1〜10/31,税込は小数点以下切り捨て
8590401,業務スーパー 長崎多良見店,食品,味の素 コンソメ顆粒,50g,105,,,10/1〜10/31,税込は小数点以下切り捨て
8590401,業務スーパー 長崎多良見店,食品,マルコメ プロ用だし入りみそ,950g,257,,,10/1〜10/31,税込は小数点以下切り捨て
8590401,業務スーパー 長崎多良見店,食品,ヤマキ 割烹白だし,1L,408,,,10/1〜10/31,税込は小数点以下切り捨て
8590401,業務スーパー 長崎多良見店,食品,マロニー,1袋,516,,,10/1〜10/31,税込は小数点以下切り捨て
8590401,業務スーパー 長崎多良見店,食品,特盛ごはん,300g×3P,527,,,10/1〜10/31,税込は小数点以下切り捨て
8590401,業務スーパー 長崎多良見店,食品,プリマハム 香薫ウインナー,284g,375,,,10/1〜10/31,税込は小数点以下切り捨て
8590401,業務スーパー 長崎多良見店,食品,TORIZEN ミートボール(冷凍),1kg,354,,,10/1〜10/31,税込は小数点以下切り捨て
8590401,業務スーパー 長崎多良見店,食品,焼上ハンバーグ,8個,408,,,10/1〜10/31,税込は小数点以下切り捨て
8590401,業務スーパー 長崎多良見店,食品,定塩銀鮭切身(冷凍),250g,624,,,10/1〜10/31,税込は小数点以下切り捨て
8590401,業務スーパー 長崎多良見店,食品,国産 豚切り落とし(冷凍),500g,635,,,10/1〜10/31,税込は小数点以下切り捨て
8590401,業務スーパー 長崎多良見店,日用品,使い捨てマスク,50枚,213,,,10/1〜10/31,税込は小数点以下切り捨て
8590401,ガッツ まつもとくん,食品,広島産カキフライ弁当,1個,646,,,10/10限り,お惣菜コーナー
8590401,ガッツ まつもとくん,食品,国産若鶏もも肉,100g,118,,,10/10限り,
8590401,ガッツ まつもとくん,食品,国産黒毛和牛切落し,100g,431,,,10/10限り,
8590401,ガッツ まつもとくん,食品,国産豚ロースしゃぶしゃぶ用,100g,204,,,10/10限り,
8590401,ガッツ まつもとくん,食品,プリマハム 香薫あらびきウィンナー大袋,480g,655,,,10/10限り,
8590401,ガッツ まつもとくん,食品,北海道産 南瓜,100g,31,,,10/10限り,
8590401,ガッツ まつもとくん,食品,佐賀産 レンコン,100g,53,,,10/10限り,
8590401,ガッツ まつもとくん,食品,洗いゴボー,1袋,107,,,10/10限り,青森・熊本産
8590401,ガッツ まつもとくん,食品,長崎産 エノキ茸,2袋,108,,,10/10限り,1袋59円
8590401,ガッツ まつもとくん,食品,北海道産 玉ねぎ(L大),2玉,108,,,10/10限り,1玉59円
8590401,ガッツ まつもとくん,食品,サンつがるりんご(大玉),2玉,324,,,10/10限り,1玉199円
8590401,ガッツ まつもとくん,食品,ゴールドキウイ,5玉,540,,,10/10限り,1玉129円
8590401,ガッツ まつもとくん,食品,シャインマスカット,1房,1079,,,10/10限り,
8590401,ガッツ まつもとくん,食品,刺身3品盛合せ,1パック,626,,,10/10限り,
8590401,ガッツ まつもとくん,食品,長崎産 生椎茸,1パック,107,,,10/11限り,
8590401,ガッツ まつもとくん,食品,北海道産 じゃがいも,1袋,108,,,10/11限り,
8590401,ガッツ まつもとくん,食品,バナナ,1カット,108,,,10/11限り,フィリピン産
8590401,ガッツ まつもとくん,食品,北海道産 人参,1袋,108,,,10/11限り,
8590401,ガッツ まつもとくん,食品,お徳用とまと,1袋,323,,,10/11限り,大分ほか
8590401,ガッツ まつもとくん,食品,福岡産 柿,5個,324,,,10/11限り,
8590401,ガッツ まつもとくん,食品,国産牛肉切り落とし,100g,377,,,10/11限り,
8590401,ガッツ まつもとくん,食品,国産若鶏手羽元,100g,75,,,10/11限り,
8590401,ガッツ まつもとくん,食品,国産豚バラ切落し,100g,215,,,10/11限り,
8590401,ガッツ まつもとくん,食品,丸大 燻製屋ウィンナー,1束,279,,,10/11限り,
8590401,ガッツ まつもとくん,食品,銀鮭,100g,215,,,10/11限り,
8590401,ガッツ まつもとくん,食品,大盛り唐揚げ弁当,1個,646,,,10/11限り,お惣菜コーナー
8590401,ガッツ まつもとくん,食品,ミニオードブル,1個,1079,,,10/11限り,お惣菜コーナー
8590401,ガッツ まつもとくん,食品,まつもと君こだわりL卵(赤玉),1パック,345,,,10/10〜10/16,お一人様2パックまで
8590401,ガッツ まつもとくん,食品,椎茸めしの素2合用・鶏めしの素3合用,各1袋,431,,,10/10〜10/16,
8590401,ガッツ まつもとくん,食品,ピザラボ 生地をくらうピザ(冷凍),各1袋,604,,,10/10〜10/16,
8590401,ガッツ まつもとくん,食品,まるごと柚子ドレッシング,550g,399,,,10/10〜10/16,
8590401,ガッツ まつもとくん,食品,コロコロバアム,250g,463,,,10/10〜10/16,
8590401,ガッツ まつもとくん,食品,ヤマザキ 薄皮パン各種,各1袋,150,,,10/10〜10/16,つぶあん・クリーム・チョコ・白あん
8590401,ガッツ まつもとくん,食品,長崎おでんセット,5枚,388,,,10/10〜10/16,
8590401,ガッツ まつもとくん,食品,長崎育ち皿うどん2食・ちゃんぽん2食,各1袋,139,,,10/10〜10/16,
8590401,ガッツ まつもとくん,食品,新米 虹の煌めき,5kg,2138,,,10/10〜10/16,島原食糧販売
8590401,ガッツ まつもとくん,食品,きねうちうどん,200g,118,,,10/10〜10/16,
8590401,ガッツ まつもとくん,食品,無添加焼肉のたれ 手作り,400g,431,,,10/10〜10/16,
8590401,ガッツ まつもとくん,食品,レンジで簡単調理!魚介のアヒージョ,410g,971,,,10/10〜10/16,
8590401,ガッツ まつもとくん,食品,福栗,8個入,431,,,10/10〜10/16,
8590401,ガッツ まつもとくん,食品,フランソア ダブルチョコボルガ等,各1袋,118,,,10/10〜10/16,
8590401,ガッツ まつもとくん,食品,大砲ラーメン ひとくち餃子,12g×12,172,,,10/10〜10/16,
8590401,ガッツ まつもとくん,食品,屋台風ラーメン 5食入,各1袋,366,,,10/10〜10/16,とんこつ・しょうゆ
8590401,ガッツ まつもとくん,食品,くらし良好 ヘルシーオフ,900g,323,,,10/12〜10/16,
8590401,ガッツ まつもとくん,食品,日清 どん兵衛各種,各1個,160,,,10/12〜10/16,
8590401,ガッツ まつもとくん,食品,グリコ ポッキー各種,各1箱,214,,,10/12〜10/16,
8590401,ガッツ まつもとくん,食品,東洋水産 3食焼きそば,150g×3,204,,,10/12〜10/16,
8590401,ガッツ まつもとくん,食品,はごろも シーチキンマイルド3缶,70g×3,463,,,10/12〜10/16,
8590401,ガッツ まつもとくん,食品,モンテール 牛乳と卵のシュークリーム各種,各1袋,107,,,10/12〜10/16,
8590401,ガッツ まつもとくん,食品,ヤマザキ BAKEONEおいものデニッシュ,4個入,161,,,10/12〜10/16,
8590401,ダイレックス 西諫早店,食品,ノルウェー産 赤魚フィーレ(解凍),1パック,410,,,10/8〜10/11,本体380円 / 同じチラシ: 諫早幸町店・東諫早店
8590401,ダイレックス 西諫早店,食品,刺身盛合せ(3品盛)(ダイレックス),1パック,518,,,10/8〜10/11,本体480円 / 同じチラシ: 諫早幸町店・東諫早店
8590401,ダイレックス 西諫早店,食品,お魚屋さんの握り盛合せ(8貫),1パック,518,,,10/8〜10/11,本体480円 / 同じチラシ: 諫早幸町店・東諫早店
8590401,ダイレックス 西諫早店,食品,お魚屋さんの握り盛合せ(12貫),1パック,810,,,10/8〜10/11,本体750円 / 同じチラシ: 諫早幸町店・東諫早店
8590401,ダイレックス 西諫早店,食品,長崎県産 活真鯛刺身用ブロック(養殖),100g当り,537,,,10/8〜10/11,本体498円 / 同じチラシ: 諫早幸町店・東諫早店
8590401,ダイレックス 西諫早店,食品,アメリカ産 スケソウダラ切身(解凍),100g当り,138,,,10/8〜10/11,本体128円 / 同じチラシ: 諫早幸町店・東諫早店
8590401,ダイレックス 西諫早店,食品,刺身盛合せ(5品盛)(ダイレックス),1パック,734,,,10/8〜10/11,本体680円; 2日間限り / 同じチラシ: 諫早幸町店・東諫早店
8590401,ダイレックス 西諫早店,食品,お魚屋さんの握り盛合せ(16貫),1パック,950,,,10/8〜10/11,本体880円; 2日間限り / 同じチラシ: 諫早幸町店・東諫早店
8590401,ダイレックス 西諫早店,食品,チリ産 銀鮭切身(養殖・解凍),100g当り,257,,,10/8〜10/11,本体238円; 2日間限り / 同じチラシ: 諫早幸町店・東諫早店
8590401,ダイレックス 西諫早店,食品,シューストリングポテト(ダイレックス),100g当り,108,,,10/8〜10/11,本体100円 / 同じチラシ: 諫早幸町店・東諫早店
8590401,ダイレックス 西諫早店,食品,6種具材の海老天丼,1パック,408,,,10/8〜10/11,本体378円 / 同じチラシ: 諫早幸町店・東諫早店
8590401,ダイレックス 西諫早店,食品,昔ながらのおやつコロッケ,4個入・1パック,181,,,10/8〜10/11,本体168円 / 同じチラシ: 諫早幸町店・東諫早店
8590401,ダイレックス 西諫早店,食品,まごころ特のり弁,1パック,408,,,10/8〜10/11,本体378円 / 同じチラシ: 諫早幸町店・東諫早店
8590401,ダイレックス 西諫早店,食品,たこ焼き(ダイレックス),12個入・1パック,537,,,10/8〜10/11,本体498円; 2日間限り / 同じチラシ: 諫早幸町店・東諫早店
8590401,ダイレックス 西諫早店,食品,頑固唐揚げ,100g当り,192,,,10/8〜10/11,本体178円; 2日間限り / 同じチラシ: 諫早幸町店・東諫早店
8590401,ダイレックス 西諫早店,食品,福岡県産 柿,1袋,429,,,10/8〜10/11,本体398円 / 同じチラシ: 諫早幸町店・東諫早店
8590401,ダイレックス 西諫早店,食品,群馬・熊本県産 キャベツ,1玉,213,,,10/8〜10/11,本体198円 / 同じチラシ: 諫早幸町店・東諫早店
8590401,ダイレックス 西諫早店,食品,長崎県産 生椎茸,1パック,105,,,10/8〜10/11,本体98円 / 同じチラシ: 諫早幸町店・東諫早店
8590401,ダイレックス 西諫早店,食品,長崎・熊本県産 梨,1パック,594,,,10/8〜10/11,本体550円 / 同じチラシ: 諫早幸町店・東諫早店
8590401,ダイレックス 西諫早店,食品,長崎県・北海道産 じゃが芋,1袋,213,,,10/8〜10/11,本体198円 / 同じチラシ: 諫早幸町店・東諫早店
8590401,ダイレックス 西諫早店,食品,長崎・熊本県産 トマト,1パック,270,,,10/8〜10/11,本体250円 / 同じチラシ: 諫早幸町店・東諫早店
8590401,ダイレックス 西諫早店,食品,長崎県産 極早生みかん,1袋,321,,,10/8〜10/11,本体298円 / 同じチラシ: 諫早幸町店・東諫早店
8590401,ダイレックス 西諫早店,食品,長崎・熊本県産 なす,1袋,213,,,10/8〜10/11,本体198円 / 同じチラシ: 諫早幸町店・東諫早店
8590401,ダイレックス 西諫早店,食品,青森県産 洗いごぼう,1袋,162,,,10/8〜10/11,本体150円 / 同じチラシ: 諫早幸町店・東諫早店
8590401,ダイレックス 西諫早店,食品,青森・長野県産 りんご,1玉,162,,,10/8〜10/11,本体150円 / 同じチラシ: 諫早幸町店・東諫早店
8590401,ダイレックス 西諫早店,食品,北海道産 玉ねぎ,1袋,213,,,10/8〜10/11,本体198円 / 同じチラシ: 諫早幸町店・東諫早店
8590401,ダイレックス 西諫早店,食品,群馬・熊本県産 きゅうり,1袋,213,,,10/8〜10/11,本体198円 / 同じチラシ: 諫早幸町店・東諫早店
8590401,ダイレックス 西諫早店,食品,国産 豚ロース生姜焼き用,100g当り,192,,,10/8〜10/11,本体178円 / 同じチラシ: 諫早幸町店・東諫早店
8590401,ダイレックス 西諫早店,食品,国産 若鶏手羽元,100g当り,62,,,10/8〜10/11,本体58円 / 同じチラシ: 諫早幸町店・東諫早店
8590401,ダイレックス 西諫早店,食品,国産 若鶏ムネ肉(味付け),100g当り,95,,,10/8〜10/11,本体88円; フライパンで簡単調理 / 同じチラシ: 諫早幸町店・東諫早店
8590401,ダイレックス 西諫早店,食品,国産 牛モモうす切り,100g当り,537,,,10/8〜10/11,本体498円 / 同じチラシ: 諫早幸町店・東諫早店
8590401,ダイレックス 西諫早店,食品,国産 豚モモブロック,100g当り,138,,,10/8〜10/11,本体128円 / 同じチラシ: 諫早幸町店・東諫早店
8590401,ダイレックス 西諫早店,食品,国産 若鶏ササミ(味付け),100g当り,105,,,10/8〜10/11,本体98円 / 同じチラシ: 諫早幸町店・東諫早店
8590401,ダイレックス 西諫早店,食品,国産 牛肩ロース焼肉用,100g当り,710,,,10/8〜10/11,本体658円 / 同じチラシ: 諫早幸町店・東諫早店
8590401,ダイレックス 西諫早店,食品,国産 豚バラ焼肉用,100g当り,224,,,10/8〜10/11,本体208円 / 同じチラシ: 諫早幸町店・東諫早店
8590401,ダイレックス 西諫早店,食品,国産 若鶏モモ肉(ダイレックス),100g当り,127,,,10/8〜10/11,本体118円 / 同じチラシ: 諫早幸町店・東諫早店
8590401,ダイレックス 西諫早店,食品,オーストラリア産 牛小間切れ,100g当り,311,,,10/8〜10/11,本体288円 / 同じチラシ: 諫早幸町店・東諫早店
8590401,ダイレックス 西諫早店,食品,国産 若鶏ムネ肉,100g当り,73,,,10/8〜10/11,本体68円 / 同じチラシ: 諫早幸町店・東諫早店
8590401,ダイレックス 西諫早店,食品,アメリカ産 牛プルコギ(味付・解凍),100g当り,170,,,10/8〜10/11,本体158円 / 同じチラシ: 諫早幸町店・東諫早店
8590401,ワークマンプラス 長崎北矢上店,アパレル,XShelter快適断熱Σ 撥水テックフーディ,1着,3990,,,10/9〜10/12,XShelter快適断熱Σ カタログ掲載価格
8590401,ワークマンプラス 長崎北矢上店,アパレル,XShelter快適断熱Σ テックジャケット,1着,3990,,,10/9〜10/12,XShelter快適断熱Σ カタログ掲載価格
8590401,ワークマンプラス 長崎北矢上店,アパレル,XShelter快適断熱Σ テックベスト,1着,2990,,,10/9〜10/12,XShelter快適断熱Σ カタログ掲載価格
8590401,ワークマンプラス 長崎北矢上店,アパレル,XShelter快適断熱Σ テックカーゴパンツ,1本,2990,,,10/9〜10/12,XShelter快適断熱Σ カタログ掲載価格
8590401,ワークマンプラス 長崎北矢上店,アパレル,XShelter快適断熱Σ テック2Bジャケット,1着,3990,,,10/9〜10/12,XShelter快適断熱Σ カタログ掲載価格
8590401,ワークマンプラス 長崎北矢上店,アパレル,XShelter快適断熱Σ スラックス,1本,2990,,,10/9〜10/12,XShelter快適断熱Σ カタログ掲載価格
8590401,ワークマンプラス 長崎北矢上店,アパレル,XShelter快適断熱Σ テック長袖シャツ,1枚,2990,,,10/9〜10/12,XShelter快適断熱Σ カタログ掲載価格
8590401,ワークマンプラス 長崎北矢上店,アパレル,XShelter快適断熱Σ テックカーディガン,1枚,2990,,,10/9〜10/12,XShelter快適断熱Σ カタログ掲載価格
8590401,ワークマンプラス 長崎北矢上店,アパレル,XShelter快適断熱Σ 撥水テックフードジャケット(レディース),1着,3990,,,10/9〜10/12,XShelter快適断熱Σ カタログ掲載価格
8590401,ワークマンプラス 長崎北矢上店,アパレル,XShelter快適断熱Σ ポンチョ,1枚,2500,,,10/9〜10/12,XShelter快適断熱Σ カタログ掲載価格
8590401,ワークマンプラス 長崎北矢上店,アパレル,XShelter快適断熱Σ キャップ,1個,1280,,,10/9〜10/12,XShelter快適断熱Σ カタログ掲載価格
8590401,ワークマンプラス 長崎北矢上店,アパレル,XShelter快適断熱Σ ハット シェード付き,1個,1780,,,10/9〜10/12,XShelter快適断熱Σ カタログ掲載価格
8590401,ワークマンプラス 長崎北矢上店,アパレル,XShelter快適断熱Σ アクティブグローブ,1双,1500,,,10/9〜10/12,XShelter快適断熱Σ カタログ掲載価格
8590401,エレナ 矢上店,食品,ハイライフポーク 豚ロース味噌漬け,100g当たり,139,,,10/6〜10/11,カナダ産 / 同じチラシ: 日見店・久原店・長与店
8590401,エレナ 矢上店,食品,九一庵 国産木綿・国産絹ごし豆腐,各300g,117,,,10/6〜10/11,同じチラシ: 日見店・久原店・長与店
8590401,エレナ 矢上店,食品,牛角キムチ 甘辛味,90g×2個パック,193,,,10/6〜10/11,同じチラシ: 日見店・久原店・長与店
8590401,エレナ 矢上店,食品,マルタイ 長崎皿うどん(エレナ),各140g,106,,,10/6〜10/11,オイスターソース味も同価格 / 同じチラシ: 日見店・久原店・長与店
8590401,エレナ 矢上店,食品,日清 カップヌードル(各種),1個,160,,,10/6〜10/11,同じチラシ: 日見店・久原店・長与店
8590401,エレナ 矢上店,食品,S&B 濃いシチュー,各168g・152g,214,,,10/6〜10/11,お一人様合計2箱限り / 同じチラシ: 日見店・久原店・長与店
8590401,エレナ 矢上店,食品,くらし良好 ロースハム・ベーコン,各4パック,290,,,10/6〜10/11,エレナポイント+20 / 同じチラシ: 日見店・久原店・長与店
8590401,エレナ 矢上店,食品,エバラ すき焼のたれ マイルド,500ml,268,,,10/6〜10/11,お一人様1本限り / 同じチラシ: 日見店・久原店・長与店
8590401,エレナ 矢上店,食品,くらし良好 トマトケチャップ,500g,160,,,10/6〜10/11,同じチラシ: 日見店・久原店・長与店
8590401,エレナ 矢上店,食品,丸美屋 国産パワーキッズ,各3個パック,106,,,10/6〜10/11,同じチラシ: 日見店・久原店・長与店
8590401,エレナ 矢上店,食品,八洋食品 ラーメン屋さんの餃子,14個入,182,,,10/6〜10/11,同じチラシ: 日見店・久原店・長与店
8590401,エレナ 矢上店,食品,伊藤ハム ラ・ピッツァ,各1枚入,268,,,10/6〜10/11,同じチラシ: 日見店・久原店・長与店
8590401,エレナ 矢上店,食品,パッカルゴールド,7本入,128,,,10/6〜10/11,同じチラシ: 日見店・久原店・長与店
8590401,エレナ 矢上店,食品,ニチレイ 大きな大きな焼きおにぎり,6個入,355,,,10/6〜10/11,冷凍 / 同じチラシ: 日見店・久原店・長与店
8590401,エレナ 矢上店,食品,日本茶 おいしく出せる緑茶ティーバッグ,3.5g×40袋,430,,,10/6〜10/11,同じチラシ: 日見店・久原店・長与店
8590401,エレナ 矢上店,食品,ヤマザキ 高級つぶあん,1個,117,,,10/6〜10/11,同じチラシ: 日見店・久原店・長与店
8590401,エレナ 矢上店,食品,フランソア メロンパン,1個,96,,,10/6〜10/11,同じチラシ: 日見店・久原店・長与店
8590401,エレナ 矢上店,食品,ヤマザキ 北海道チーズ蒸しケーキ,1個,106,,,10/6〜10/11,同じチラシ: 日見店・久原店・長与店
8590401,エレナ 矢上店,食品,湖池屋 ポリンキー,各55g,117,,,10/6〜10/11,同じチラシ: 日見店・久原店・長与店
8590401,エレナ 矢上店,食品,日清シスコ ココナッツサブレ,各16枚入,117,,,10/6〜10/11,同じチラシ: 日見店・久原店・長与店
8590401,エレナ 矢上店,食品,くらし良好 徳用いかの姿フライ,132g,236,,,10/6〜10/11,同じチラシ: 日見店・久原店・長与店
8590401,エレナ 矢上店,食品,くらし良好 珍味レンジャー,102g,333,,,10/6〜10/11,同じチラシ: 日見店・久原店・長与店
8590401,エレナ 矢上店,ドラッグ・コスメ,白元アース 快適ガードマスク,30枚入,658,,,10/6〜10/11,お一人様合計2箱限り / 同じチラシ: 日見店・久原店・長与店
8590401,エレナ 矢上店,食品,アサヒ スーパードライ 350ml 6缶パック,6缶,1098,,,10/6〜10/11,同じチラシ: 日見店・久原店・長与店
8590401,エレナ 矢上店,食品,アサヒ スーパードライ 350ml 24缶,1ケース,4387,,,10/6〜10/11,同じチラシ: 日見店・久原店・長与店
8590401,エレナ 矢上店,食品,伊藤園 お〜いお茶(緑茶・濃い茶),各600ml,85,,,10/6〜10/11,お一人様合計2本限り / 同じチラシ: 日見店・久原店・長与店
8590401,エレナ 矢上店,食品,三ツ星フィッシュ 生本まぐろお刺身用ブロック,100g当たり,1177,,,10/6〜10/11,10/9からのエレナ祭価格 / 同じチラシ: 日見店・久原店・長与店
8590401,エレナ 矢上店,食品,生本まぐろたっぷりお刺身盛合わせ,3品盛,1285,,,10/6〜10/11,10/9から / 同じチラシ: 日見店・久原店・長与店
8590401,エレナ 矢上店,食品,ノルウェー産 北極圏サーモンお刺身用ブロック,100g当たり,538,,,10/6〜10/11,10/9から / 同じチラシ: 日見店・久原店・長与店
8590401,エレナ 矢上店,食品,サーモンたっぷりお刺身盛合わせ,3品盛,970,,,10/6〜10/11,10/9から / 同じチラシ: 日見店・久原店・長与店
8590401,エレナ 矢上店,食品,粗挽きまぐろタタキ,200g入,862,,,10/6〜10/11,10/9から / 同じチラシ: 日見店・久原店・長与店
8590401,エレナ 矢上店,食品,トロびんちょうスライス,1パック,430,,,10/6〜10/11,10/9から / 同じチラシ: 日見店・久原店・長与店
8590401,エレナ 矢上店,食品,新仔うなぎ蒲焼 真空トレイパック,1パック,2041,,,10/6〜10/11,宮崎県産・10/9から / 同じチラシ: 日見店・久原店・長与店
8590401,エレナ 矢上店,食品,アルゼンチン有頭赤海老,5尾入,538,,,10/6〜10/11,10/9から / 同じチラシ: 日見店・久原店・長与店
8590401,エレナ 矢上店,食品,バナメイ無頭えび,100g当たり,182,,,10/6〜10/11,10/9から / 同じチラシ: 日見店・久原店・長与店
8590401,エレナ 矢上店,食品,さつまいも,100g当たり,42,,,10/6〜10/11,鹿児島県産ほか・10/9から / 同じチラシ: 日見店・久原店・長与店
8590401,エレナ 矢上店,食品,牛タンスライス(生)ねぎ塩カップ付,150g,1510,,,10/6〜10/11,10/9から / 同じチラシ: 日見店・久原店・長与店
8590401,エレナ 矢上店,食品,霜降りひらたけ,1パック,139,,,10/6〜10/11,10/9から / 同じチラシ: 日見店・久原店・長与店
8590401,エレナ 矢上店,食品,雪国まいたけ 極MEGA,1パック,139,,,10/6〜10/11,10/9から / 同じチラシ: 日見店・久原店・長与店
8590401,エレナ 矢上店,食品,うどん玉・ちゃんぽん玉(各メーカー),よりどり3玉,150,,,10/6〜10/11,2玉106円・10/9から / 同じチラシ: 日見店・久原店・長与店
8590401,エレナ 矢上店,食品,シマヤ だしの素 粉末,10g×12袋,182,,,10/6〜10/11,10/9から / 同じチラシ: 日見店・久原店・長与店
8590401,エレナ 矢上店,食品,ふるさと風味みそ,各1kg,214,,,10/6〜10/11,10/9から / 同じチラシ: 日見店・久原店・長与店
8590401,エレナ 矢上店,食品,うまかっちゃん(各種),5食入,322,,,10/6〜10/11,10/9から / 同じチラシ: 日見店・久原店・長与店
8590401,エレナ 矢上店,食品,カゴメ トマトジュース 食塩無添加,200ml,106,,,10/6〜10/11,10/9から / 同じチラシ: 日見店・久原店・長与店
8590401,エレナ 矢上店,食品,おかめ納豆 仕立て,3個組,106,,,10/6〜10/11,10/9から / 同じチラシ: 日見店・久原店・長与店
8590401,エレナ 矢上店,食品,濃厚仕立てもっちりやわらか絹厚揚げ,2枚入,96,,,10/6〜10/11,10/9から / 同じチラシ: 日見店・久原店・長与店
8590401,エレナ 矢上店,食品,ミンチ天,2枚入,139,,,10/6〜10/11,10/9から / 同じチラシ: 日見店・久原店・長与店
8590401,エレナ 矢上店,食品,長崎焼きそば,1袋,171,,,10/6〜10/11,10/9から / 同じチラシ: 日見店・久原店・長与店
8590401,エレナ 矢上店,食品,中島食品 きざみ白菜漬,150g,106,,,10/6〜10/11,10/9から / 同じチラシ: 日見店・久原店・長与店
8590401,エレナ 矢上店,食品,牧場の朝ヨーグルト,各3個組,117,,,10/6〜10/11,10/9から / 同じチラシ: 日見店・久原店・長与店
8590401,エレナ 矢上店,食品,うれしの茶 竹翠,100g,646,,,10/6〜10/11,10/9から / 同じチラシ: 日見店・久原店・長与店
8590401,エレナ 矢上店,食品,カルビー ポテトチップス,各55g・53g,117,,,10/6〜10/11,10/9から / 同じチラシ: 日見店・久原店・長与店
8590401,エレナ 矢上店,食品,ミルクレア ベルギーチョコ,6本入,268,,,10/6〜10/11,10/9から / 同じチラシ: 日見店・久原店・長与店
8590401,エレナ 矢上店,日用品,除菌ジョイコンパクト 詰替用,670ml,328,,,10/6〜10/11,10/9から / 同じチラシ: 日見店・久原店・長与店
8590401,エレナ 矢上店,食品,長崎県産 豚ロース厚切りスライス,100g当たり,214,,,10/6〜10/11,10/8限り / 同じチラシ: 日見店・久原店・長与店
8590401,エレナ 矢上店,食品,リンゴ各種,1玉,150,,,10/6〜10/11,青森県産ほか・10/8限り / 同じチラシ: 日見店・久原店・長与店
8590401,エレナ 矢上店,食品,長崎県産 豚こま切れ,100g当たり,160,,,10/6〜10/11,10/8限り / 同じチラシ: 日見店・久原店・長与店
8590401,エレナ 矢上店,食品,九州産 若どりモモ身,100g当たり,128,,,10/6〜10/11,10/8限り / 同じチラシ: 日見店・久原店・長与店
8590401,エレナ 矢上店,食品,1本釣りカツオタタキ お刺身用ブロック,100g当たり,312,,,10/6〜10/11,解凍・10/8限り / 同じチラシ: 日見店・久原店・長与店
8590401,エレナ 矢上店,食品,いかの唐揚げ(花咲のお惣菜),100g当たり,214,,,10/6〜10/11,10/8限り / 同じチラシ: 日見店・久原店・長与店
8590401,エレナ 矢上店,食品,のりタル弁当,1パック,376,,,10/6〜10/11,10/8限り / 同じチラシ: 日見店・久原店・長与店
8590401,エレナ 矢上店,食品,MEGAハンバーグ,1パック,321,,,10/6〜10/11,ひる3時からのタイムサービス / 同じチラシ: 日見店・久原店・長与店
8590401,エレナ 矢上店,食品,お米 全品,全品,,レジにて10%引,,10/6〜10/11,10/8限り / 同じチラシ: 日見店・久原店・長与店
8590401,エレナ 矢上店,食品,パン(パンの日),各種,,10%引,,10/6〜10/11,10/8限り / 同じチラシ: 日見店・久原店・長与店
8590401,エレナ 矢上店,食品,牛乳(牛乳の日),各種,,10%引,,10/6〜10/11,10/8限り / 同じチラシ: 日見店・久原店・長与店
8590401,イオン 東長崎店,アパレル,Urban Smart シルキーライクトレーナー(レディス),M〜LL,2178,,,10/9〜10/12,"本体1,980円 / 同じチラシ: 大村店"
8590401,イオン 東長崎店,アパレル,メリノ素材 クルーネックセーター(レディス),M〜L2L,4378,,,10/9〜10/12,"本体3,980円 / 同じチラシ: 大村店"
8590401,イオン 東長崎店,アパレル,Urban Smart ベロアワイドパンツ(レディス),M〜L,2618,,,10/9〜10/12,"本体2,380円 アプリクーポンでさらに10%OFF / 同じチラシ: 大村店"
8590401,イオン 東長崎店,アパレル,Urban Smart エクストラストレッチパンツ(メンズ),M〜L,2618,,,10/9〜10/12,"本体2,380円 / 同じチラシ: 大村店"
8590401,イオン 東長崎店,アパレル,Urban Smart さらっときれい見え イージーアイロンシャツ(メンズ),M〜L,2618,,,10/9〜10/12,"本体2,380円 / 同じチラシ: 大村店"
8590401,イオン 東長崎店,アパレル,AnnaLuna ニットロゴ2WAY巾着バッグ,1個,3278,,,10/9〜10/12,"本体2,980円 / 同じチラシ: 大村店"
8590401,イオン 東長崎店,日用品,スワンネル ひざ掛け,1枚,1650,,,10/9〜10/12,"本体1,500円 / 同じチラシ: 大村店"
8590401,イオン 東長崎店,日用品,HOME COORDY あたたかい洗えるフランネルラグ,185×185cm,3278,,,10/9〜10/12,"本体2,980円 / 同じチラシ: 大村店"
8590401,イオン 東長崎店,日用品,軽量毛布(シマエナガ) シングル,100×205cm,2178,,,10/9〜10/12,"本体1,980円 / 同じチラシ: 大村店"
8590401,イオン 東長崎店,アパレル,コットンシリーズ 9分袖インナー(レディス),M〜2XL,1078,,,10/9〜10/12,本体980円 / 同じチラシ: 大村店
8590401,イオン 東長崎店,アパレル,new balance DYNASOFT NB SAMPHER MEN V1(メンズ),25.0〜28.0cm,8690,,,10/9〜10/12,"本体7,900円 / 同じチラシ: 大村店"
8590401,イオン 東長崎店,アパレル,SKECHERS SWIFT FIT ROSEATE(レディス),23.0〜24.5cm,9350,,,10/9〜10/12,"本体8,500円 / 同じチラシ: 大村店"
8590401,イオン 東長崎店,食品,ハーゲンダッツ ミニカップ 各種,1個,289,,,10/9〜10/12,iAEONクーポンで40円引 / 同じチラシ: 大村店
8590401,イオン 東長崎店,食品,マルちゃん正麺 各種,5食,387,,,10/9〜10/12,iAEONクーポンで50円引 / 同じチラシ: 大村店
8590401,イオン 東長崎店,食品,伊藤園 お〜いお茶 緑茶 1ケース(イオン),1ケース,2273,,,10/9〜10/12,iAEONクーポンで600円引 / 同じチラシ: 大村店
8590401,イオン 東長崎店,食品,サントリー天然水 1ケース,1ケース,2273,,,10/9〜10/12,iAEONクーポンで600円引 / 同じチラシ: 大村店
8590401,イオン 東長崎店,食品,牛肉(交雑種) 切り落し焼肉用(かた・かたロース),100g,538,,,10/9〜10/12,10/10お10くデー / 同じチラシ: 大村店
8590401,イオン 東長崎店,食品,焼き上げハンバーグ,1パック,322,,,10/9〜10/12,10/10お10くデー / 同じチラシ: 大村店
8590401,イオン 東長崎店,食品,生本まぐろ中とろ(養殖) 刺身用,100g,1058,,,10/9〜10/12,10/10限り / 同じチラシ: 大村店
8590401,イオン 東長崎店,食品,スペイン産 イベリコ豚ばら しゃぶしゃぶ用(解凍),260g,626,,,10/9〜10/12,本体580円 / 同じチラシ: 大村店
8590401,イオン 東長崎店,食品,国産 若どり手羽もと(イオン),100g,84,,,10/9〜10/12,本体78円 / 同じチラシ: 大村店
8590401,イオン 東長崎店,食品,さつまいも(イオン),1本,106,,,10/9〜10/12,本体98円 / 同じチラシ: 大村店
8590401,イオン 東長崎店,食品,熊本県産 森のくまさん,5kg,2570,,,10/9〜10/12,10/10・11 お米の日 / 同じチラシ: 大村店
8590401,イオン 東長崎店,食品,元気づくし,5kg,2462,,,10/9〜10/12,10/10・11 お米の日 / 同じチラシ: 大村店
8590401,イオン 東長崎店,食品,牛肉(交雑種) ももステーキ用,100g,538,,,10/9〜10/12,10/11限り / 同じチラシ: 大村店
8590401,イオン 東長崎店,食品,長崎ちゃんぽん・博多長浜ラーメン・九州産高菜ラーメン(カップ),1個,127,,,10/9〜10/12,10/12限り / 同じチラシ: 大村店
8590401,イオン 東長崎店,日用品,花王 キュキュット 詰替,1袋,300,,,10/9〜10/12,本体278円 / 同じチラシ: 大村店
8590401,TRIAL smart 東長崎店,ドラッグ・コスメ,コーセーコスメポート ジュレーム 大容量詰替 各種(TRIAL smart 東長崎店),680ml,877,,,10/1〜10/31,本体798円。月間チラシ(ヘルス&ビューティー/生活消耗 今月のおすすめ品) / 同じチラシ: 諫早店
8590401,TRIAL smart 東長崎店,ドラッグ・コスメ,ヘンケル サイオス オレオクリーム 各種(TRIAL smart 東長崎店),50g+50g,877,,,10/1〜10/31,本体798円。月間チラシ(ヘルス&ビューティー/生活消耗 今月のおすすめ品) / 同じチラシ: 諫早店
8590401,TRIAL smart 東長崎店,ドラッグ・コスメ,アドリックス ビューティーチャージ 各種(TRIAL smart 東長崎店),80g,470,,,10/1〜10/31,本体428円。月間チラシ(ヘルス&ビューティー/生活消耗 今月のおすすめ品) / 同じチラシ: 諫早店
8590401,TRIAL smart 東長崎店,日用品,ライオン NANOX one ウルトラジャンボ詰替 洗浄プラス・ニオイ専用(TRIAL smart 東長崎店),"1,530g",1518,,,10/1〜10/31,"本体1,380円。月間チラシ(ヘルス&ビューティー/生活消耗 今月のおすすめ品) / 同じチラシ: 諫早店"
8590401,TRIAL smart 東長崎店,日用品,ライオン NANOX one ウルトラジャンボ詰替 Pro(TRIAL smart 東長崎店),"1,400g",1628,,,10/1〜10/31,"本体1,480円。月間チラシ(ヘルス&ビューティー/生活消耗 今月のおすすめ品) / 同じチラシ: 諫早店"
8590401,TRIAL smart 東長崎店,日用品,P&G レノアハピネス ミスト本体 各種(TRIAL smart 東長崎店),370ml,382,,,10/1〜10/31,本体348円。月間チラシ(ヘルス&ビューティー/生活消耗 今月のおすすめ品) / 同じチラシ: 諫早店
8590401,TRIAL smart 東長崎店,日用品,ファブリックミスト KOGANE FUWARI(TRIAL smart 東長崎店),370ml,547,,,10/1〜10/31,本体498円。数量限定。月間チラシ(ヘルス&ビューティー/生活消耗 今月のおすすめ品) / 同じチラシ: 諫早店
8590401,TRIAL smart 東長崎店,日用品,衣料洗剤 KOGANE FUWARI(TRIAL smart 東長崎店),"1,200g",437,,,10/1〜10/31,本体398円。数量限定。月間チラシ(ヘルス&ビューティー/生活消耗 今月のおすすめ品) / 同じチラシ: 諫早店
8590401,TRIAL smart 東長崎店,日用品,トイレ用消臭芳香剤・室内用置き型芳香剤 こがねふわり(TRIAL smart 東長崎店),各400ml,217,,,10/1〜10/31,本体198円。数量限定。月間チラシ(ヘルス&ビューティー/生活消耗 今月のおすすめ品) / 同じチラシ: 諫早店
8590401,TRIAL smart 東長崎店,日用品,リードディフューザー こがねふわり(TRIAL smart 東長崎店),90ml,550,,,10/1〜10/31,本体500円。数量限定。月間チラシ(ヘルス&ビューティー/生活消耗 今月のおすすめ品) / 同じチラシ: 諫早店
8590401,TRIAL smart 東長崎店,日用品,秋の香りフレグランスゲル アソートセット(TRIAL smart 東長崎店),60g×2,440,,,10/1〜10/31,本体400円。数量限定。月間チラシ(ヘルス&ビューティー/生活消耗 今月のおすすめ品) / 同じチラシ: 諫早店
8590401,TRIAL smart 東長崎店,日用品,トライアル フリーザーバッグ 各種(TRIAL smart 東長崎店),1個,217,,,10/1〜10/31,本体198円。月間チラシ(ヘルス&ビューティー/生活消耗 今月のおすすめ品) / 同じチラシ: 諫早店
8590401,TRIAL smart 東長崎店,日用品,TRB 2倍巻きパルプトイレット(50m12RW・100m12RS)(TRIAL smart 東長崎店),12ロール,657,,,10/1〜10/31,本体598円。月間チラシ(ヘルス&ビューティー/生活消耗 今月のおすすめ品) / 同じチラシ: 諫早店
8590401,TRIAL smart 東長崎店,日用品,TRB ソフトパックティッシュ 10パック(TRIAL smart 東長崎店),150組×10,360,,,10/1〜10/31,本体328円。月間チラシ(ヘルス&ビューティー/生活消耗 今月のおすすめ品) / 同じチラシ: 諫早店
8590401,TRIAL smart 東長崎店,日用品,TRB ソフトパックティッシュ 5パック(TRIAL smart 東長崎店),150組×5,184,,,10/1〜10/31,本体168円。月間チラシ(ヘルス&ビューティー/生活消耗 今月のおすすめ品) / 同じチラシ: 諫早店
8590401,TRIAL smart 東長崎店,日用品,ムーニーマシュマロ肌ごこち・モレ安心・ムーニーマン 各種(TRIAL smart 東長崎店),1パック,1515,,,10/1〜10/31,"本体1,378円。ユニ・チャーム。月間チラシ(ヘルス&ビューティー/生活消耗 今月のおすすめ品) / 同じチラシ: 諫早店"
8590401,TRIAL smart 東長崎店,ドラッグ・コスメ,オフテクス クリアデュー ハイドロワンステップ(TRIAL smart 東長崎店),28錠,1427,,,10/1〜10/31,"本体1,298円。月間チラシ(ヘルス&ビューティー/生活消耗 今月のおすすめ品) / 同じチラシ: 諫早店"
8590401,TRIAL smart 東長崎店,ドラッグ・コスメ,小林製薬 サラサーティコットン100 各種(TRIAL smart 東長崎店),112枚,547,,,10/1〜10/31,本体498円。月間チラシ(ヘルス&ビューティー/生活消耗 今月のおすすめ品) / 同じチラシ: 諫早店
8590401,ダイレックス 諫早幸町店,日用品,ハミング 消臭実感 詰替用(諫早幸町店),1袋,218,,,10/8〜10/11,同じチラシ: 東諫早店・西諫早店
8590401,ダイレックス 諫早幸町店,日用品,パンテーン 詰替用 超特大(諫早幸町店),1袋,899,,,10/8〜10/11,同じチラシ: 東諫早店・西諫早店
8590401,ダイレックス 諫早幸町店,日用品,トイレの消臭元(諫早幸町店),280ml,269,,,10/8〜10/11,同じチラシ: 東諫早店・西諫早店
8590401,ダイレックス 諫早幸町店,家電,TIGER マイコン炊飯ジャー 3合(諫早幸町店),1台,8990,,,10/8〜10/11,同じチラシ: 東諫早店・西諫早店
8590401,ダイレックス 諫早幸町店,家電,KOIZUMI オーブントースター KOS-1019(諫早幸町店),1台,2490,,,10/8〜10/11,同じチラシ: 東諫早店・西諫早店
8590401,ダイレックス 諫早幸町店,家電,YAMAZEN 極のたこ焼き器(諫早幸町店),1台,2990,,,10/8〜10/11,同じチラシ: 東諫早店・西諫早店
8590401,ダイレックス 諫早幸町店,日用品,サーモス ステンレスランチジャー(諫早幸町店),1個,3980,,,10/8〜10/11,同じチラシ: 東諫早店・西諫早店
8590401,ダイレックス 諫早幸町店,アパレル,裏パイルスウェット上下組(諫早幸町店),1組,1680,,,10/8〜10/11,同じチラシ: 東諫早店・西諫早店
8590401,ダイレックス 諫早幸町店,アパレル,HEAD 3足組スニーカーソックス(諫早幸町店),3足,498,,,10/8〜10/11,同じチラシ: 東諫早店・西諫早店
8590401,ダイレックス 諫早幸町店,日用品,ウレタン手袋(諫早幸町店),10双組,848,,,10/8〜10/11,同じチラシ: 東諫早店・西諫早店
8590401,ダイレックス 諫早幸町店,その他,アサヒ スーパードライ(諫早幸町店),350ml×6,1035,,,10/8〜10/11,"24缶は4,140円 / 同じチラシ: 東諫早店・西諫早店"
8590401,ダイレックス 諫早幸町店,その他,キリン 一番搾り(諫早幸町店),350ml×6,1035,,,10/8〜10/11,"24缶は4,140円 / 同じチラシ: 東諫早店・西諫早店"
8590401,ダイレックス 諫早幸町店,その他,サッポロ ラガービール(諫早幸町店),350ml×6,1068,,,10/8〜10/11,同じチラシ: 東諫早店・西諫早店
8590401,ダイレックス 諫早幸町店,食品,丸大 燻製屋ウインナー(諫早幸町店),1袋,258,,,10/8〜10/11,今週のイチ押し / 同じチラシ: 東諫早店・西諫早店
8590401,ダイレックス 諫早幸町店,食品,マルちゃん 焼そば(諫早幸町店),3人前,178,,,10/8〜10/11,同じチラシ: 東諫早店・西諫早店
8590401,ダイレックス 諫早幸町店,食品,ブルボン クッキー・ビスケット(チョコチップ等)(諫早幸町店),各1袋,108,,,10/8〜10/11,今週のイチ押し / 同じチラシ: 東諫早店・西諫早店
8590401,ダイレックス 諫早幸町店,食品,不二家 カントリーマアム(諫早幸町店),1袋,199,,,10/8〜10/11,同じチラシ: 東諫早店・西諫早店
8590401,ダイレックス 諫早幸町店,食品,コカ・コーラ(諫早幸町店),1.5L,159,,,10/8〜10/11,同じチラシ: 東諫早店・西諫早店
8590401,ダイレックス 諫早幸町店,食品,日清 焼そばU.F.O.(諫早幸町店),1個,149,,,10/8〜10/11,今週のイチ押し / 同じチラシ: 東諫早店・西諫早店
8590401,ダイレックス 諫早幸町店,食品,マルタイ 棒ラーメン(諫早幸町店),1袋,139,,,10/8〜10/11,同じチラシ: 東諫早店・西諫早店
8590401,ダイレックス 諫早幸町店,食品,ハインツ トマトケチャップ 逆さボトル(諫早幸町店),460g,228,,,10/8〜10/11,同じチラシ: 東諫早店・西諫早店
8590401,ダイレックス 諫早幸町店,食品,キユーピー ハーフ(諫早幸町店),400g,279,,,10/8〜10/11,同じチラシ: 東諫早店・西諫早店
8590401,ダイレックス 諫早幸町店,食品,桃屋 キムチの素(諫早幸町店),190g,199,,,10/8〜10/11,同じチラシ: 東諫早店・西諫早店
8590401,ダイレックス 諫早幸町店,日用品,アリエール ジェル ウルトラジャンボ(諫早幸町店),1袋,699,,,10/8〜10/11,今週のイチ押し / 同じチラシ: 東諫早店・西諫早店
8590401,ダイレックス 諫早幸町店,日用品,レノア 超消臭 詰替(諫早幸町店),1袋,1499,,,10/8〜10/11,同じチラシ: 東諫早店・西諫早店
8590401,ダイレックス 諫早幸町店,日用品,カビキラー 付替(諫早幸町店),1本,139,,,10/8〜10/11,同じチラシ: 東諫早店・西諫早店
8590401,ダイレックス 諫早幸町店,日用品,バスマジックリン 泡立ちスプレー 詰替(諫早幸町店),1袋,328,,,10/8〜10/11,同じチラシ: 東諫早店・西諫早店
8590401,ダイレックス 諫早幸町店,アパレル,ボクサーパンツ(諫早幸町店),3枚組,1280,,,10/8〜10/11,同じチラシ: 東諫早店・西諫早店
8590401,ダイレックス 諫早幸町店,アパレル,デザインTシャツ(諫早幸町店),1枚,798,,,10/8〜10/11,同じチラシ: 東諫早店・西諫早店
8590401,ダイレックス 諫早幸町店,アパレル,トレーニングパンツ(諫早幸町店),1枚,1080,,,10/8〜10/11,同じチラシ: 東諫早店・西諫早店
8590401,ダイレックス 諫早幸町店,アパレル,Tシャツ(諫早幸町店),2枚組,1380,,,10/8〜10/11,今週のイチ押し / 同じチラシ: 東諫早店・西諫早店
8590401,ダイレックス 諫早幸町店,アパレル,クッションクロッグサンダル(諫早幸町店),1足,1780,,,10/8〜10/11,同じチラシ: 東諫早店・西諫早店
8590401,ダイレックス 諫早幸町店,家電,TCL 55V型スマートテレビ(諫早幸町店),1台,59900,,,10/8〜10/11,今週のイチ押し / 同じチラシ: 東諫早店・西諫早店
8590401,ダイレックス 諫早幸町店,家電,SHARP マイコン炊飯ジャー(諫早幸町店),1台,7990,,,10/8〜10/11,同じチラシ: 東諫早店・西諫早店
8590401,ダイレックス 諫早幸町店,日用品,Rakucho フライパン用ホイルシートL(諫早幸町店),1個,358,,,10/8〜10/11,今週のイチ押し / 同じチラシ: 東諫早店・西諫早店
8590401,ダイレックス 諫早幸町店,日用品,カセットガス オレンジボンベ(諫早幸町店),3本組,980,,,10/8〜10/11,同じチラシ: 東諫早店・西諫早店
8590401,ダイレックス 諫早幸町店,食品,ノルウェー産 赤魚フィーレ(解凍)(諫早幸町店),1パック,410,,,10/8〜10/11,本体380円 / 同じチラシ: 東諫早店・西諫早店
8590401,ダイレックス 諫早幸町店,食品,刺身盛合せ(3品盛)(ダイレックス)(諫早幸町店),1パック,518,,,10/8〜10/11,本体480円 / 同じチラシ: 東諫早店・西諫早店
8590401,ダイレックス 諫早幸町店,食品,お魚屋さんの握り盛合せ(8貫)(諫早幸町店),1パック,518,,,10/8〜10/11,本体480円 / 同じチラシ: 東諫早店・西諫早店
8590401,ダイレックス 諫早幸町店,食品,お魚屋さんの握り盛合せ(12貫)(諫早幸町店),1パック,810,,,10/8〜10/11,本体750円 / 同じチラシ: 東諫早店・西諫早店
8590401,ダイレックス 諫早幸町店,食品,長崎県産 活真鯛刺身用ブロック(養殖)(諫早幸町店),100g当り,537,,,10/8〜10/11,本体498円 / 同じチラシ: 東諫早店・西諫早店
8590401,ダイレックス 諫早幸町店,食品,アメリカ産 スケソウダラ切身(解凍)(諫早幸町店),100g当り,138,,,10/8〜10/11,本体128円 / 同じチラシ: 東諫早店・西諫早店
8590401,ダイレックス 諫早幸町店,食品,刺身盛合せ(5品盛)(ダイレックス)(諫早幸町店),1パック,734,,,10/8〜10/11,本体680円; 2日間限り / 同じチラシ: 東諫早店・西諫早店
8590401,ダイレックス 諫早幸町店,食品,お魚屋さんの握り盛合せ(16貫)(諫早幸町店),1パック,950,,,10/8〜10/11,本体880円; 2日間限り / 同じチラシ: 東諫早店・西諫早店
8590401,ダイレックス 諫早幸町店,食品,チリ産 銀鮭切身(養殖・解凍)(諫早幸町店),100g当り,257,,,10/8〜10/11,本体238円; 2日間限り / 同じチラシ: 東諫早店・西諫早店
8590401,ダイレックス 諫早幸町店,食品,シューストリングポテト(ダイレックス)(諫早幸町店),100g当り,108,,,10/8〜10/11,本体100円 / 同じチラシ: 東諫早店・西諫早店
8590401,ダイレックス 諫早幸町店,食品,6種具材の海老天丼(諫早幸町店),1パック,408,,,10/8〜10/11,本体378円 / 同じチラシ: 東諫早店・西諫早店
8590401,ダイレックス 諫早幸町店,食品,昔ながらのおやつコロッケ(諫早幸町店),4個入・1パック,181,,,10/8〜10/11,本体168円 / 同じチラシ: 東諫早店・西諫早店
8590401,ダイレックス 諫早幸町店,食品,まごころ特のり弁(諫早幸町店),1パック,408,,,10/8〜10/11,本体378円 / 同じチラシ: 東諫早店・西諫早店
8590401,ダイレックス 諫早幸町店,食品,たこ焼き(ダイレックス)(諫早幸町店),12個入・1パック,537,,,10/8〜10/11,本体498円; 2日間限り / 同じチラシ: 東諫早店・西諫早店
8590401,ダイレックス 諫早幸町店,食品,頑固唐揚げ(諫早幸町店),100g当り,192,,,10/8〜10/11,本体178円; 2日間限り / 同じチラシ: 東諫早店・西諫早店
8590401,ダイレックス 諫早幸町店,食品,福岡県産 柿(諫早幸町店),1袋,429,,,10/8〜10/11,本体398円 / 同じチラシ: 東諫早店・西諫早店
8590401,ダイレックス 諫早幸町店,食品,群馬・熊本県産 キャベツ(諫早幸町店),1玉,213,,,10/8〜10/11,本体198円 / 同じチラシ: 東諫早店・西諫早店
8590401,ダイレックス 諫早幸町店,食品,長崎県産 生椎茸(諫早幸町店),1パック,105,,,10/8〜10/11,本体98円 / 同じチラシ: 東諫早店・西諫早店
8590401,ダイレックス 諫早幸町店,食品,長崎・熊本県産 梨(諫早幸町店),1パック,594,,,10/8〜10/11,本体550円 / 同じチラシ: 東諫早店・西諫早店
8590401,ダイレックス 諫早幸町店,食品,長崎県・北海道産 じゃが芋(諫早幸町店),1袋,213,,,10/8〜10/11,本体198円 / 同じチラシ: 東諫早店・西諫早店
8590401,ダイレックス 諫早幸町店,食品,長崎・熊本県産 トマト(諫早幸町店),1パック,270,,,10/8〜10/11,本体250円 / 同じチラシ: 東諫早店・西諫早店
8590401,ダイレックス 諫早幸町店,食品,長崎県産 極早生みかん(諫早幸町店),1袋,321,,,10/8〜10/11,本体298円 / 同じチラシ: 東諫早店・西諫早店
8590401,ダイレックス 諫早幸町店,食品,長崎・熊本県産 なす(諫早幸町店),1袋,213,,,10/8〜10/11,本体198円 / 同じチラシ: 東諫早店・西諫早店
8590401,ダイレックス 諫早幸町店,食品,青森県産 洗いごぼう(諫早幸町店),1袋,162,,,10/8〜10/11,本体150円 / 同じチラシ: 東諫早店・西諫早店
8590401,ダイレックス 諫早幸町店,食品,青森・長野県産 りんご(諫早幸町店),1玉,162,,,10/8〜10/11,本体150円 / 同じチラシ: 東諫早店・西諫早店
8590401,ダイレックス 諫早幸町店,食品,北海道産 玉ねぎ(諫早幸町店),1袋,213,,,10/8〜10/11,本体198円 / 同じチラシ: 東諫早店・西諫早店
8590401,ダイレックス 諫早幸町店,食品,群馬・熊本県産 きゅうり(諫早幸町店),1袋,213,,,10/8〜10/11,本体198円 / 同じチラシ: 東諫早店・西諫早店
8590401,ダイレックス 諫早幸町店,食品,国産 豚ロース生姜焼き用(諫早幸町店),100g当り,192,,,10/8〜10/11,本体178円 / 同じチラシ: 東諫早店・西諫早店
8590401,ダイレックス 諫早幸町店,食品,国産 若鶏手羽元(諫早幸町店),100g当り,62,,,10/8〜10/11,本体58円 / 同じチラシ: 東諫早店・西諫早店
8590401,ダイレックス 諫早幸町店,食品,国産 若鶏ムネ肉(味付け)(諫早幸町店),100g当り,95,,,10/8〜10/11,本体88円; フライパンで簡単調理 / 同じチラシ: 東諫早店・西諫早店
8590401,ダイレックス 諫早幸町店,食品,国産 牛モモうす切り(諫早幸町店),100g当り,537,,,10/8〜10/11,本体498円 / 同じチラシ: 東諫早店・西諫早店
8590401,ダイレックス 諫早幸町店,食品,国産 豚モモブロック(諫早幸町店),100g当り,138,,,10/8〜10/11,本体128円 / 同じチラシ: 東諫早店・西諫早店
8590401,ダイレックス 諫早幸町店,食品,国産 若鶏ササミ(味付け)(諫早幸町店),100g当り,105,,,10/8〜10/11,本体98円 / 同じチラシ: 東諫早店・西諫早店
8590401,ダイレックス 諫早幸町店,食品,国産 牛肩ロース焼肉用(諫早幸町店),100g当り,710,,,10/8〜10/11,本体658円 / 同じチラシ: 東諫早店・西諫早店
8590401,ダイレックス 諫早幸町店,食品,国産 豚バラ焼肉用(諫早幸町店),100g当り,224,,,10/8〜10/11,本体208円 / 同じチラシ: 東諫早店・西諫早店
8590401,ダイレックス 諫早幸町店,食品,国産 若鶏モモ肉(ダイレックス)(諫早幸町店),100g当り,127,,,10/8〜10/11,本体118円 / 同じチラシ: 東諫早店・西諫早店
8590401,ダイレックス 諫早幸町店,食品,オーストラリア産 牛小間切れ(諫早幸町店),100g当り,311,,,10/8〜10/11,本体288円 / 同じチラシ: 東諫早店・西諫早店
8590401,ダイレックス 諫早幸町店,食品,国産 若鶏ムネ肉(諫早幸町店),100g当り,73,,,10/8〜10/11,本体68円 / 同じチラシ: 東諫早店・西諫早店
8590401,ダイレックス 諫早幸町店,食品,アメリカ産 牛プルコギ(味付・解凍)(諫早幸町店),100g当り,170,,,10/8〜10/11,本体158円 / 同じチラシ: 東諫早店・西諫早店
8590401,ダイレックス 木場店,食品,ブルボン チョコチップクッキー・バタークッキーほか(今週のイチ押し),各種,108,,,10/7〜10/12,
8590401,ダイレックス 木場店,食品,サーティワン チョコレート,15粒,199,,,10/7〜10/12,
8590401,ダイレックス 木場店,食品,ブルボン バラエティーアソート,281g,399,,,10/7〜10/12,
8590401,ダイレックス 木場店,食品,ロッテ トッポ各種(ダイレックス),各2袋入,129,,,10/7〜10/12,
8590401,ダイレックス 木場店,食品,ロッテ ラミー・バッカス,各種,249,,,10/7〜10/12,
8590401,ダイレックス 木場店,食品,UHA味覚糖 コグミ・シゲキックス各種,各種,108,,,10/7〜10/12,
8590401,ダイレックス 木場店,食品,日清食品 どん兵衛(きつねうどん・天ぷらそば・肉うどんほか)・焼きそばU.F.O.,各種,149,,,10/7〜10/12,
8590401,ダイレックス 木場店,食品,マルタイ 棒ラーメン(しょうゆ・屋台とんこつ),各種,139,,,10/7〜10/12,
8590401,ダイレックス 木場店,食品,東洋水産 鍋の〆に食べるラーメン,1袋,99,,,10/7〜10/12,
8590401,ダイレックス 木場店,食品,東洋水産 お鍋にポン各種,3人前,99,,,10/7〜10/12,
8590401,ダイレックス 木場店,食品,ハウス シチューミクス(クリーム・濃厚仕立て),各170g,279,,,10/7〜10/12,
8590401,ダイレックス 木場店,食品,イチビキ ストレート鍋つゆ(キムチ鍋・豚みそちゃんこほか),各720g,159,,,10/7〜10/12,
8590401,ダイレックス 木場店,食品,キユーピー あえるパスタソース(たらこ・明太子ほか),各種,179,,,10/7〜10/12,
8590401,ダイレックス 木場店,食品,丸美屋 麻婆茄子の素,各180g,159,,,10/7〜10/12,
8590401,ダイレックス 木場店,食品,Umios さんま蒲焼,各100g,239,,,10/7〜10/12,
8590401,ダイレックス 木場店,食品,Lサイズ ポテトチップス・カラムーチョほか,各種,179,,,10/7〜10/12,
8590401,ダイレックス 木場店,食品,亀田製菓 おっとっと・ぷんわり名人ほか,各種,89,,,10/7〜10/12,
8590401,ダイレックス 木場店,食品,ふんわり名人 きなこ餅,75g,199,,,10/7〜10/12,
8590401,ダイレックス 木場店,食品,ポッカサッポロ じっくりコトコトこんがりパン,各種,139,,,10/7〜10/12,
8590401,ダイレックス 木場店,食品,エースコック ハイイの おもてなし,各種,139,,,10/7〜10/12,
8590401,ダイレックス 木場店,食品,理研ビタミン わかめスープ各種,各8P,299,,,10/7〜10/12,
8590401,ダイレックス 木場店,食品,永谷園 お茶づけ海苔,8袋入,218,,,10/7〜10/12,
8590401,ダイレックス 木場店,食品,ハインツ トマトケチャップ逆さボトル,460g,228,,,10/7〜10/12,
8590401,ダイレックス 木場店,食品,キユーピー ハーフ(ダイレックス 木場店),400g,279,,,10/7〜10/12,
8590401,ダイレックス 木場店,食品,桃屋 キムチの素(ダイレックス),190g,199,,,10/7〜10/12,
8590401,ダイレックス 木場店,食品,伊藤園 お〜いお茶 PURE GREEN・健康ミネラルむぎ茶・黒豆茶,各2L,129,,,10/7〜10/12,
8590401,ダイレックス 木場店,食品,コカ・コーラ(レギュラー・ゼロ),各1.5L,159,,,10/7〜10/12,
8590401,ダイレックス 木場店,食品,アサヒ 十六茶 660ml×24本,1ケース,1580,,,10/7〜10/12,
8590401,ダイレックス 木場店,食品,アサヒ ウィルキンソン タンサン 500ml×24本,1ケース,1596,,,10/7〜10/12,
8590401,ダイレックス 木場店,食品,アサヒ green cola・三ツ矢・カルピスウォーター各種,各種,89,,,10/7〜10/12,
8590401,ダイレックス 木場店,食品,味の素AGF ブレンディ袋・マキシム袋,各種,799,,,10/7〜10/12,
8590401,ダイレックス 木場店,食品,AGF ちょっと贅沢な珈琲店 グランドテイスト,各240g,598,,,10/7〜10/12,
8590401,ダイレックス 木場店,食品,丸大食品 燻製屋ウインナー,各90g×2,258,,,10/7〜10/12,今週のイチ押し
8590401,ダイレックス 木場店,食品,東洋水産 至極の食卓 マルちゃん焼そば,各150g×2食,178,,,10/7〜10/12,
8590401,ダイレックス 木場店,食品,伊藤ハム ベーカーガーデン(マルゲリータほか),各1枚,228,,,10/7〜10/12,
8590401,ダイレックス 木場店,食品,やさしい牛乳 華原のまごころ,1000ml,189,,,10/7〜10/12,
8590401,ダイレックス 木場店,食品,家族の潤い牛乳,900ml,138,,,10/7〜10/12,
8590401,ダイレックス 木場店,食品,森永乳業 トリプルヨーグルト・ビヒダスヨーグルト便通改善,各種,118,,,10/7〜10/12,
8590401,ダイレックス 木場店,食品,オハヨー 長崎の果実ヨーグルト,各70g×4,158,,,10/7〜10/12,
8590401,ダイレックス 木場店,食品,ミツカン 金のつぶ(あらびきマスタード・たまご醤油たれほか),各45g×3,108,,,10/7〜10/12,
8590401,ダイレックス 木場店,食品,日清食品 冷凍日清中華 汁なし担々麺大盛り,360g,228,,,10/7〜10/12,
8590401,ダイレックス 木場店,食品,ジャンボ ミニチョコブラボン,4個入,138,,,10/7〜10/12,
8590401,ダイレックス 木場店,食品,テーブルマーク 讃岐麺一番 肉うどん,340g,228,,,10/7〜10/12,
8590401,ダイレックス 木場店,食品,ニチレイ 若鶏の旨だれ焼,260g,348,,,10/7〜10/12,
8590401,ダイレックス 木場店,食品,味の素 海老肉焼売,9個入,399,,,10/7〜10/12,
8590401,トライアル 諫早店,ドラッグ・コスメ,コーセーコスメポート ジュレーム 大容量詰替 各種(トライアル 諫早店),680ml,877,,,10/1〜10/31,本体798円。月間チラシ(ヘルス&ビューティー/生活消耗 今月のおすすめ品)
8590401,トライアル 諫早店,ドラッグ・コスメ,ヘンケル サイオス オレオクリーム 各種(トライアル 諫早店),50g+50g,877,,,10/1〜10/31,本体798円。月間チラシ(ヘルス&ビューティー/生活消耗 今月のおすすめ品)
8590401,トライアル 諫早店,ドラッグ・コスメ,アドリックス ビューティーチャージ 各種(トライアル 諫早店),80g,470,,,10/1〜10/31,本体428円。月間チラシ(ヘルス&ビューティー/生活消耗 今月のおすすめ品)
8590401,トライアル 諫早店,日用品,ライオン NANOX one ウルトラジャンボ詰替 洗浄プラス・ニオイ専用(トライアル 諫早店),"1,530g",1518,,,10/1〜10/31,"本体1,380円。月間チラシ(ヘルス&ビューティー/生活消耗 今月のおすすめ品)"
8590401,トライアル 諫早店,日用品,ライオン NANOX one ウルトラジャンボ詰替 Pro(トライアル 諫早店),"1,400g",1628,,,10/1〜10/31,"本体1,480円。月間チラシ(ヘルス&ビューティー/生活消耗 今月のおすすめ品)"
8590401,トライアル 諫早店,日用品,P&G レノアハピネス ミスト本体 各種(トライアル 諫早店),370ml,382,,,10/1〜10/31,本体348円。月間チラシ(ヘルス&ビューティー/生活消耗 今月のおすすめ品)
8590401,トライアル 諫早店,日用品,ファブリックミスト KOGANE FUWARI(トライアル 諫早店),370ml,547,,,10/1〜10/31,本体498円。数量限定。月間チラシ(ヘルス&ビューティー/生活消耗 今月のおすすめ品)
8590401,トライアル 諫早店,日用品,衣料洗剤 KOGANE FUWARI(トライアル 諫早店),"1,200g",437,,,10/1〜10/31,本体398円。数量限定。月間チラシ(ヘルス&ビューティー/生活消耗 今月のおすすめ品)
8590401,トライアル 諫早店,日用品,トイレ用消臭芳香剤・室内用置き型芳香剤 こがねふわり(トライアル 諫早店),各400ml,217,,,10/1〜10/31,本体198円。数量限定。月間チラシ(ヘルス&ビューティー/生活消耗 今月のおすすめ品)
8590401,トライアル 諫早店,日用品,リードディフューザー こがねふわり(トライアル 諫早店),90ml,550,,,10/1〜10/31,本体500円。数量限定。月間チラシ(ヘルス&ビューティー/生活消耗 今月のおすすめ品)
8590401,トライアル 諫早店,日用品,秋の香りフレグランスゲル アソートセット(トライアル 諫早店),60g×2,440,,,10/1〜10/31,本体400円。数量限定。月間チラシ(ヘルス&ビューティー/生活消耗 今月のおすすめ品)
8590401,トライアル 諫早店,日用品,トライアル フリーザーバッグ 各種(トライアル 諫早店),1個,217,,,10/1〜10/31,本体198円。月間チラシ(ヘルス&ビューティー/生活消耗 今月のおすすめ品)
8590401,トライアル 諫早店,日用品,TRB 2倍巻きパルプトイレット(50m12RW・100m12RS)(トライアル 諫早店),12ロール,657,,,10/1〜10/31,本体598円。月間チラシ(ヘルス&ビューティー/生活消耗 今月のおすすめ品)
8590401,トライアル 諫早店,日用品,TRB ソフトパックティッシュ 10パック(トライアル 諫早店),150組×10,360,,,10/1〜10/31,本体328円。月間チラシ(ヘルス&ビューティー/生活消耗 今月のおすすめ品)
8590401,トライアル 諫早店,日用品,TRB ソフトパックティッシュ 5パック(トライアル 諫早店),150組×5,184,,,10/1〜10/31,本体168円。月間チラシ(ヘルス&ビューティー/生活消耗 今月のおすすめ品)
8590401,トライアル 諫早店,日用品,ムーニーマシュマロ肌ごこち・モレ安心・ムーニーマン 各種(トライアル 諫早店),1パック,1515,,,10/1〜10/31,"本体1,378円。ユニ・チャーム。月間チラシ(ヘルス&ビューティー/生活消耗 今月のおすすめ品)"
8590401,トライアル 諫早店,ドラッグ・コスメ,オフテクス クリアデュー ハイドロワンステップ(トライアル 諫早店),28錠,1427,,,10/1〜10/31,"本体1,298円。月間チラシ(ヘルス&ビューティー/生活消耗 今月のおすすめ品)"
8590401,トライアル 諫早店,ドラッグ・コスメ,小林製薬 サラサーティコットン100 各種(トライアル 諫早店),112枚,547,,,10/1〜10/31,本体498円。月間チラシ(ヘルス&ビューティー/生活消耗 今月のおすすめ品)
8590401,イオン 大村店,アパレル,Urban Smart シルキーライクトレーナー(レディス)(大村店),M〜LL,2178,,,10/9〜10/12,"本体1,980円"
8590401,イオン 大村店,アパレル,メリノ素材 クルーネックセーター(レディス)(大村店),M〜L2L,4378,,,10/9〜10/12,"本体3,980円"
8590401,イオン 大村店,アパレル,Urban Smart ベロアワイドパンツ(レディス)(大村店),M〜L,2618,,,10/9〜10/12,"本体2,380円 アプリクーポンでさらに10%OFF"
8590401,イオン 大村店,アパレル,Urban Smart エクストラストレッチパンツ(メンズ)(大村店),M〜L,2618,,,10/9〜10/12,"本体2,380円"
8590401,イオン 大村店,アパレル,Urban Smart さらっときれい見え イージーアイロンシャツ(メンズ)(大村店),M〜L,2618,,,10/9〜10/12,"本体2,380円"
8590401,イオン 大村店,アパレル,AnnaLuna ニットロゴ2WAY巾着バッグ(大村店),1個,3278,,,10/9〜10/12,"本体2,980円"
8590401,イオン 大村店,日用品,スワンネル ひざ掛け(大村店),1枚,1650,,,10/9〜10/12,"本体1,500円"
8590401,イオン 大村店,日用品,HOME COORDY あたたかい洗えるフランネルラグ(大村店),185×185cm,3278,,,10/9〜10/12,"本体2,980円"
8590401,イオン 大村店,日用品,軽量毛布(シマエナガ) シングル(大村店),100×205cm,2178,,,10/9〜10/12,"本体1,980円"
8590401,イオン 大村店,アパレル,コットンシリーズ 9分袖インナー(レディス)(大村店),M〜2XL,1078,,,10/9〜10/12,本体980円
8590401,イオン 大村店,アパレル,new balance DYNASOFT NB SAMPHER MEN V1(メンズ)(大村店),25.0〜28.0cm,8690,,,10/9〜10/12,"本体7,900円"
8590401,イオン 大村店,アパレル,SKECHERS SWIFT FIT ROSEATE(レディス)(大村店),23.0〜24.5cm,9350,,,10/9〜10/12,"本体8,500円"
8590401,イオン 大村店,食品,ハーゲンダッツ ミニカップ 各種(大村店),1個,289,,,10/9〜10/12,iAEONクーポンで40円引
8590401,イオン 大村店,食品,マルちゃん正麺 各種(大村店),5食,387,,,10/9〜10/12,iAEONクーポンで50円引
8590401,イオン 大村店,食品,伊藤園 お〜いお茶 緑茶 1ケース(イオン)(大村店),1ケース,2273,,,10/9〜10/12,iAEONクーポンで600円引
8590401,イオン 大村店,食品,サントリー天然水 1ケース(大村店),1ケース,2273,,,10/9〜10/12,iAEONクーポンで600円引
8590401,イオン 大村店,食品,牛肉(交雑種) 切り落し焼肉用(かた・かたロース)(大村店),100g,538,,,10/9〜10/12,10/10お10くデー
8590401,イオン 大村店,食品,焼き上げハンバーグ(大村店),1パック,322,,,10/9〜10/12,10/10お10くデー
8590401,イオン 大村店,食品,生本まぐろ中とろ(養殖) 刺身用(大村店),100g,1058,,,10/9〜10/12,10/10限り
8590401,イオン 大村店,食品,スペイン産 イベリコ豚ばら しゃぶしゃぶ用(解凍)(大村店),260g,626,,,10/9〜10/12,本体580円
8590401,イオン 大村店,食品,国産 若どり手羽もと(イオン)(大村店),100g,84,,,10/9〜10/12,本体78円
8590401,イオン 大村店,食品,さつまいも(イオン)(大村店),1本,106,,,10/9〜10/12,本体98円
8590401,イオン 大村店,食品,熊本県産 森のくまさん(大村店),5kg,2570,,,10/9〜10/12,10/10・11 お米の日
8590401,イオン 大村店,食品,元気づくし(大村店),5kg,2462,,,10/9〜10/12,10/10・11 お米の日
8590401,イオン 大村店,食品,牛肉(交雑種) ももステーキ用(大村店),100g,538,,,10/9〜10/12,10/11限り
8590401,イオン 大村店,食品,長崎ちゃんぽん・博多長浜ラーメン・九州産高菜ラーメン(カップ)(大村店),1個,127,,,10/9〜10/12,10/12限り
8590401,イオン 大村店,日用品,花王 キュキュット 詰替(大村店),1袋,300,,,10/9〜10/12,本体278円
1250002,オリンピック 西亀有店,食品,エスビー 栗原はるみ クリームシチュー・デミグラスシチュー,各1箱,355,,,10/6〜10/11,トコポンクーポン対象
1250002,マルエツ 東和店,食品,和歌山県産 たねなし柿,1個,95,,,10/9〜10/11,4社総力結集
1250002,スーパーオザム 東綾瀬店,食品,国産 豚バラ薄切り(銘柄豚除く),100g,215,,,10/9〜10/11,茨城県産など
1250002,スーパーオザム 東綾瀬店,食品,ブラジル産 若鶏もも肉(鍋物用・解凍),100g,107,,,10/9〜10/11,
1250002,スーパーオザム 東綾瀬店,食品,インド産 バナメイえび,1パック(約200g),431,,,10/9〜10/11,
1250002,スーパーオザム 東綾瀬店,食品,ロシア産 塩すけそうだら,3切,431,,,10/9〜10/11,
1250002,スーパーオザム 東綾瀬店,食品,宮城県産 銀鮭切身(解凍),100g,323,,,10/9〜10/11,
1250002,業務スーパー 綾瀬店,食品,業務スーパー おつまみえんどう豆(麻辣味・塩味),各100g,106,,,10/1〜10/31,
1250002,業務スーパー 綾瀬店,食品,業務スーパー ハニーローストピーナッツ,80g,95,,,10/1〜10/31,
1250002,業務スーパー 綾瀬店,食品,業務スーパー ほしいもスティック,210g(70g×3袋),300,,,10/1〜10/31,
1250002,業務スーパー 綾瀬店,食品,業務スーパー プレーンベーグル(冷凍),6個入,538,,,10/1〜10/31,
1250002,業務スーパー 綾瀬店,食品,業務スーパー ブルーベリーベーグル(冷凍),6個入,570,,,10/1〜10/31,
1250002,業務スーパー 綾瀬店,食品,Juver TOMATE(食塩無添加),1L,181,,,10/1〜10/31,
1250002,業務スーパー 綾瀬店,食品,業務スーパー 緑豆春雨,100g,63,,,10/1〜10/31,
1250002,業務スーパー 綾瀬店,食品,業務スーパー 花椒辣醤,180g,257,,,10/1〜10/31,
1250002,業務スーパー 綾瀬店,食品,業務スーパー 麻辣藤椒香醤,180g,300,,,10/1〜10/31,
1250002,業務スーパー 綾瀬店,食品,業務スーパー 酸辣粉 即席サツマイモ春雨,130g,214,,,10/1〜10/31,
1250002,業務スーパー 綾瀬店,食品,業務スーパー 本日のスープ(クラムチャウダー・ビスク),48g×3食,138,,,10/1〜10/31,各
1250002,業務スーパー 綾瀬店,食品,業務スーパー ポテトノワゼット(冷凍),500g,235,,,10/1〜10/31,
1250002,業務スーパー 綾瀬店,食品,業務スーパー 三鮮水餃子(冷凍),500g,376,,,10/1〜10/31,
1250002,業務スーパー 綾瀬店,食品,業務スーパー ミックスいか唐揚げ(冷凍),500g,473,,,10/1〜10/31,
1250002,業務スーパー 綾瀬店,食品,業務スーパー 殻付ムール貝(冷凍),500g,333,,,10/1〜10/31,
1250002,業務スーパー 綾瀬店,食品,業務スーパー クリームコーン缶詰,4号缶,106,,,10/1〜10/31,
1250002,業務スーパー 綾瀬店,食品,業務スーパー コンソメ(顆粒),300g,376,,,10/1〜10/31,
1250002,業務スーパー 綾瀬店,食品,業務スーパー お肉にこだわったあっさり唐揚げ(冷凍),1kg,700,,,10/1〜10/31,
1250002,業務スーパー 綾瀬店,食品,業務スーパー チキンナゲット(冷凍),1kg,786,,,10/1〜10/31,
1250002,業務スーパー 綾瀬店,食品,業務スーパー ささみチーズフライ青紫蘇入(冷凍),60g×5,365,,,10/1〜10/31,
1250002,業務スーパー 綾瀬店,食品,業務スーパー バックリブで作った骨付きフライドチキン(冷凍),500g,473,,,10/1〜10/31,
1250002,業務スーパー 綾瀬店,食品,業務スーパー ねりからし(チューブ容器),330g,322,,,10/1〜10/31,
1250002,業務スーパー 綾瀬店,食品,業務スーパー ディルピクルス(ホール),260g,214,,,10/1〜10/31,
1250002,業務スーパー 綾瀬店,食品,業務スーパー トロピカルネクター,1000ml,214,,,10/1〜10/31,
1250002,東急ストア 綾瀬店,食品,ブロッコリー(東急ストア),1個,193,,,10/9〜10/12,
1250002,東急ストア 綾瀬店,食品,ディ・チェコ スパゲッティ No.10/11/12,各500g,323,,,10/9〜10/12,
1250002,東急ストア 綾瀬店,食品,パスコ 超熟 6枚切,1袋,171,,,10/9〜10/12,
1250002,東急ストア 綾瀬店,食品,グリコ Bigプッチンプリン,160g,107,,,10/9〜10/12,
1250002,東急ストア 綾瀬店,食品,国産豚ひき肉(解凍肉含む),100g,128,,,10/9〜10/12,
1250002,東急ストア 綾瀬店,食品,山梨・長野県産 シャインマスカット,1房,1079,,,10/9〜10/12,売切御免
1250002,東急ストア 綾瀬店,食品,ミニトマト(東急ストア),1パック,118,,,10/9〜10/12,
1250002,東急ストア 綾瀬店,食品,牛角キムチ,330g,258,,,10/9〜10/12,
1250002,東急ストア 綾瀬店,食品,国産豚ロース肉 100g均一セール,100g,237,,,10/9〜10/12,
1250002,東急ストア 綾瀬店,食品,うなぎ長蒲焼,1尾,1058,,,10/9〜10/12,
1250002,東急ストア 綾瀬店,食品,手紙のついた野菜 ありがとうセット(じゃがいも・玉ねぎ・さつまいも等),1セット,756,,,10/9〜10/12,
1250002,東急ストア 綾瀬店,食品,北海道 刺身用ほたて貝柱(解凍),1パック,1058,,,10/9〜10/12,
1250002,東急ストア 綾瀬店,食品,和歌山県産 たねなし柿(1箱),1箱,1079,,,10/9〜10/12,
1250002,東急ストア 綾瀬店,食品,ボスコ エキストラバージンオリーブオイル,456g,841,,,10/9〜10/12,お1人様1点限り
1250002,東急ストア 綾瀬店,食品,新潟県産 まいたけ,大パック140g,172,,,10/9〜10/12,
1250002,東急ストア 綾瀬店,食品,国内産黒毛和牛(5等級) ステーキ用(モモ肉),100g,647,,,10/9〜10/12,
1250002,東急ストア 綾瀬店,食品,真たこ(生食用),100g,410,,,10/9〜10/12,
1250002,東急ストア 綾瀬店,食品,低温製法米のおいしいごはん,6食パック,647,,,10/9〜10/12,
1250002,東急ストア 綾瀬店,食品,チリ産 塩銀鮭(養殖)切身(甘口),1パック,1058,,,10/9〜10/12,
1250002,東急ストア 綾瀬店,食品,ロシア産 ほっけ開き,1枚,539,,,10/9〜10/12,
1250002,東急ストア 綾瀬店,食品,新潟県産 こしひかり,5kg,3002,,,10/9〜10/10,
1250002,東急ストア 綾瀬店,食品,無洗米 新潟県産 こしひかり,5kg,3110,,,10/9〜10/10,
1250002,イトーヨーカドー 綾瀬店,食品,みなみまぐろ切落し入り 刺身盛合せ4種,1パック,1382,,,10/10〜10/12,
1250002,イトーヨーカドー 綾瀬店,食品,刺身用 本まぐろ中とろ入り切落し(養殖・解凍),130g,1382,,,10/10〜10/13,
1250002,イトーヨーカドー 綾瀬店,食品,まぐろ入り まぐろたたき,110g,540,,,10/10・11,
1250002,イトーヨーカドー 綾瀬店,食品,刺身用 めばちまぐろ赤身柵(解凍),3柵(420g),1274,,,10/10〜10/12,
1250002,イトーヨーカドー 綾瀬店,食品,刺身用 かつおのたたきスライス,100g,321,,,10/10・11,
1250002,イトーヨーカドー 綾瀬店,食品,青森県産 刺身用サーモントラウト柵(養殖・解凍),100g,494,,,10/10〜10/13,
1250002,イトーヨーカドー 綾瀬店,食品,うなぎ蒲焼(大),1尾,2138,,,10/10〜10/13,
1250002,イトーヨーカドー 綾瀬店,食品,三陸産 生食用わかめ(湯通し),100g,214,,,10/10〜10/13,
1250002,イトーヨーカドー 綾瀬店,食品,宮城県産 塩銀鮭切身(養殖・甘口),100g,278,,,10/10〜10/13,
1250002,イトーヨーカドー 綾瀬店,食品,しまほっけ開き干し,1枚,861,,,10/10〜10/13,
1250002,イトーヨーカドー 綾瀬店,食品,新潟コシヒカリ(令和8年産),5kg,3453,,,10/10〜10/13,
1250002,イトーヨーカドー 綾瀬店,食品,秋田あきたこまち(令和8年産),5kg,3345,,,10/10〜10/13,
1250002,イトーヨーカドー 綾瀬店,食品,納豆 各種,各,,,,10/10〜10/13,レジにて10%引
1250002,イトーヨーカドー 綾瀬店,食品,梅干し,各,,,,10/10〜10/13,レジにて20%引
1250002,イトーヨーカドー 綾瀬店,食品,牛味付バラ漬込みカルビ焼肉,100g,397,,,10/10〜10/13,特製香味ダレ
1250002,イトーヨーカドー 綾瀬店,食品,牛味付タン厚切り焼肉用(うま塩味),100g,753,,,10/10〜10/12,
1250002,イトーヨーカドー 綾瀬店,食品,豚味付肩ロース ソテー用(トンテキ),100g,170,,,10/10〜10/13,
1250002,イトーヨーカドー 綾瀬店,食品,若鶏味付むね カツレツ用 BBQ味,100g,138,,,10/10〜10/13,
1250002,イトーヨーカドー 綾瀬店,食品,セブンプレミアム 金のハンバーグほか よりどり2パック,2パック,842,,,10/10〜10/13,1パック429円
1250002,イトーヨーカドー 綾瀬店,食品,宮城県産など 加熱用かき(解凍),100g,429,,,10/10〜10/13,
1250002,イトーヨーカドー 綾瀬店,食品,黒毛和牛 肩またはもも しゃぶしゃぶ用,100g,753,,,10/10〜10/12,岩手県産・鹿児島県産
1250002,イトーヨーカドー 綾瀬店,食品,国産豚肩ロース しゃぶしゃぶ用,100g,278,,,10/10〜10/13,
1250002,イトーヨーカドー 綾瀬店,食品,北海道産原料 塩たら(甘口),3切,540,,,10/10〜10/13,
1250002,イトーヨーカドー 綾瀬店,食品,国産若鶏 手羽元,100g,95,,,10/10・11,
1250002,イトーヨーカドー 綾瀬店,食品,おでん詰合せ,1パック,636,,,10/10〜10/13,
1250002,イトーヨーカドー 綾瀬店,食品,鯖を楽しむ贅沢握り,1パック,1058,,,10/10〜10/12,寿司
1250002,オーケー 綾瀬駅前店,食品,本まぐろ 中とろ サク 刺身用 養殖,100g当たり,838,,,10/5〜10/11,オーケークラブ会員・現金払いの税込価格(非会員・カード払いは約3%高)
1250002,オーケー 綾瀬駅前店,食品,かつお 刺身用,100g当たり,240,,,10/5〜10/11,オーケークラブ会員・現金払いの税込価格(非会員・カード払いは約3%高)
1250002,オーケー 綾瀬駅前店,食品,めかじき 切身,100g当たり,291,,,10/5〜10/11,オーケークラブ会員・現金払いの税込価格(非会員・カード払いは約3%高)
1250002,オーケー 綾瀬駅前店,食品,旨い銀鮭(甘口) 切身 養殖,100g当たり,250,,,10/5〜10/11,オーケークラブ会員・現金払いの税込価格(非会員・カード払いは約3%高)
1250002,オーケー 綾瀬駅前店,食品,かき 加熱用 広島県産,100g当たり,344,,,10/5〜10/11,オーケークラブ会員・現金払いの税込価格(非会員・カード払いは約3%高)
1250002,オーケー 綾瀬駅前店,食品,バナメイえび 41/50サイズ 養殖,100g当たり,167,,,10/5〜10/11,オーケークラブ会員・現金払いの税込価格(非会員・カード払いは約3%高)
1250002,オーケー 綾瀬駅前店,食品,かじき西京漬,1切当たり,198,,,10/5〜10/11,オーケークラブ会員・現金払いの税込価格(非会員・カード払いは約3%高)
1250002,オーケー 綾瀬駅前店,食品,骨取り しまほっけ 大サイズ,2枚,627,,,10/5〜10/11,オーケークラブ会員・現金払いの税込価格(非会員・カード払いは約3%高)
1250002,オーケー 綾瀬駅前店,食品,和牛(黒毛和種)A4・A5等級 もも肉 厚切り,100g当たり,608,,,10/5〜10/11,オーケークラブ会員・現金払いの税込価格(非会員・カード払いは約3%高)
1250002,オーケー 綾瀬駅前店,食品,若鶏もも肉 国産,100g当たり,131,,,10/5〜10/11,オーケークラブ会員・現金払いの税込価格(非会員・カード払いは約3%高)
1250002,オーケー 綾瀬駅前店,食品,鶏だんご なんこつ入り 国産鶏肉使用 冷凍,16個,288,,,10/5〜10/11,オーケークラブ会員・現金払いの税込価格(非会員・カード払いは約3%高)
1250002,オーケー 綾瀬駅前店,食品,豚ロース肉 厚切り 国産,100g当たり,187,,,10/5〜10/11,オーケークラブ会員・現金払いの税込価格(非会員・カード払いは約3%高)
1250002,オーケー 綾瀬駅前店,食品,ささみ梅しそ巻き竜田揚げ,6個+1個増量,292,,,10/5〜10/11,オーケークラブ会員・現金払いの税込価格(非会員・カード払いは約3%高)
1250002,オーケー 綾瀬駅前店,食品,岩手県大船渡産 さんま竜田揚げ,100g当たり,292,,,10/5〜10/11,オーケークラブ会員・現金払いの税込価格(非会員・カード払いは約3%高)
1250002,オーケー 綾瀬駅前店,食品,国産鶏つくね温玉丼,1個,419,,,10/5〜10/11,オーケークラブ会員・現金払いの税込価格(非会員・カード払いは約3%高)
1250002,オーケー 綾瀬駅前店,食品,国産するめいかの唐揚げ,100g当たり,282,,,10/5〜10/11,オーケークラブ会員・現金払いの税込価格(非会員・カード払いは約3%高)
1250002,オーケー 綾瀬駅前店,食品,焼きとり丼,1個,314,,,10/5〜10/11,オーケークラブ会員・現金払いの税込価格(非会員・カード払いは約3%高)
1250002,オーケー 綾瀬駅前店,食品,ポテトサラダ,1パック(20%増量),210,,,10/5〜10/11,オーケークラブ会員・現金払いの税込価格(非会員・カード払いは約3%高)
1250002,オーケー 綾瀬駅前店,食品,にぎり寿司 まぐろづくし,6カン+ねぎとろ中巻,609,,,10/5〜10/11,オーケークラブ会員・現金払いの税込価格(非会員・カード払いは約3%高)
1250002,オーケー 綾瀬駅前店,食品,399ちらし,1個,419,,,10/5〜10/11,オーケークラブ会員・現金払いの税込価格(非会員・カード払いは約3%高)
1250002,オーケー 綾瀬駅前店,食品,ミニパン オ ショコラ,5個+1個増量,231,,,10/5〜10/11,オーケークラブ会員・現金払いの税込価格(非会員・カード払いは約3%高)
1250002,オーケー 綾瀬駅前店,食品,たねなし柿 和歌山県産 他,—,,価格は店頭で,,10/5〜10/11,旬のおすすめ(チラシに価格掲載なし)
1250002,オーケー 綾瀬駅前店,食品,サンつがるりんご 青森県産 他,—,,価格は店頭で,,10/5〜10/11,旬のおすすめ(チラシに価格掲載なし)
1250002,オーケー 綾瀬駅前店,食品,嬬恋高原キャベツ 群馬県産,—,,価格は店頭で,,10/5〜10/11,旬のおすすめ(チラシに価格掲載なし)
1250002,オーケー 綾瀬駅前店,食品,えのき茸 長野県産 他,—,,価格は店頭で,,10/5〜10/11,旬のおすすめ(チラシに価格掲載なし)
1250002,オーケー 綾瀬駅前店,食品,かぼちゃ 北海道産 他,—,,価格は店頭で,,10/5〜10/11,旬のおすすめ(チラシに価格掲載なし)
1250002,オーケー 綾瀬駅前店,食品,モリナガ ブラックムーン ガレットサンド,6個,264,,453,10/5〜10/11,オーケークラブ会員・現金払いの税込価格(非会員・カード払いは約3%高)。通常価格は商談時の基準売価(税込)
1250002,オーケー 綾瀬駅前店,食品,アサヒ 三ツ矢 実りの洋梨mix,500ml,93,,216,10/5〜10/11,オーケークラブ会員・現金払いの税込価格(非会員・カード払いは約3%高)。通常価格は商談時の基準売価(税込)
1250002,オーケー 綾瀬駅前店,食品,茜丸 十勝あんバター,400g,465,,,10/5〜10/11,オーケークラブ会員・現金払いの税込価格(非会員・カード払いは約3%高)
1250002,オーケー 綾瀬駅前店,日用品,デリブティック ティシューペーパー,200組×5個,324,,,10/5〜10/11,オーケークラブ会員・現金払いの税込価格(非会員・カード払いは約3%高)
1250002,オーケー 綾瀬駅前店,日用品,デリブティック トイレットペーパー,シングル100m・ダブル50m 各12ロール,686,,,10/5〜10/11,オーケークラブ会員・現金払いの税込価格(非会員・カード払いは約3%高)
1250002,オーケー 綾瀬駅前店,食品,テーブルマーク ごっつ旨いお好み焼,1食,288,,691,10/5〜10/11,オーケークラブ会員・現金払いの税込価格(非会員・カード払いは約3%高)。通常価格は商談時の基準売価(税込)
1250002,オーケー 綾瀬駅前店,食品,AJINOMOTO 野菜たっぷり中華丼の具,200g×2袋,386,,831,10/5〜10/11,オーケークラブ会員・現金払いの税込価格(非会員・カード払いは約3%高)。通常価格は商談時の基準売価(税込)
1250002,オーケー 綾瀬駅前店,食品,ヤマザキ ロイヤルバターロール レーズン,5個,150,,338,10/5〜10/11,オーケークラブ会員・現金払いの税込価格(非会員・カード払いは約3%高)。通常価格は商談時の基準売価(税込)
1250002,オーケー 綾瀬駅前店,食品,第一パン 3種のチーズパン,1個,119,,180,10/5〜10/11,オーケークラブ会員・現金払いの税込価格(非会員・カード払いは約3%高)。通常価格は商談時の基準売価(税込)
1250002,オーケー 綾瀬駅前店,食品,フジッコ アレンジひろがる4種の豆水煮,132g,106,,177,10/5〜10/11,オーケークラブ会員・現金払いの税込価格(非会員・カード払いは約3%高)。通常価格は商談時の基準売価(税込)
1250002,オーケー 綾瀬駅前店,食品,オタフク お好みソース,500g,292,,475,10/5〜10/11,オーケークラブ会員・現金払いの税込価格(非会員・カード払いは約3%高)。通常価格は商談時の基準売価(税込)
1250002,オーケー 綾瀬駅前店,日用品,エリエール 除菌できるアルコールタオル ボトル本体,80枚,327,,1056,10/5〜10/11,オーケークラブ会員・現金払いの税込価格(非会員・カード払いは約3%高)。通常価格は商談時の基準売価(税込)
1250002,オーケー 綾瀬駅前店,ドラッグ・コスメ,エリエール エリス 新・素肌感 多い昼〜ふつうの日用 羽つき,20個×2パック,250,,1078,10/5〜10/11,オーケークラブ会員・現金払いの税込価格(非会員・カード払いは約3%高)。通常価格は商談時の基準売価(税込)
1250002,オーケー 綾瀬駅前店,食品,オーケー はちみつ 中国産,500g+50g増量,622,,,10/5〜10/11,オーケークラブ会員・現金払いの税込価格(非会員・カード払いは約3%高)
1250002,オーケー 綾瀬駅前店,食品,マルタイ 長崎皿うどん,2人前+麺20%増量,185,,297,10/5〜10/11,オーケークラブ会員・現金払いの税込価格(非会員・カード払いは約3%高)。通常価格は商談時の基準売価(税込)
1250002,オーケー 綾瀬駅前店,食品,マギー コンソメ,8本+1本増量,214,,302,10/5〜10/11,オーケークラブ会員・現金払いの税込価格(非会員・カード払いは約3%高)。通常価格は商談時の基準売価(税込)
1250002,オーケー 綾瀬駅前店,食品,フライスター 焙焼製法 ソフトパン粉,180g+20g増量,128,,,10/5〜10/11,オーケークラブ会員・現金払いの税込価格(非会員・カード払いは約3%高)
1250002,オーケー 綾瀬駅前店,食品,丸浜食品 あく抜き済み 白滝,310g,123,,307,10/5〜10/11,オーケークラブ会員・現金払いの税込価格(非会員・カード払いは約3%高)。通常価格は商談時の基準売価(税込)
1250002,オーケー 綾瀬駅前店,食品,みすずコーポレーション こうや豆腐 だしなし,160g,262,,451,10/5〜10/11,オーケークラブ会員・現金払いの税込価格(非会員・カード払いは約3%高)。通常価格は商談時の基準売価(税込)
1250002,オーケー 綾瀬駅前店,食品,ヤマザキ 北海道産牛乳のカスタード&ホイップシュー,1個,85,,164,10/5〜10/11,オーケークラブ会員・現金払いの税込価格(非会員・カード払いは約3%高)。通常価格は商談時の基準売価(税込)
1250002,オーケー 綾瀬駅前店,食品,日本ハム ローストサラダチキン プレーン,3個パック,214,,388,10/5〜10/11,オーケークラブ会員・現金払いの税込価格(非会員・カード払いは約3%高)。通常価格は商談時の基準売価(税込)
1250002,オーケー 綾瀬駅前店,食品,天塩 赤穂の天塩,1kg+200g増量,322,,486,10/5〜10/11,オーケークラブ会員・現金払いの税込価格(非会員・カード払いは約3%高)。通常価格は商談時の基準売価(税込)
1250002,オーケー 綾瀬駅前店,食品,シャウエッセン 夜味,98g×2個,355,,669,10/5〜10/11,オーケークラブ会員・現金払いの税込価格(非会員・カード払いは約3%高)。通常価格は商談時の基準売価(税込)
1250002,オーケー 綾瀬駅前店,その他,アサヒビール ドライゼロ(ノンアルコール),350ml×24本,2482,,,10/5〜10/11,オーケークラブ会員・現金払いの税込価格(非会員・カード払いは約3%高)
1250002,スーパーベルクス 足立東和店,食品,まぐろサク,各,,,,10/10限り,本体価格よりレジにて半額
1250002,スーパーベルクス 足立東和店,食品,国産 黒毛和牛切り落し(焼肉用),100g,431,,,10/10限り,
1250002,スーパーベルクス 足立東和店,食品,カナダ産 豚肉こま切れ(解凍),100g,107,,,10/10限り,
1250002,スーパーベルクス 足立東和店,食品,冷凍食品(パスタ・米飯・弁当・から揚げ),1袋,193,,,10/10限り,毎週土曜日恒例・品により171〜377円
1250002,スーパーベルクス 足立東和店,食品,天ぷらバイキング,1個,95,,,10/10限り,
1250002,スーパーベルクス 足立東和店,食品,フランス産 豚バラかたまり(解凍),100g,161,,,10/10限り,
1250002,スーパーベルクス 足立東和店,食品,銀鮭塩焼(甘口),1切,162,,,10/10限り,
1250002,スーパーベルクス 足立東和店,食品,国産 牛肉切り落とし(ジャンボパック),320g,1080,,,10/11限り,朝市 9時〜
1250002,スーパーベルクス 足立東和店,食品,北海道産 かぼちゃ,100g,42,,,10/11限り,
1250002,サミット ららテラス北綾瀬店,食品,和歌山県産 たねなし柿L,1個,117,,,10/10・11限り,2個214円
1250002,サミット ららテラス北綾瀬店,食品,北海道産 びらとり桃太郎トマト(袋),1袋,430,,,10/10・11限り,
1250002,サミット ららテラス北綾瀬店,食品,国内産豚肩ロースうす切り(しゃぶしゃぶ用)各種,各,,,,10/10・11限り,当店表示価格の3割引
1250002,サミット ららテラス北綾瀬店,食品,黒毛和牛(国内産) かたロース肉各種,各,,,,10/10・11限り,当店表示価格の半額
1250002,サミット ららテラス北綾瀬店,食品,本まぐろ中トロ入りお刺身盛合せ(5種盛),1パック,1382,,,10/10・11限り,
1250002,サミット ららテラス北綾瀬店,食品,刺身用めばちまぐろ赤身(解凍),100g,538,,,10/10・11限り,
1250002,サミット ららテラス北綾瀬店,食品,ブラックタイガーえび,7尾入,1079,,,10/10・11限り,特大・解凍・養殖
1250002,サミット ららテラス北綾瀬店,食品,明治 ブルガリアヨーグルト LB81プレーン,400g,149,,,10/10・11限り,
1250002,サミット ららテラス北綾瀬店,食品,木村屋 ジャンボむしケーキ プレーン,1個,96,,,10/10・11限り,
1250002,サミット ららテラス北綾瀬店,食品,コカ・コーラ 綾鷹・爽健美茶,2L,138,,,10/10・11限り,
1250002,サミット ららテラス北綾瀬店,食品,キユーピー マヨネーズ450g・ハーフ,各1本,279,,,10/10・11限り,
1250002,サミット ららテラス北綾瀬店,日用品,クレシア スコッティ ティシュー,5コパック,438,,,10/10・11限り,
1250002,サミット ららテラス北綾瀬店,食品,ミックスたまご,1パック,215,,,10/11限り,ららテラス北綾瀬店限定
1250002,いなげや 金町店,食品,いなげやオリジナル 二代目西京漬(ロース)・ポークステーキ味付,100g,107,,,10/10限り,原料原産地アメリカ
1250002,いなげや 金町店,食品,味の素 ほんだし,450g,539,,,10/10限り,
1250002,いなげや 金町店,食品,フジッコ ごま昆布・しそ昆布,各1袋,193,,,10/10限り,
1250002,いなげや 金町店,食品,和顔 味付焼肉 牛タンうま塩,100g,647,,,10/10限り,
1250002,いなげや 金町店,食品,白菜(1/4カット),1個,150,,,10/10限り,北海道産など
1250002,いなげや 金町店,食品,毎日食べたいトマト,1袋,431,,,10/10限り,茨城県産など
1250002,いなげや 金町店,食品,福岡県産 早味みかん,1ネット,626,,,10/10限り,
1250002,いなげや 金町店,食品,全農パールライス 千葉ふさこがね(令和8年産),5kg,2581,,,10/11限り,
1250002,いなげや 金町店,食品,国産豚肉ブロック(肩),各,,,,10/11限り,今ついている価格より半額
1250002,いなげや 金町店,食品,モランボン 煮豚のたれ,125g,161,,,10/11限り,
1250002,いなげや 金町店,食品,国産あじわい健康牛ステーキ用(サーロイン・リブロース),100g,863,,,10/11限り,
1250002,いなげや 金町店,食品,キッコーマン 調製豆乳・おいしい無調整豆乳,1000ml,226,,,10/11限り,各
1250002,いなげや 金町店,食品,お刺身用かつお平盛(解凍),160g,540,,,10/11限り,
1250002,いなげや 金町店,食品,長ねぎ,1袋,150,,,10/11限り,北海道産など
1250002,いなげや 金町店,食品,紅はるか,1袋,323,,,10/11限り,茨城県産など
1250002,いなげや 金町店,食品,長野県産 りんご 秋映,1個,193,,,10/11限り,
1250002,いなげや 金町店,食品,粗挽きサク旨メンチカツ,2個,324,,,10/10〜10/12,惣菜
1250002,いなげや 金町店,食品,ジューシーかきフライ,6個+1個,431,,,10/10〜10/12,惣菜
1250002,いなげや 金町店,食品,三陸産炙りさんまの棒寿司,8カン,431,,,10/10〜10/12,
1250002,いなげや 金町店,食品,美味豚入り こだわりの大餃子,8個,540,,,10/10〜10/12,
1250002,いなげや 金町店,食品,デザート・ジャム・はちみつ・キムチ,各,,,,10/10〜10/12,表示価格より2割引
1250002,しまむら 加平店,アパレル,しまむら Tシャツ各種(メンズ),1枚,330,,,10/7〜10/12,M〜LL / 同じチラシ: 森山店
1250002,しまむら 加平店,アパレル,しまむら ソックス各種(6足組),1組,330,,,10/7〜10/12,レディス・メンズ・キッズ / 同じチラシ: 森山店
1250002,しまむら 加平店,アパレル,しまむら ハイソックス(3足組),1組,330,,,10/7〜10/12,同じチラシ: 森山店
1250002,しまむら 加平店,アパレル,しまむら サンダル(レディス),1足,330,,,10/7〜10/12,同じチラシ: 森山店
1250002,しまむら 加平店,日用品,しまむら トイレ足元マット,1枚,330,,,10/7〜10/12,同じチラシ: 森山店
1250002,しまむら 加平店,アパレル,しまむら シャツ(レディス),1枚,550,,,10/7〜10/12,同じチラシ: 森山店
1250002,しまむら 加平店,アパレル,しまむら ブランドTシャツ各種(メンズ),1枚,550,,,10/7〜10/12,同じチラシ: 森山店
1250002,しまむら 加平店,アパレル,しまむら リラクシングパンツ,1本,550,,,10/7〜10/12,同じチラシ: 森山店
1250002,しまむら 加平店,アパレル,しまむら プルオーバー・ニットプルオーバー(レディス),1枚,550,,,10/7〜10/12,同じチラシ: 森山店
1250002,しまむら 加平店,アパレル,しまむら カップ付インナー,1枚,550,,,10/7〜10/12,同じチラシ: 森山店
1250002,しまむら 加平店,アパレル,しまむら キャラクタープルオーバー(キッズ),1枚,550,,,10/7〜10/12,同じチラシ: 森山店
1250002,しまむら 加平店,日用品,しまむら バスタオル・枕各種,1点,550,,,10/7〜10/12,同じチラシ: 森山店
1250002,しまむら 加平店,アパレル,しまむら デニムシャツ(レディス),1枚,770,,,10/7〜10/12,同じチラシ: 森山店
1250002,しまむら 加平店,アパレル,しまむら ワイドパンツ(レディス),1本,770,,,10/7〜10/12,同じチラシ: 森山店
1250002,しまむら 加平店,アパレル,しまむら ブランドプルオーバー・ブランドTシャツ,1枚,770,,,10/7〜10/12,同じチラシ: 森山店
1250002,しまむら 加平店,アパレル,しまむら パンツ(メンズ),1本,770,,,10/7〜10/12,同じチラシ: 森山店
1250002,しまむら 加平店,日用品,しまむら キッチンマット,1枚,770,,,10/7〜10/12,同じチラシ: 森山店
1250002,しまむら 加平店,アパレル,しまむら ジップパーカ,1枚,990,,,10/7〜10/12,同じチラシ: 森山店
1250002,しまむら 加平店,アパレル,しまむら キャラクター・ブランドパジャマ,1組,990,,,10/7〜10/12,同じチラシ: 森山店
1250002,しまむら 加平店,アパレル,しまむら ワンピース・キャラクターTシャツ・ショルダーバッグ,1点,770,,,10/7〜10/12,日替わり特価 お一人様2点まで / 同じチラシ: 森山店
1250002,しまむら 加平店,日用品,しまむら 敷きパッド各種,1枚,990,,,10/7〜10/12,日替わり特価 / 同じチラシ: 森山店
1250002,しまむら 加平店,アパレル,しまむら ブランドジャケット+パンツセット,1組,1650,,,10/7〜10/12,日替わり特価 / 同じチラシ: 森山店
1250002,しまむら 加平店,日用品,しまむら キッチンタオル・芳香剤・食品用ラップ,1点,110,,,10/7〜10/12,日替わり特価 / 同じチラシ: 森山店
1250002,しまむら 加平店,アパレル,しまむら インナー・スリッパ,1点,330,,,10/7〜10/12,日替わり特価 / 同じチラシ: 森山店
1250002,イオン 西新井店,その他,イオンのハウスクリーニング エアコンクリーニング+簡易室外機クリーニング(フィルター自動掃除なし),1台,15180,,,10/10〜10/31,
1250002,イオン 西新井店,その他,イオンのハウスクリーニング エアコンクリーニング+簡易室外機クリーニング(フィルター自動掃除付き),1台,26180,,,10/10〜10/31,
1250002,イオンフードスタイル 墨田横川店,食品,六花亭 マルセイバターサンド,5個入,870,,,10/10〜10/12,北海道フェア
1250002,イオンフードスタイル 墨田横川店,食品,セコマ 北海道クリーミーソフトバニラ・北海道メロンソフト,各170ml,279,,,10/10〜10/12,
1250002,イオンフードスタイル 墨田横川店,食品,西山製麺 すみれ 30年前の味噌ラーメン・ひぐま 白味噌ラーメン,各2人前,646,,,10/10〜10/12,
1250002,イオンフードスタイル 墨田横川店,食品,北海道 真ほっけ開干,1枚,862,,,10/10〜10/12,原料原産地北海道
1250002,イオンフードスタイル 墨田横川店,食品,北海道産 じゃがいも徳用・たまねぎ徳用・にんじん徳用,各1袋,322,,,10/10〜10/12,
1250002,イオンフードスタイル 墨田横川店,食品,豚肉よりどり2パック,2パック,1058,,,10/10〜10/12,1パック646円
8560834,イオン 大村店,アパレル,Urban Smart シルキーライクトレーナー(レディス),M〜LL,2178,,,10/9〜10/12,"本体1,980円"
8560834,イオン 大村店,アパレル,メリノ素材 クルーネックセーター(レディス),M〜L2L,4378,,,10/9〜10/12,"本体3,980円"
8560834,イオン 大村店,アパレル,Urban Smart ベロアワイドパンツ(レディス),M〜L,2618,,,10/9〜10/12,"本体2,380円 アプリクーポンでさらに10%OFF"
8560834,イオン 大村店,アパレル,Urban Smart エクストラストレッチパンツ(メンズ),M〜L,2618,,,10/9〜10/12,"本体2,380円"
8560834,イオン 大村店,アパレル,Urban Smart さらっときれい見え イージーアイロンシャツ(メンズ),M〜L,2618,,,10/9〜10/12,"本体2,380円"
8560834,イオン 大村店,アパレル,AnnaLuna ニットロゴ2WAY巾着バッグ,1個,3278,,,10/9〜10/12,"本体2,980円"
8560834,イオン 大村店,日用品,スワンネル ひざ掛け,1枚,1650,,,10/9〜10/12,"本体1,500円"
8560834,イオン 大村店,日用品,HOME COORDY あたたかい洗えるフランネルラグ,185×185cm,3278,,,10/9〜10/12,"本体2,980円"
8560834,イオン 大村店,日用品,軽量毛布(シマエナガ) シングル,100×205cm,2178,,,10/9〜10/12,"本体1,980円"
8560834,イオン 大村店,アパレル,コットンシリーズ 9分袖インナー(レディス),M〜2XL,1078,,,10/9〜10/12,本体980円
8560834,イオン 大村店,アパレル,new balance DYNASOFT NB SAMPHER MEN V1(メンズ),25.0〜28.0cm,8690,,,10/9〜10/12,"本体7,900円"
8560834,イオン 大村店,アパレル,SKECHERS SWIFT FIT ROSEATE(レディス),23.0〜24.5cm,9350,,,10/9〜10/12,"本体8,500円"
8560834,イオン 大村店,食品,ハーゲンダッツ ミニカップ 各種,1個,289,,,10/9〜10/12,iAEONクーポンで40円引
8560834,イオン 大村店,食品,マルちゃん正麺 各種,5食,387,,,10/9〜10/12,iAEONクーポンで50円引
8560834,イオン 大村店,食品,伊藤園 お〜いお茶 緑茶 1ケース(イオン),1ケース,2273,,,10/9〜10/12,iAEONクーポンで600円引
8560834,イオン 大村店,食品,サントリー天然水 1ケース,1ケース,2273,,,10/9〜10/12,iAEONクーポンで600円引
8560834,イオン 大村店,食品,牛肉(交雑種) 切り落し焼肉用(かた・かたロース),100g,538,,,10/9〜10/12,10/10お10くデー
8560834,イオン 大村店,食品,焼き上げハンバーグ,1パック,322,,,10/9〜10/12,10/10お10くデー
8560834,イオン 大村店,食品,生本まぐろ中とろ(養殖) 刺身用,100g,1058,,,10/9〜10/12,10/10限り
8560834,イオン 大村店,食品,スペイン産 イベリコ豚ばら しゃぶしゃぶ用(解凍),260g,626,,,10/9〜10/12,本体580円
8560834,イオン 大村店,食品,国産 若どり手羽もと(イオン),100g,84,,,10/9〜10/12,本体78円
8560834,イオン 大村店,食品,さつまいも(イオン),1本,106,,,10/9〜10/12,本体98円
8560834,イオン 大村店,食品,熊本県産 森のくまさん,5kg,2570,,,10/9〜10/12,10/10・11 お米の日
8560834,イオン 大村店,食品,元気づくし,5kg,2462,,,10/9〜10/12,10/10・11 お米の日
8560834,イオン 大村店,食品,牛肉(交雑種) ももステーキ用,100g,538,,,10/9〜10/12,10/11限り
8560834,イオン 大村店,食品,長崎ちゃんぽん・博多長浜ラーメン・九州産高菜ラーメン(カップ),1個,127,,,10/9〜10/12,10/12限り
8560834,イオン 大村店,日用品,花王 キュキュット 詰替,1袋,300,,,10/9〜10/12,本体278円
8560834,ヤマダデンキ テックランド大村店,家電,ヤマダセレクト アルカリ乾電池 単3・単4,12本/8本など各,418,,,10/10〜10/16,会員価格
8560834,ヤマダデンキ テックランド大村店,家電,バーベイタム LED電球 60形相当,1個,418,,,10/10〜10/16,
8560834,ヤマダデンキ テックランド大村店,家電,Yselect LEDシーリングライト 6畳 調光12段階,1台,3278,,,10/10〜10/16,YLLS06EN
8560834,ヤマダデンキ テックランド大村店,家電,オムロン 音波式電動歯ブラシ HTB3170,1台,5478,,,10/10〜10/16,DX価格
8560834,ヤマダデンキ テックランド大村店,家電,ブラウン シェーバー 9350CCV,1台,29480,,,10/10〜10/16,
8560834,ヤマダデンキ テックランド大村店,家電,Yselect オーブントースター YTV10P,1台,2728,,,10/10〜10/16,
8560834,ヤマダデンキ テックランド大村店,家電,Yselect グリル鍋 YHPN10F1,1台,3278,,,10/10〜10/16,
8560834,ヤマダデンキ テックランド大村店,家電,ティファール 電気ケトル 1.2L,1台,6578,,,10/10〜10/16,DX価格
8560834,ヤマダデンキ テックランド大村店,日用品,イワタニ カセットボンベ,4本パック,877,,,10/10〜10/16,
8560834,ヤマダデンキ テックランド大村店,家電,イワタニ スモークレス焼肉グリル CBSLG3,1台,7678,,,10/10〜10/16,DX価格
8560834,ヤマダデンキ テックランド大村店,家電,パナソニック 電気敷毛布 DBU13T,1台,6578,,,10/10〜10/16,DX価格・新製品
8560834,ヤマダデンキ テックランド大村店,家電,アイリスオーヤマ セラミックヒーター KCHLW121,1台,9878,,,10/10〜10/16,DX価格
8560834,ヤマダデンキ テックランド大村店,家電,タイガー マイコン炊飯ジャー 5.5合 JBHG102,1台,11880,,,10/10〜10/16,DX価格
8560834,ヤマダデンキ テックランド大村店,家電,象印 IH炊飯ジャー 5.5合 NWVT10,1台,26180,,,10/10〜10/16,
8560834,ヤマダデンキ テックランド大村店,家電,アイリスオーヤマ 電子レンジ KMBP186W,1台,12980,,,10/10〜10/16,DX価格
8560834,ヤマダデンキ テックランド大村店,家電,日立 過熱水蒸気オーブンレンジ MROS23YC,1台,32780,,,10/10〜10/16,
8560834,ドラッグストアコスモス 大村幸町店,ドラッグ・コスメ,オーツカ 速筋タンパク×卵白プロテイン ウオテイン100+,500g,4980,,5980,10/2〜10/15,期間限定 / 同じチラシ: 大村店・宮小路店
8560834,ドラッグストアコスモス 大村幸町店,ドラッグ・コスメ,アース製薬 プラセニタ薬用入浴液,720ml,1480,,,10/2〜10/15,同じチラシ: 大村店・宮小路店
8560834,ドラッグストアコスモス 大村幸町店,食品,青森県産 まっしぐら(米),5kg,2498,,,10/2〜10/15,コスモスは全て税込価格 / 同じチラシ: 大村店・宮小路店
8560834,ドラッグストアコスモス 大村幸町店,食品,日清食品 カップヌードル(シーフード・カレー),各1個,149,,,10/2〜10/15,同じチラシ: 大村店・宮小路店
8560834,ドラッグストアコスモス 大村幸町店,食品,東洋水産 麺づくり(鶏ガラ醤油・合わせ味噌),各1個,139,,,10/2〜10/15,同じチラシ: 大村店・宮小路店
8560834,ドラッグストアコスモス 大村幸町店,食品,日清食品 どん兵衛(きつねうどん・天ぷらそば),各1個,149,,,10/2〜10/15,同じチラシ: 大村店・宮小路店
8560834,ドラッグストアコスモス 大村幸町店,食品,明星 一平ちゃん夜店の焼そば,135g,159,,,10/2〜10/15,同じチラシ: 大村店・宮小路店
8560834,ドラッグストアコスモス 大村幸町店,食品,日清食品 チキンラーメン・日清焼そば・出前一丁,5食パック,398,,,10/2〜10/15,同じチラシ: 大村店・宮小路店
8560834,ドラッグストアコスモス 大村幸町店,食品,キユーピー ハーフ(コスモス),400g,268,,,10/2〜10/15,同じチラシ: 大村店・宮小路店
8560834,ドラッグストアコスモス 大村幸町店,食品,カゴメ トマトケチャップ,800g,318,,,10/2〜10/15,同じチラシ: 大村店・宮小路店
8560834,ドラッグストアコスモス 大村幸町店,食品,J-オイルミルズ 味の素ダブルハーフ,1000g,368,,,10/2〜10/15,同じチラシ: 大村店・宮小路店
8560834,ドラッグストアコスモス 大村幸町店,食品,J-オイルミルズ 味の素エクストラバージンオリーブオイル,600g,898,,,10/2〜10/15,同じチラシ: 大村店・宮小路店
8560834,ドラッグストアコスモス 大村幸町店,食品,キユーピー 深煎りごまドレッシング,380ml,328,,,10/2〜10/15,同じチラシ: 大村店・宮小路店
8560834,ドラッグストアコスモス 大村幸町店,食品,ニッスイ 焼さけあらほぐし,45g×2個パック,398,,,10/2〜10/15,同じチラシ: 大村店・宮小路店
8560834,ドラッグストアコスモス 大村幸町店,食品,ハウス食品 完熟トマトのハヤシライスソース,10皿分,288,,,10/2〜10/15,同じチラシ: 大村店・宮小路店
8560834,ドラッグストアコスモス 大村幸町店,食品,奥本製粉 から揚げ粉(水溶きタイプ・まぶしタイプ),各100g,88,,,10/2〜10/15,同じチラシ: 大村店・宮小路店
8560834,ドラッグストアコスモス 大村幸町店,食品,東洋水産 トレーワンタン(旨み醤油味・鶏だし旨味しお味),各種,119,,,10/2〜10/15,同じチラシ: 大村店・宮小路店
8560834,ドラッグストアコスモス 大村幸町店,食品,はごろもフーズ シーチキンマイルド,70g×3缶,398,,,10/2〜10/15,同じチラシ: 大村店・宮小路店
8560834,ドラッグストアコスモス 大村幸町店,食品,丸美屋 のりたま大袋,52g,199,,,10/2〜10/15,同じチラシ: 大村店・宮小路店
8560834,ドラッグストアコスモス 大村幸町店,食品,丸大食品 ビストロ倶楽部カレー(甘口・中辛),170g×3袋,268,,,10/2〜10/15,同じチラシ: 大村店・宮小路店
8560834,ドラッグストアコスモス 大村幸町店,食品,日清製粉ウェルナ マ・マー マカロニグラタンセット ホワイトソース用,2人前,109,,,10/2〜10/15,同じチラシ: 大村店・宮小路店
8560834,ドラッグストアコスモス 大村幸町店,食品,はごろもフーズ ポポロスパ(7分結束・5分結束),700g,258,,,10/2〜10/15,同じチラシ: 大村店・宮小路店
8560834,ドラッグストアコスモス 大村幸町店,食品,極洋 さば水煮・さばみそ煮,各160g,178,,,10/2〜10/15,同じチラシ: 大村店・宮小路店
8560834,ドラッグストアコスモス 大村幸町店,食品,ポッカサッポロ ポッカレモン100,450ml,398,,,10/2〜10/15,同じチラシ: 大村店・宮小路店
8560834,ドラッグストアコスモス 大村幸町店,食品,日清シスコ ごろグラ チョコナッツ,280g,428,,,10/2〜10/15,同じチラシ: 大村店・宮小路店
8560834,ドラッグストアコスモス 大村幸町店,食品,アサヒ 匠屋 濃い茶,2L,129,,,10/2〜10/15,同じチラシ: 大村店・宮小路店
8560834,ドラッグストアコスモス 大村幸町店,食品,伊藤園 お〜いお茶 ピュアグリーン,2L,139,,,10/2〜10/15,同じチラシ: 大村店・宮小路店
8560834,ドラッグストアコスモス 大村幸町店,食品,アサヒ 三ツ矢 ウルトラストロングレモン,1.5L,179,,,10/2〜10/15,同じチラシ: 大村店・宮小路店
8560834,ドラッグストアコスモス 大村幸町店,食品,アサヒ ぐんぐんグルト・カルピスソーダ,各1.5L,169,,,10/2〜10/15,同じチラシ: 大村店・宮小路店
8560834,ドラッグストアコスモス 大村幸町店,食品,コカ・コーラ い・ろ・は・す 天然水,2L,89,,,10/2〜10/15,同じチラシ: 大村店・宮小路店
8560834,ドラッグストアコスモス 大村幸町店,食品,キリンビバレッジ ファイア(ブラック・挽きたて微糖),185g×6本,328,,,10/2〜10/15,同じチラシ: 大村店・宮小路店
8560834,ドラッグストアコスモス 大村幸町店,食品,ネスレ日本 エクセラふわラテ,26本,538,,,10/2〜10/15,同じチラシ: 大村店・宮小路店
8560834,ドラッグストアコスモス 大村幸町店,食品,ドトールコーヒー 香り芳ばしおいしい一杯 瓶,180g,1098,,,10/2〜10/15,同じチラシ: 大村店・宮小路店
8560834,ドラッグストアコスモス 大村幸町店,食品,桃屋食品ON365 ごま豆乳鍋つゆ,750g,198,,,10/2〜10/15,同じチラシ: 大村店・宮小路店
8560834,ドラッグストアコスモス 大村幸町店,食品,ダイショーON365 キムチ鍋スープ,750g,198,,,10/2〜10/15,同じチラシ: 大村店・宮小路店
8560834,ドラッグストアコスモス 大村幸町店,食品,ミツカン 味ぽん,800ml,358,,,10/2〜10/15,同じチラシ: 大村店・宮小路店
8560834,ドラッグストアコスモス 大村幸町店,食品,キッコーマンON365 すき焼きのたれ,500ml,258,,,10/2〜10/15,同じチラシ: 大村店・宮小路店
8560834,ドラッグストアコスモス 大村幸町店,食品,ヤマキON365 うどんスープ,8g×8袋,119,,,10/2〜10/15,同じチラシ: 大村店・宮小路店
8560834,ドラッグストアコスモス 大村幸町店,食品,ニチレイフーズ えびピラフ,1袋,379,,,10/2〜10/15,冷凍 / 同じチラシ: 大村店・宮小路店
8560834,ドラッグストアコスモス 大村幸町店,食品,ニッスイ 大きな大きな焼きおにぎり,10個,379,,,10/2〜10/15,冷凍 / 同じチラシ: 大村店・宮小路店
8560834,ドラッグストアコスモス 大村幸町店,食品,日清食品冷凍 スパ王 喫茶店のナポリタン大盛,360g,179,,,10/2〜10/15,冷凍 / 同じチラシ: 大村店・宮小路店
8560834,ドラッグストアコスモス 大村幸町店,食品,ニッスイ ちゃんぽん,402g,279,,,10/2〜10/15,冷凍 / 同じチラシ: 大村店・宮小路店
8560834,ドラッグストアコスモス 大村幸町店,食品,イートアンド 大阪王将 羽根つき餃子,12個,169,,,10/2〜10/15,冷凍 / 同じチラシ: 大村店・宮小路店
8560834,ドラッグストアコスモス 大村幸町店,食品,味の素冷凍食品 おいしい大判羽根つき餃子,28個,459,,,10/2〜10/15,冷凍 / 同じチラシ: 大村店・宮小路店
8560834,ドラッグストアコスモス 大村幸町店,食品,テーブルマーク ごっつ旨い大粒たこ焼,6個(197g),279,,,10/2〜10/15,冷凍 / 同じチラシ: 大村店・宮小路店
8560834,ドラッグストアコスモス 大村幸町店,食品,ニチレイフーズ お弁当からあげチキン,6個(114g),159,,,10/2〜10/15,冷凍 / 同じチラシ: 大村店・宮小路店
8560834,ドラッグストアコスモス 大村幸町店,食品,ニップン 和風スパゲッティ&ハンバーグ,340g,389,,,10/2〜10/15,冷凍 / 同じチラシ: 大村店・宮小路店
8560834,ドラッグストアコスモス 大村幸町店,食品,イートアンド 大阪王将 直火炒飯と肉焼売,308g,379,,,10/2〜10/15,冷凍 / 同じチラシ: 大村店・宮小路店
8560834,ドラッグストアコスモス 大村幸町店,食品,極洋 10品目のふんわり彩り揚げ,5個,159,,,10/2〜10/15,冷凍 / 同じチラシ: 大村店・宮小路店
8560834,ドラッグストアコスモス 大村幸町店,食品,ニッスイ ちくわの磯辺揚げ,8個,179,,,10/2〜10/15,冷凍 / 同じチラシ: 大村店・宮小路店
8560834,ドラッグストアコスモス 大村幸町店,食品,Umios ミックスピザ,3枚,399,,,10/2〜10/15,冷凍 / 同じチラシ: 大村店・宮小路店
8560834,ドラッグストアコスモス 大村幸町店,食品,ハイファイブフーズ フライドポテト,1kg,349,,,10/2〜10/15,冷凍 / 同じチラシ: 大村店・宮小路店
8560834,ドラッグストアコスモス 大村幸町店,食品,ニチレイフーズ 回転焼あずきあん,4個,298,,,10/2〜10/15,冷凍 / 同じチラシ: 大村店・宮小路店
8560834,ドラッグストアコスモス 大村幸町店,食品,ニチレイフーズ そのまま使えるブロッコリー,250g,259,,,10/2〜10/15,冷凍 / 同じチラシ: 大村店・宮小路店
8560834,ドラッグストアコスモス 大村幸町店,食品,にこにこ元気たまご,10個入M〜S混合,249,,,10/2〜10/15,同じチラシ: 大村店・宮小路店
8560834,ドラッグストアコスモス 大村幸町店,食品,ヤマザキ コスモスの食パン,6枚,89,,,10/2〜10/15,ご家族様3点限り / 同じチラシ: 大村店・宮小路店
8560834,ドラッグストアコスモス 大村幸町店,食品,ヤマザキ バターロール,6個,109,,,10/2〜10/15,同じチラシ: 大村店・宮小路店
8560834,ドラッグストアコスモス 大村幸町店,食品,ヤマザキ チョコチップスナック,7本,119,,,10/2〜10/15,同じチラシ: 大村店・宮小路店
8560834,ドラッグストアコスモス 大村幸町店,食品,ヤマザキ 安納芋蒸しケーキ,1個,99,,,10/2〜10/15,同じチラシ: 大村店・宮小路店
8560834,ドラッグストアコスモス 大村幸町店,食品,リョーユー ホイップあんぱん,1個,89,,,10/2〜10/15,同じチラシ: 大村店・宮小路店
8560834,ドラッグストアコスモス 大村幸町店,食品,東洋水産 ふっくらうどん,3人前,108,,,10/2〜10/15,同じチラシ: 大村店・宮小路店
8560834,ドラッグストアコスモス 大村幸町店,食品,三好食品工業 煮ても焼いてもおいしい絹厚揚げ,2枚入,89,,,10/2〜10/15,同じチラシ: 大村店・宮小路店
8560834,ドラッグストアコスモス 大村幸町店,食品,滝沢ハム お肉屋さんのハンバーグ デミグラスソース,85g,99,,,10/2〜10/15,同じチラシ: 大村店・宮小路店
8560834,ドラッグストアコスモス 大村幸町店,食品,伊藤ハム 燻工房 ももハム切り落とし・ロースハム切り落とし,各90〜95g,199,,,10/2〜10/15,同じチラシ: 大村店・宮小路店
8560834,ドラッグストアコスモス 大村幸町店,食品,美山 いちおしキムチ,180g,139,,,10/2〜10/15,同じチラシ: 大村店・宮小路店
8560834,ドラッグストアコスモス 大村幸町店,食品,伊藤ハム 朝のフレッシュ生ハムロース,3連,209,,,10/2〜10/15,同じチラシ: 大村店・宮小路店
8560834,ドラッグストアコスモス 大村幸町店,食品,桂和園 国産お肉の大粒焼売,22g×8個,99,,,10/2〜10/15,同じチラシ: 大村店・宮小路店
8560834,ドラッグストアコスモス 大村幸町店,食品,一正蒲鉾 カニかまスティック,10本入,79,,,10/2〜10/15,同じチラシ: 大村店・宮小路店
8560834,ドラッグストアコスモス 大村幸町店,食品,日本ハム シャウスライス,39g×3,199,,,10/2〜10/15,同じチラシ: 大村店・宮小路店
8560834,ドラッグストアコスモス 大村幸町店,食品,プリマハム 香薫あらびきウインナー大袋,480g,649,,,10/2〜10/15,同じチラシ: 大村店・宮小路店
8560834,ドラッグストアコスモス 大村幸町店,食品,伊藤園 1日分の野菜,200ml,89,,,10/2〜10/15,同じチラシ: 大村店・宮小路店
8560834,ドラッグストアコスモス 大村幸町店,食品,森永乳業 トリプルヨーグルト 砂糖不使用ドリンク,100g,129,,,10/2〜10/15,同じチラシ: 大村店・宮小路店
8560834,ドラッグストアコスモス 大村幸町店,食品,ヤマザキ ホイップカスタードエクレア,1個,89,,,10/2〜10/15,同じチラシ: 大村店・宮小路店
8560834,ドラッグストアコスモス 大村幸町店,食品,ヤマザキ 焼きチーズスフレ,1個,99,,,10/2〜10/15,同じチラシ: 大村店・宮小路店
8560834,ドラッグストアコスモス 大村幸町店,食品,アサヒ スーパードライ 350ml×6缶,6缶,1038,,,10/2〜10/15,同じチラシ: 大村店・宮小路店
8560834,ドラッグストアコスモス 大村幸町店,食品,アサヒ スーパードライ 350ml×24缶,1ケース,4150,,,10/2〜10/15,同じチラシ: 大村店・宮小路店
8560834,ドラッグストアコスモス 大村幸町店,食品,アサヒ アサヒゼロ,350ml×6缶,858,,,10/2〜10/15,同じチラシ: 大村店・宮小路店
8560834,ドラッグストアコスモス 大村幸町店,食品,コカ・コーラ よわない檸檬堂,350ml,118,,,10/2〜10/15,同じチラシ: 大村店・宮小路店
8560834,サンドラッグ 大村店,ドラッグ・コスメ,第2類医薬品 新ジキニン顆粒,22包,1188,,,10/6〜10/11,同じチラシ: 富の原店
8560834,サンドラッグ 大村店,ドラッグ・コスメ,第2類医薬品 パブロンゴールドA微粒,44包,1380,,,10/6〜10/11,同じチラシ: 富の原店
8560834,サンドラッグ 大村店,ドラッグ・コスメ,第3類医薬品 キューピーコーワゴールドα,160錠,1848,,,10/6〜10/11,ポポンS 240錠も同価格 / 同じチラシ: 富の原店
8560834,サンドラッグ 大村店,ドラッグ・コスメ,第3類医薬品 アリナミンEXプラス,270錠,5280,,,10/6〜10/11,同じチラシ: 富の原店
8560834,サンドラッグ 大村店,ドラッグ・コスメ,第2類医薬品 第一三共胃腸薬,54包,1188,,,10/6〜10/11,同じチラシ: 富の原店
8560834,サンドラッグ 大村店,ドラッグ・コスメ,第3類医薬品 バファリンA,100錠,1298,,,10/6〜10/11,同じチラシ: 富の原店
8560834,サンドラッグ 大村店,ドラッグ・コスメ,キューピーコーワドリンク,100ml×10本,877,,,10/6〜10/11,2点購入で合計金額より200円引 / 同じチラシ: 富の原店
8560834,サンドラッグ 大村店,ドラッグ・コスメ,第2類医薬品 命の母A,840錠,3608,,,10/6〜10/11,同じチラシ: 富の原店
8560834,サンドラッグ 大村店,ドラッグ・コスメ,第2類医薬品 サンテFXネオ,12ml,258,,,10/6〜10/11,お一人様2点まで / 同じチラシ: 富の原店
8560834,サンドラッグ 大村店,ドラッグ・コスメ,第3類医薬品 アイボンWビタミンプレミアム,500ml,638,,,10/6〜10/11,同じチラシ: 富の原店
8560834,サンドラッグ 大村店,食品,日本薬健 金の青汁25種純国産野菜乳酸菌,90包,2786,,,10/6〜10/11,同じチラシ: 富の原店
8560834,サンドラッグ 大村店,ドラッグ・コスメ,DHC DHA 60日分,240粒,1798,,,10/6〜10/11,同じチラシ: 富の原店
8560834,サンドラッグ 大村店,食品,味の素 アミノバイタル ガッツギア 即攻元気ゼリー,180g,118,,,10/6〜10/11,同じチラシ: 富の原店
8560834,サンドラッグ 大村店,ドラッグ・コスメ,クロレッツボトル(各種),2個,918,,,10/6〜10/11,同じチラシ: 富の原店
8560834,サンドラッグ 大村店,ドラッグ・コスメ,ジョンソンボディケア バイタルラディアンス(各種),500ml,877,,,10/6〜10/11,同じチラシ: 富の原店
8560834,サンドラッグ 大村店,ドラッグ・コスメ,ビオレ マシュマロホイップ 詰替 レギュラー,130ml,348,,,10/6〜10/11,同じチラシ: 富の原店
8560834,サンドラッグ 大村店,ドラッグ・コスメ,ニベア ディープモイスチャーリップ(各種),2.2g,382,,,10/6〜10/11,2点購入で50円引 / 同じチラシ: 富の原店
8560834,サンドラッグ 大村店,ドラッグ・コスメ,ユースキン サービスパック,120g+12g,979,,,10/6〜10/11,同じチラシ: 富の原店
8560834,サンドラッグ 大村店,ドラッグ・コスメ,アトリックス ビューティーチャージ(各種),80g,478,,,10/6〜10/11,同じチラシ: 富の原店
8560834,サンドラッグ 大村店,ドラッグ・コスメ,ニベアクリーム 大缶,169g,478,,,10/6〜10/11,同じチラシ: 富の原店
8560834,サンドラッグ 大村店,ドラッグ・コスメ,ビオレ スキンケア洗顔料 モイスチャー,130g,305,,,10/6〜10/11,お一人様2点まで / 同じチラシ: 富の原店
8560834,サンドラッグ 大村店,ドラッグ・コスメ,ケシミン 浸透化粧水 詰替 しっとり,140ml,657,,,10/6〜10/11,同じチラシ: 富の原店
8560834,サンドラッグ 大村店,ドラッグ・コスメ,ダヴ クリーミー泡洗顔料 詰替,125ml,388,,,10/6〜10/11,同じチラシ: 富の原店
8560834,サンドラッグ 大村店,ドラッグ・コスメ,ケシミンクリーム,30g,1097,,,10/6〜10/11,同じチラシ: 富の原店
8560834,サンドラッグ 大村店,ドラッグ・コスメ,なめらか本舗 豆乳イソフラボン(化粧水・乳液),150〜200ml,698,,,10/6〜10/11,同じチラシ: 富の原店
8560834,エレナ 久原店,食品,ハイライフポーク 豚ロース味噌漬け,100g当たり,139,,,10/6〜10/11,カナダ産 / 同じチラシ: 大村中央店・竹松店
8560834,エレナ 久原店,食品,九一庵 国産木綿・国産絹ごし豆腐,各300g,117,,,10/6〜10/11,同じチラシ: 大村中央店・竹松店
8560834,エレナ 久原店,食品,牛角キムチ 甘辛味,90g×2個パック,193,,,10/6〜10/11,同じチラシ: 大村中央店・竹松店
8560834,エレナ 久原店,食品,マルタイ 長崎皿うどん,各140g,106,,,10/6〜10/11,オイスターソース味も同価格 / 同じチラシ: 大村中央店・竹松店
8560834,エレナ 久原店,食品,日清 カップヌードル(各種),1個,160,,,10/6〜10/11,同じチラシ: 大村中央店・竹松店
8560834,エレナ 久原店,食品,S&B 濃いシチュー,各168g・152g,214,,,10/6〜10/11,お一人様合計2箱限り / 同じチラシ: 大村中央店・竹松店
8560834,エレナ 久原店,食品,くらし良好 ロースハム・ベーコン,各4パック,290,,,10/6〜10/11,エレナポイント+20 / 同じチラシ: 大村中央店・竹松店
8560834,エレナ 久原店,食品,エバラ すき焼のたれ マイルド,500ml,268,,,10/6〜10/11,お一人様1本限り / 同じチラシ: 大村中央店・竹松店
8560834,エレナ 久原店,食品,くらし良好 トマトケチャップ,500g,160,,,10/6〜10/11,同じチラシ: 大村中央店・竹松店
8560834,エレナ 久原店,食品,丸美屋 国産パワーキッズ,各3個パック,106,,,10/6〜10/11,同じチラシ: 大村中央店・竹松店
8560834,エレナ 久原店,食品,八洋食品 ラーメン屋さんの餃子,14個入,182,,,10/6〜10/11,同じチラシ: 大村中央店・竹松店
8560834,エレナ 久原店,食品,伊藤ハム ラ・ピッツァ,各1枚入,268,,,10/6〜10/11,同じチラシ: 大村中央店・竹松店
8560834,エレナ 久原店,食品,パッカルゴールド,7本入,128,,,10/6〜10/11,同じチラシ: 大村中央店・竹松店
8560834,エレナ 久原店,食品,ニチレイ 大きな大きな焼きおにぎり,6個入,355,,,10/6〜10/11,冷凍 / 同じチラシ: 大村中央店・竹松店
8560834,エレナ 久原店,食品,日本茶 おいしく出せる緑茶ティーバッグ,3.5g×40袋,430,,,10/6〜10/11,同じチラシ: 大村中央店・竹松店
8560834,エレナ 久原店,食品,ヤマザキ 高級つぶあん,1個,117,,,10/6〜10/11,同じチラシ: 大村中央店・竹松店
8560834,エレナ 久原店,食品,フランソア メロンパン,1個,96,,,10/6〜10/11,同じチラシ: 大村中央店・竹松店
8560834,エレナ 久原店,食品,ヤマザキ 北海道チーズ蒸しケーキ,1個,106,,,10/6〜10/11,同じチラシ: 大村中央店・竹松店
8560834,エレナ 久原店,食品,湖池屋 ポリンキー,各55g,117,,,10/6〜10/11,同じチラシ: 大村中央店・竹松店
8560834,エレナ 久原店,食品,日清シスコ ココナッツサブレ,各16枚入,117,,,10/6〜10/11,同じチラシ: 大村中央店・竹松店
8560834,エレナ 久原店,食品,くらし良好 徳用いかの姿フライ,132g,236,,,10/6〜10/11,同じチラシ: 大村中央店・竹松店
8560834,エレナ 久原店,食品,くらし良好 珍味レンジャー,102g,333,,,10/6〜10/11,同じチラシ: 大村中央店・竹松店
8560834,エレナ 久原店,ドラッグ・コスメ,白元アース 快適ガードマスク,30枚入,658,,,10/6〜10/11,お一人様合計2箱限り / 同じチラシ: 大村中央店・竹松店
8560834,エレナ 久原店,食品,アサヒ スーパードライ 350ml 6缶パック,6缶,1098,,,10/6〜10/11,同じチラシ: 大村中央店・竹松店
8560834,エレナ 久原店,食品,アサヒ スーパードライ 350ml 24缶,1ケース,4387,,,10/6〜10/11,同じチラシ: 大村中央店・竹松店
8560834,エレナ 久原店,食品,伊藤園 お〜いお茶(緑茶・濃い茶),各600ml,85,,,10/6〜10/11,お一人様合計2本限り / 同じチラシ: 大村中央店・竹松店
8560834,エレナ 久原店,食品,三ツ星フィッシュ 生本まぐろお刺身用ブロック,100g当たり,1177,,,10/6〜10/11,10/9からのエレナ祭価格 / 同じチラシ: 大村中央店・竹松店
8560834,エレナ 久原店,食品,生本まぐろたっぷりお刺身盛合わせ,3品盛,1285,,,10/6〜10/11,10/9から / 同じチラシ: 大村中央店・竹松店
8560834,エレナ 久原店,食品,ノルウェー産 北極圏サーモンお刺身用ブロック,100g当たり,538,,,10/6〜10/11,10/9から / 同じチラシ: 大村中央店・竹松店
8560834,エレナ 久原店,食品,サーモンたっぷりお刺身盛合わせ,3品盛,970,,,10/6〜10/11,10/9から / 同じチラシ: 大村中央店・竹松店
8560834,エレナ 久原店,食品,粗挽きまぐろタタキ,200g入,862,,,10/6〜10/11,10/9から / 同じチラシ: 大村中央店・竹松店
8560834,エレナ 久原店,食品,トロびんちょうスライス,1パック,430,,,10/6〜10/11,10/9から / 同じチラシ: 大村中央店・竹松店
8560834,エレナ 久原店,食品,新仔うなぎ蒲焼 真空トレイパック,1パック,2041,,,10/6〜10/11,宮崎県産・10/9から / 同じチラシ: 大村中央店・竹松店
8560834,エレナ 久原店,食品,アルゼンチン有頭赤海老,5尾入,538,,,10/6〜10/11,10/9から / 同じチラシ: 大村中央店・竹松店
8560834,エレナ 久原店,食品,バナメイ無頭えび,100g当たり,182,,,10/6〜10/11,10/9から / 同じチラシ: 大村中央店・竹松店
8560834,エレナ 久原店,食品,さつまいも,100g当たり,42,,,10/6〜10/11,鹿児島県産ほか・10/9から / 同じチラシ: 大村中央店・竹松店
8560834,エレナ 久原店,食品,牛タンスライス(生)ねぎ塩カップ付,150g,1510,,,10/6〜10/11,10/9から / 同じチラシ: 大村中央店・竹松店
8560834,エレナ 久原店,食品,霜降りひらたけ,1パック,139,,,10/6〜10/11,10/9から / 同じチラシ: 大村中央店・竹松店
8560834,エレナ 久原店,食品,雪国まいたけ 極MEGA,1パック,139,,,10/6〜10/11,10/9から / 同じチラシ: 大村中央店・竹松店
8560834,エレナ 久原店,食品,うどん玉・ちゃんぽん玉(各メーカー),よりどり3玉,150,,,10/6〜10/11,2玉106円・10/9から / 同じチラシ: 大村中央店・竹松店
8560834,エレナ 久原店,食品,シマヤ だしの素 粉末,10g×12袋,182,,,10/6〜10/11,10/9から / 同じチラシ: 大村中央店・竹松店
8560834,エレナ 久原店,食品,ふるさと風味みそ,各1kg,214,,,10/6〜10/11,10/9から / 同じチラシ: 大村中央店・竹松店
8560834,エレナ 久原店,食品,うまかっちゃん(各種),5食入,322,,,10/6〜10/11,10/9から / 同じチラシ: 大村中央店・竹松店
8560834,エレナ 久原店,食品,カゴメ トマトジュース 食塩無添加,200ml,106,,,10/6〜10/11,10/9から / 同じチラシ: 大村中央店・竹松店
8560834,エレナ 久原店,食品,おかめ納豆 仕立て,3個組,106,,,10/6〜10/11,10/9から / 同じチラシ: 大村中央店・竹松店
8560834,エレナ 久原店,食品,濃厚仕立てもっちりやわらか絹厚揚げ,2枚入,96,,,10/6〜10/11,10/9から / 同じチラシ: 大村中央店・竹松店
8560834,エレナ 久原店,食品,ミンチ天,2枚入,139,,,10/6〜10/11,10/9から / 同じチラシ: 大村中央店・竹松店
8560834,エレナ 久原店,食品,長崎焼きそば,1袋,171,,,10/6〜10/11,10/9から / 同じチラシ: 大村中央店・竹松店
8560834,エレナ 久原店,食品,中島食品 きざみ白菜漬,150g,106,,,10/6〜10/11,10/9から / 同じチラシ: 大村中央店・竹松店
8560834,エレナ 久原店,食品,牧場の朝ヨーグルト,各3個組,117,,,10/6〜10/11,10/9から / 同じチラシ: 大村中央店・竹松店
8560834,エレナ 久原店,食品,うれしの茶 竹翠,100g,646,,,10/6〜10/11,10/9から / 同じチラシ: 大村中央店・竹松店
8560834,エレナ 久原店,食品,カルビー ポテトチップス,各55g・53g,117,,,10/6〜10/11,10/9から / 同じチラシ: 大村中央店・竹松店
8560834,エレナ 久原店,食品,ミルクレア ベルギーチョコ,6本入,268,,,10/6〜10/11,10/9から / 同じチラシ: 大村中央店・竹松店
8560834,エレナ 久原店,日用品,除菌ジョイコンパクト 詰替用,670ml,328,,,10/6〜10/11,10/9から / 同じチラシ: 大村中央店・竹松店
8560834,エレナ 久原店,食品,長崎県産 豚ロース厚切りスライス,100g当たり,214,,,10/6〜10/11,10/8限り / 同じチラシ: 大村中央店・竹松店
8560834,エレナ 久原店,食品,リンゴ各種,1玉,150,,,10/6〜10/11,青森県産ほか・10/8限り / 同じチラシ: 大村中央店・竹松店
8560834,エレナ 久原店,食品,長崎県産 豚こま切れ,100g当たり,160,,,10/6〜10/11,10/8限り / 同じチラシ: 大村中央店・竹松店
8560834,エレナ 久原店,食品,九州産 若どりモモ身,100g当たり,128,,,10/6〜10/11,10/8限り / 同じチラシ: 大村中央店・竹松店
8560834,エレナ 久原店,食品,1本釣りカツオタタキ お刺身用ブロック,100g当たり,312,,,10/6〜10/11,解凍・10/8限り / 同じチラシ: 大村中央店・竹松店
8560834,エレナ 久原店,食品,いかの唐揚げ(花咲のお惣菜),100g当たり,214,,,10/6〜10/11,10/8限り / 同じチラシ: 大村中央店・竹松店
8560834,エレナ 久原店,食品,のりタル弁当,1パック,376,,,10/6〜10/11,10/8限り / 同じチラシ: 大村中央店・竹松店
8560834,エレナ 久原店,食品,MEGAハンバーグ,1パック,321,,,10/6〜10/11,ひる3時からのタイムサービス / 同じチラシ: 大村中央店・竹松店
8560834,エレナ 久原店,食品,お米 全品,全品,,レジにて10%引,,10/6〜10/11,10/8限り / 同じチラシ: 大村中央店・竹松店
8560834,エレナ 久原店,食品,パン(パンの日),各種,,10%引,,10/6〜10/11,10/8限り / 同じチラシ: 大村中央店・竹松店
8560834,エレナ 久原店,食品,牛乳(牛乳の日),各種,,10%引,,10/6〜10/11,10/8限り / 同じチラシ: 大村中央店・竹松店
8560834,ドラッグストアモリ 大村駅前店,食品,ミルメーク コーヒー,各種,214,,,10/4〜10/10,今週のお買得品
8560834,ドラッグストアモリ 大村駅前店,食品,混ぜ込みご飯の素各種,各31g,85,,,10/4〜10/10,
8560834,ドラッグストアモリ 大村駅前店,食品,ひかり味噌 鶏だしスープ春雨各種,各1個,106,,,10/4〜10/10,
8560834,ドラッグストアモリ 大村駅前店,食品,ファイバーミニ スパークリング,1本,96,,,10/4〜10/10,
8560834,ドラッグストアモリ 大村駅前店,食品,特選牛乳キャンディ,1袋,127,,,10/4〜10/10,
8560834,ドラッグストアモリ 大村駅前店,食品,丸美屋 麻婆豆腐の素各種,各種,192,,,10/4〜10/10,毎日超特価・ご家族様2点限り
8560834,ドラッグストアモリ 大村駅前店,食品,マルちゃん ごつ盛り焼そば各種,各1個,138,,,10/4〜10/10,毎日超特価
8560834,ドラッグストアモリ 大村駅前店,食品,アサヒ 十六茶・ウィルキンソン各種,各500ml等,79,,,10/4〜10/10,毎日超特価
8560834,ドラッグストアモリ 大村駅前店,食品,和風ごまドレッシング・和風しょうゆドレッシング,各種,322,,,10/4〜10/10,
8560834,ドラッグストアモリ 大村駅前店,食品,ハウス シチューミクス クリーム,1箱,333,,,10/4〜10/10,
8560834,ドラッグストアモリ 大村駅前店,食品,キリンレモン・午後の紅茶 おいしい無糖,各種,90,,,10/4〜10/10,
8560834,ドラッグストアモリ 大村駅前店,食品,日清 チキンラーメン・出前一丁・日清焼そば,各5食入,441,,,10/4〜10/10,
8560834,ドラッグストアモリ 大村駅前店,食品,特選本生わさび・からし,各1本,138,,,10/4〜10/10,
8560834,ドラッグストアモリ 大村駅前店,食品,ミツカン プロが使う味 白だし,500ml,289,,,10/4〜10/10,
8560834,ドラッグストアモリ 大村駅前店,食品,午後の紅茶各種・カルピスウォーター各種,1.5L等,181,,,10/4〜10/10,
8560834,ドラッグストアモリ 大村駅前店,食品,丸大食品 ボリュームロースハム・ボリュームベーコン,各種,181,,,10/4〜10/10,
8560834,ドラッグストアモリ 大村駅前店,食品,とろけるヘルシーシュレッド,200g,257,,,10/4〜10/10,
8560834,ドラッグストアモリ 大村駅前店,食品,ブルガリアヨーグルト各種,各70g×4,181,,,10/4〜10/10,
8560834,ドラッグストアモリ 大村駅前店,食品,ちゃんぽん・やきそばの具,各種,127,,,10/4〜10/10,
8560834,ドラッグストアモリ 大村駅前店,食品,天ぷら各種,各種,95,,,10/4〜10/10,
8560834,ドラッグストアモリ 大村駅前店,食品,雪印 さけるチーズ各種,各種,199,,,10/4〜10/10,
8560834,ドラッグストアモリ 大村駅前店,食品,フィッシュソーセージ,1袋,225,,,10/4〜10/10,
8560834,ドラッグストアモリ 大村駅前店,食品,ご飯がススム キムチ,3パック,171,,,10/4〜10/10,
8560834,ドラッグストアモリ 大村駅前店,食品,チーズインハンバーグ,1袋,149,,,10/4〜10/10,
8560834,ドラッグストアモリ 大村駅前店,食品,カゴメ 1日分の野菜,350g等,95,,,10/4〜10/10,
8560834,ドラッグストアモリ 大村駅前店,食品,プリマハム 燻製屋あらびきウインナー,1袋,323,,,10/4〜10/10,
8560834,ドラッグストアモリ 大村駅前店,食品,あみポテ,1袋,96,,,10/4〜10/10,
8560834,ドラッグストアモリ 大村駅前店,食品,蒟蒻ゼリーミックス,1袋,214,,,10/4〜10/10,
8560834,ドラッグストアモリ 大村駅前店,食品,キシリコートガム ボトル各種,各110g,430,,,10/4〜10/10,
8560834,ドラッグストアモリ 大村駅前店,食品,はくばく 22種の雑穀米,1袋,786,,,10/4〜10/10,
8560834,ドラッグストアモリ 大村駅前店,食品,日清 大盛りスパゲティ,1袋,203,,,10/4〜10/10,冷凍
8560834,ドラッグストアモリ 大村駅前店,食品,ニップン オーマイプレミアム各種,各種,312,,,10/4〜10/10,冷凍
8560834,ドラッグストアモリ 大村駅前店,食品,味の素 ギョーザ,12個入,198,,,10/4〜10/10,冷凍
8560834,ドラッグストアモリ 大村駅前店,食品,シュガー ココナッツ,1袋,117,,,10/4〜10/10,
8560834,ドラッグストアモリ 大村駅前店,食品,カルビー フルグラ各種,各種,711,,,10/4〜10/10,
8560834,ドラッグストアモリ 大村駅前店,食品,BIG BAGポテトチップス うすしお味,1袋,219,,,10/4〜10/10,
8560834,ドラッグストアモリ 大村駅前店,食品,サッポロ一番 カップスター,各1個,138,,,10/4〜10/10,
8560834,ドラッグストアモリ 大村駅前店,食品,ヤマザキ 山型ソフト,1斤,149,,,10/4〜10/10,
8560834,ドラッグストアモリ 大村駅前店,食品,フジパン サクふわ食感メロンパン,1個,106,,,10/4〜10/10,
8560834,ドラッグストアモリ 大村駅前店,食品,フジパン スナックサンド各種,各種,129,,,10/4〜10/10,
8560834,ドラッグストアモリ 大村駅前店,日用品,ワイドハイターEXパワー 詰替,1個,438,,,10/4〜10/10,
8560834,ドラッグストアモリ 大村駅前店,日用品,カビキラー替え2本パック,1パック,268,,,10/4〜10/10,
8560834,ドラッグストアモリ 大村駅前店,日用品,エリエール イーナ ティッシュペーパー,5箱,372,,,10/4〜10/10,
8560834,ドラッグストアモリ 大村駅前店,日用品,スッキリプレミアムコレクション各種,各種,328,,,10/4〜10/10,
8560834,ドラッグストアモリ 大村駅前店,日用品,エリエール エルフォーレ トイレットロール,1パック,493,,,10/4〜10/10,
8560834,ドラッグストアモリ 大村駅前店,日用品,ノンスメル清水香各種,各種,603,,,10/4〜10/10,
8560834,ドラッグストアモリ 大村駅前店,日用品,クレシア キッチンタオル,4ロール,350,,,10/4〜10/10,
8560834,ドラッグストアモリ 大村駅前店,日用品,ペットシーツ中厚,1袋,1188,,,10/4〜10/10,
8560834,ダイレックス 木場店,食品,ブルボン チョコチップクッキー・バタークッキーほか(今週のイチ押し),各種,108,,,10/7〜10/12,
8560834,ダイレックス 木場店,食品,サーティワン チョコレート,15粒,199,,,10/7〜10/12,
8560834,ダイレックス 木場店,食品,ブルボン バラエティーアソート,281g,399,,,10/7〜10/12,
8560834,ダイレックス 木場店,食品,ロッテ トッポ各種(ダイレックス),各2袋入,129,,,10/7〜10/12,
8560834,ダイレックス 木場店,食品,ロッテ ラミー・バッカス,各種,249,,,10/7〜10/12,
8560834,ダイレックス 木場店,食品,UHA味覚糖 コグミ・シゲキックス各種,各種,108,,,10/7〜10/12,
8560834,ダイレックス 木場店,食品,日清食品 どん兵衛(きつねうどん・天ぷらそば・肉うどんほか)・焼きそばU.F.O.,各種,149,,,10/7〜10/12,
8560834,ダイレックス 木場店,食品,マルタイ 棒ラーメン(しょうゆ・屋台とんこつ),各種,139,,,10/7〜10/12,
8560834,ダイレックス 木場店,食品,東洋水産 鍋の〆に食べるラーメン,1袋,99,,,10/7〜10/12,
8560834,ダイレックス 木場店,食品,東洋水産 お鍋にポン各種,3人前,99,,,10/7〜10/12,
8560834,ダイレックス 木場店,食品,ハウス シチューミクス(クリーム・濃厚仕立て),各170g,279,,,10/7〜10/12,
8560834,ダイレックス 木場店,食品,イチビキ ストレート鍋つゆ(キムチ鍋・豚みそちゃんこほか),各720g,159,,,10/7〜10/12,
8560834,ダイレックス 木場店,食品,キユーピー あえるパスタソース(たらこ・明太子ほか),各種,179,,,10/7〜10/12,
8560834,ダイレックス 木場店,食品,丸美屋 麻婆茄子の素,各180g,159,,,10/7〜10/12,
8560834,ダイレックス 木場店,食品,Umios さんま蒲焼,各100g,239,,,10/7〜10/12,
8560834,ダイレックス 木場店,食品,Lサイズ ポテトチップス・カラムーチョほか,各種,179,,,10/7〜10/12,
8560834,ダイレックス 木場店,食品,亀田製菓 おっとっと・ぷんわり名人ほか,各種,89,,,10/7〜10/12,
8560834,ダイレックス 木場店,食品,ふんわり名人 きなこ餅,75g,199,,,10/7〜10/12,
8560834,ダイレックス 木場店,食品,ポッカサッポロ じっくりコトコトこんがりパン,各種,139,,,10/7〜10/12,
8560834,ダイレックス 木場店,食品,エースコック ハイイの おもてなし,各種,139,,,10/7〜10/12,
8560834,ダイレックス 木場店,食品,理研ビタミン わかめスープ各種,各8P,299,,,10/7〜10/12,
8560834,ダイレックス 木場店,食品,永谷園 お茶づけ海苔,8袋入,218,,,10/7〜10/12,
8560834,ダイレックス 木場店,食品,ハインツ トマトケチャップ逆さボトル,460g,228,,,10/7〜10/12,
8560834,ダイレックス 木場店,食品,キユーピー ハーフ(ダイレックス 木場店),400g,279,,,10/7〜10/12,
8560834,ダイレックス 木場店,食品,桃屋 キムチの素(ダイレックス),190g,199,,,10/7〜10/12,
8560834,ダイレックス 木場店,食品,伊藤園 お〜いお茶 PURE GREEN・健康ミネラルむぎ茶・黒豆茶,各2L,129,,,10/7〜10/12,
8560834,ダイレックス 木場店,食品,コカ・コーラ(レギュラー・ゼロ),各1.5L,159,,,10/7〜10/12,
8560834,ダイレックス 木場店,食品,アサヒ 十六茶 660ml×24本,1ケース,1580,,,10/7〜10/12,
8560834,ダイレックス 木場店,食品,アサヒ ウィルキンソン タンサン 500ml×24本,1ケース,1596,,,10/7〜10/12,
8560834,ダイレックス 木場店,食品,アサヒ green cola・三ツ矢・カルピスウォーター各種,各種,89,,,10/7〜10/12,
8560834,ダイレックス 木場店,食品,味の素AGF ブレンディ袋・マキシム袋,各種,799,,,10/7〜10/12,
8560834,ダイレックス 木場店,食品,AGF ちょっと贅沢な珈琲店 グランドテイスト,各240g,598,,,10/7〜10/12,
8560834,ダイレックス 木場店,食品,丸大食品 燻製屋ウインナー,各90g×2,258,,,10/7〜10/12,今週のイチ押し
8560834,ダイレックス 木場店,食品,東洋水産 至極の食卓 マルちゃん焼そば,各150g×2食,178,,,10/7〜10/12,
8560834,ダイレックス 木場店,食品,伊藤ハム ベーカーガーデン(マルゲリータほか),各1枚,228,,,10/7〜10/12,
8560834,ダイレックス 木場店,食品,やさしい牛乳 華原のまごころ,1000ml,189,,,10/7〜10/12,
8560834,ダイレックス 木場店,食品,家族の潤い牛乳,900ml,138,,,10/7〜10/12,
8560834,ダイレックス 木場店,食品,森永乳業 トリプルヨーグルト・ビヒダスヨーグルト便通改善,各種,118,,,10/7〜10/12,
8560834,ダイレックス 木場店,食品,オハヨー 長崎の果実ヨーグルト,各70g×4,158,,,10/7〜10/12,
8560834,ダイレックス 木場店,食品,ミツカン 金のつぶ(あらびきマスタード・たまご醤油たれほか),各45g×3,108,,,10/7〜10/12,
8560834,ダイレックス 木場店,食品,日清食品 冷凍日清中華 汁なし担々麺大盛り,360g,228,,,10/7〜10/12,
8560834,ダイレックス 木場店,食品,ジャンボ ミニチョコブラボン,4個入,138,,,10/7〜10/12,
8560834,ダイレックス 木場店,食品,テーブルマーク 讃岐麺一番 肉うどん,340g,228,,,10/7〜10/12,
8560834,ダイレックス 木場店,食品,ニチレイ 若鶏の旨だれ焼,260g,348,,,10/7〜10/12,
8560834,ダイレックス 木場店,食品,味の素 海老肉焼売,9個入,399,,,10/7〜10/12,
8560834,ユニクロ 大村松並店,アパレル,メリノウールカーディガン(WOMEN・MEN),1枚,2990,,,10/9〜10/15,特別価格 10/15まで
8560834,ユニクロ 大村松並店,アパレル,カシミヤクルーネックセーター,1枚,10900,,,10/9〜10/15,
8560834,ユニクロ 大村松並店,アパレル,メリノクルーネックセーター(WOMEN・MEN),1枚,3990,,,10/9〜10/15,
8560834,ユニクロ 大村松並店,アパレル,スムースコットンフルジップカーディガン,1枚,3990,,,10/9〜10/15,
8560834,ユニクロ 大村松並店,アパレル,UNIQLO:C クルーネックセーター,1枚,3990,,,10/9〜10/15,
8560834,ユニクロ 大村松並店,アパレル,ポロセーター,1枚,2990,,,10/9〜10/15,値下げ
8560834,ユニクロ 大村松並店,アパレル,バギーバレルレッグジーンズ・バギージーンズ,1本,3990,,,10/9〜10/15,特別価格 10/15まで
8560834,ユニクロ 大村松並店,アパレル,EZYジーンズ,1本,4990,,,10/9〜10/15,
8560834,ユニクロ 大村松並店,アパレル,スマートパンツ イージー,1本,3990,,,10/9〜10/15,
8560834,ユニクロ 大村松並店,アパレル,コーデュロイイージーアンクルパンツ,1本,2990,,,10/9〜10/15,値下げ
8560834,ユニクロ 大村松並店,アパレル,ジップアップショートジャケット,1着,3990,,,10/9〜10/15,特別価格 10/15まで
8560834,ユニクロ 大村松並店,アパレル,カバーオール,1着,4990,,,10/9〜10/15,値下げ
8560834,ユニクロ 大村松並店,アパレル,パフテックジャケット,1着,6990,,,10/9〜10/15,
8560834,ユニクロ 大村松並店,アパレル,ウィンドプルーフスタンドブルゾン,1着,5990,,,10/9〜10/15,
8560834,ユニクロ 大村松並店,アパレル,UNIQLO:C スウェットハーフジッププルオーバー,1枚,3990,,,10/9〜10/15,WOMEN
8560834,ユニクロ 大村松並店,アパレル,UNIQLO:C オーバーサイズスウェットシャツ,1枚,3990,,,10/9〜10/15,
8560834,ユニクロ 大村松並店,アパレル,UNIQLO:C オーバーサイズプルパーカ,1枚,3990,,,10/9〜10/15,
8560834,ユニクロ 大村松並店,アパレル,スウェットフルジップパーカ,1枚,3990,,,10/9〜10/15,特別価格 10/15まで
8560834,ユニクロ 大村松並店,アパレル,ハーフボタンプルオーバー,1枚,1990,,,10/9〜10/15,値下げ
8560834,ユニクロ 大村松並店,アパレル,UNIQLO:C スウェットパンツ(ストレート・ワイド),1本,2990,,,10/9〜10/15,特別価格 10/15まで
8560834,ユニクロ 大村松並店,アパレル,スウェットシャツ,1枚,3990,,,10/9〜10/15,
8560834,トライアル 大村店,ドラッグ・コスメ,コーセーコスメポート ジュレーム 大容量詰替 各種,680ml,877,,,10/1〜10/31,本体798円。月間チラシ(ヘルス&ビューティー/生活消耗 今月のおすすめ品)
8560834,トライアル 大村店,ドラッグ・コスメ,ヘンケル サイオス オレオクリーム 各種,50g+50g,877,,,10/1〜10/31,本体798円。月間チラシ(ヘルス&ビューティー/生活消耗 今月のおすすめ品)
8560834,トライアル 大村店,ドラッグ・コスメ,アドリックス ビューティーチャージ 各種,80g,470,,,10/1〜10/31,本体428円。月間チラシ(ヘルス&ビューティー/生活消耗 今月のおすすめ品)
8560834,トライアル 大村店,日用品,ライオン NANOX one ウルトラジャンボ詰替 洗浄プラス・ニオイ専用,"1,530g",1518,,,10/1〜10/31,"本体1,380円。月間チラシ(ヘルス&ビューティー/生活消耗 今月のおすすめ品)"
8560834,トライアル 大村店,日用品,ライオン NANOX one ウルトラジャンボ詰替 Pro,"1,400g",1628,,,10/1〜10/31,"本体1,480円。月間チラシ(ヘルス&ビューティー/生活消耗 今月のおすすめ品)"
8560834,トライアル 大村店,日用品,P&G レノアハピネス ミスト本体 各種,370ml,382,,,10/1〜10/31,本体348円。月間チラシ(ヘルス&ビューティー/生活消耗 今月のおすすめ品)
8560834,トライアル 大村店,日用品,ファブリックミスト KOGANE FUWARI,370ml,547,,,10/1〜10/31,本体498円。数量限定。月間チラシ(ヘルス&ビューティー/生活消耗 今月のおすすめ品)
8560834,トライアル 大村店,日用品,衣料洗剤 KOGANE FUWARI,"1,200g",437,,,10/1〜10/31,本体398円。数量限定。月間チラシ(ヘルス&ビューティー/生活消耗 今月のおすすめ品)
8560834,トライアル 大村店,日用品,トイレ用消臭芳香剤・室内用置き型芳香剤 こがねふわり,各400ml,217,,,10/1〜10/31,本体198円。数量限定。月間チラシ(ヘルス&ビューティー/生活消耗 今月のおすすめ品)
8560834,トライアル 大村店,日用品,リードディフューザー こがねふわり,90ml,550,,,10/1〜10/31,本体500円。数量限定。月間チラシ(ヘルス&ビューティー/生活消耗 今月のおすすめ品)
8560834,トライアル 大村店,日用品,秋の香りフレグランスゲル アソートセット,60g×2,440,,,10/1〜10/31,本体400円。数量限定。月間チラシ(ヘルス&ビューティー/生活消耗 今月のおすすめ品)
8560834,トライアル 大村店,日用品,トライアル フリーザーバッグ 各種,1個,217,,,10/1〜10/31,本体198円。月間チラシ(ヘルス&ビューティー/生活消耗 今月のおすすめ品)
8560834,トライアル 大村店,日用品,TRB 2倍巻きパルプトイレット(50m12RW・100m12RS),12ロール,657,,,10/1〜10/31,本体598円。月間チラシ(ヘルス&ビューティー/生活消耗 今月のおすすめ品)
8560834,トライアル 大村店,日用品,TRB ソフトパックティッシュ 10パック,150組×10,360,,,10/1〜10/31,本体328円。月間チラシ(ヘルス&ビューティー/生活消耗 今月のおすすめ品)
8560834,トライアル 大村店,日用品,TRB ソフトパックティッシュ 5パック,150組×5,184,,,10/1〜10/31,本体168円。月間チラシ(ヘルス&ビューティー/生活消耗 今月のおすすめ品)
8560834,トライアル 大村店,日用品,ムーニーマシュマロ肌ごこち・モレ安心・ムーニーマン 各種,1パック,1515,,,10/1〜10/31,"本体1,378円。ユニ・チャーム。月間チラシ(ヘルス&ビューティー/生活消耗 今月のおすすめ品)"
8560834,トライアル 大村店,ドラッグ・コスメ,オフテクス クリアデュー ハイドロワンステップ,28錠,1427,,,10/1〜10/31,"本体1,298円。月間チラシ(ヘルス&ビューティー/生活消耗 今月のおすすめ品)"
8560834,トライアル 大村店,ドラッグ・コスメ,小林製薬 サラサーティコットン100 各種,112枚,547,,,10/1〜10/31,本体498円。月間チラシ(ヘルス&ビューティー/生活消耗 今月のおすすめ品)
8560834,マルキョウ 大村松並店,食品,エバラ プチっと鍋 各種(マルキョウ 大村松並店),1袋,268,,,10/7〜10/13,大感謝祭 7日間の品 / 同じチラシ: 久山台店
8560834,マルキョウ 大村松並店,食品,味の素 鍋キューブ 各種(マルキョウ 大村松並店),1袋,268,,,10/7〜10/13,大感謝祭 7日間の品 / 同じチラシ: 久山台店
8560834,マルキョウ 大村松並店,食品,白菜 1/4カット(長野県産)(マルキョウ 大村松並店),1/4個,214,,,10/7〜10/13,大感謝祭 7日間の品 / 同じチラシ: 久山台店
8560834,マルキョウ 大村松並店,食品,水菜(福岡県産)(マルキョウ 大村松並店),1袋,171,,,10/7〜10/13,大感謝祭 7日間の品 / 同じチラシ: 久山台店
8560834,マルキョウ 大村松並店,食品,白ネギ(北海道産他)(マルキョウ 大村松並店),1束,268,,,10/7〜10/13,大感謝祭 7日間の品 / 同じチラシ: 久山台店
8560834,マルキョウ 大村松並店,食品,博多ぶなしめじ(福岡県産)(マルキョウ 大村松並店),1袋,128,,,10/7〜10/13,大感謝祭 7日間の品 / 同じチラシ: 久山台店
8560834,マルキョウ 大村松並店,食品,養殖ぶり切身(マルキョウ 大村松並店),100g,538,,,10/7〜10/13,大感謝祭 7日間の品。100g当り / 同じチラシ: 久山台店
8560834,マルキョウ 大村松並店,食品,解凍 骨取り赤魚フィーレ(マルキョウ 大村松並店),2枚,430,,,10/7〜10/13,大感謝祭 7日間の品 / 同じチラシ: 久山台店
8560834,マルキョウ 大村松並店,食品,無頭バナメイエビ メガパック(マルキョウ 大村松並店),100g,182,,,10/7〜10/13,大感謝祭 7日間の品。100g当り / 同じチラシ: 久山台店
8560834,マルキョウ 大村松並店,食品,ボイルホタテ(マルキョウ 大村松並店),100g,322,,,10/7〜10/13,大感謝祭 7日間の品。100g当り / 同じチラシ: 久山台店
8560834,マルキョウ 大村松並店,食品,国産若鶏むね肉切り身 鍋物用(マルキョウ 大村松並店),100g,117,,,10/7〜10/13,大感謝祭 7日間の品。100g当り / 同じチラシ: 久山台店
8560834,マルキョウ 大村松並店,食品,国産豚もも切り落とし 鍋物用(マルキョウ 大村松並店),100g,150,,,10/7〜10/13,大感謝祭 7日間の品。100g当り / 同じチラシ: 久山台店
8560834,マルキョウ 大村松並店,食品,濃厚もっちり 絹厚揚げ(マルキョウ 大村松並店),1パック,108,,,10/7〜10/13,大感謝祭 7日間の品 / 同じチラシ: 久山台店
8560834,マルキョウ 大村松並店,食品,生芋板こんにゃく・糸こんにゃく 各種(マルキョウ 大村松並店),1袋,108,,,10/7〜10/13,大感謝祭 7日間の品 / 同じチラシ: 久山台店
8560834,マルキョウ 大村松並店,食品,九州大地のちゃんぽん(マルキョウ 大村松並店),1袋,139,,,10/7〜10/13,大感謝祭 7日間の品。めん食 / 同じチラシ: 久山台店
8560834,マルキョウ 大村松並店,食品,マロニーちゃん(マルキョウ 大村松並店),180g,247,,,10/7〜10/13,大感謝祭 7日間の品 / 同じチラシ: 久山台店
8560834,マルキョウ 大村松並店,食品,白鶴 料理の日本酒(マルキョウ 大村松並店),1800ml,922,,,10/7〜10/13,大感謝祭 7日間の品 / 同じチラシ: 久山台店
8560834,マルキョウ 大村松並店,食品,サントリー 翠ジンソーダ(マルキョウ 大村松並店),350ml×6缶,977,,,10/7〜10/13,大感謝祭 7日間の品。20歳未満の飲酒は法律で禁止されています / 同じチラシ: 久山台店
8560834,マルキョウ 大村松並店,食品,秋映りんご 大玉(長野県産)(マルキョウ 大村松並店),1玉,171,,,10/7〜10/13,大感謝祭 7日間の品 / 同じチラシ: 久山台店
8560834,マルキョウ 大村松並店,食品,柿 早秋(福岡県産)(マルキョウ 大村松並店),4玉入り1パック,518,,,10/7〜10/13,大感謝祭 7日間の品 / 同じチラシ: 久山台店
8560834,マルキョウ 大村松並店,食品,日清オイリオ ヘルシーごま香油(マルキョウ 大村松並店),130g,214,,,10/7〜10/13,大感謝祭 7日間の品 / 同じチラシ: 久山台店
8560834,マルキョウ 大村松並店,食品,デルモンテ 基本の完熟トマトソース(マルキョウ 大村松並店),295g,182,,,10/7〜10/13,大感謝祭 7日間の品 / 同じチラシ: 久山台店
8560834,マルキョウ 大村松並店,食品,ヤマサ 昆布つゆ(マルキョウ 大村松並店),500ml,193,,,10/7〜10/13,大感謝祭 7日間の品 / 同じチラシ: 久山台店
8560834,マルキョウ 大村松並店,食品,カルビー かっぱえびせん(マルキョウ 大村松並店),1袋,108,,,10/7〜10/13,大感謝祭 7日間の品 / 同じチラシ: 久山台店
8560834,マルキョウ 大村松並店,食品,不二家 ハートチョコレート ピーナッツ(マルキョウ 大村松並店),1袋,247,,,10/7〜10/13,大感謝祭 7日間の品 / 同じチラシ: 久山台店
8560834,マルキョウ 大村松並店,食品,グリコ 冬のくちどけポッキー(マルキョウ 大村松並店),1箱,214,,,10/7〜10/13,大感謝祭 7日間の品 / 同じチラシ: 久山台店
8560834,マルキョウ 大村松並店,食品,さつまいも べにはるか・安納芋・シルクスイート(種子島産) 各種(マルキョウ 大村松並店),1袋,538,,,10/7〜10/13,大感謝祭 7日間の品 / 同じチラシ: 久山台店
8560834,マルキョウ 大村松並店,食品,プレミアムW焙煎胡麻ドレッシング(マルキョウ 大村松並店),1L,696,,,10/7〜10/13,大感謝祭 7日間の品 / 同じチラシ: 久山台店
8560834,マルキョウ 大村松並店,食品,白藤 美浜の里えびうす焼(マルキョウ 大村松並店),30枚入,538,,,10/7〜10/13,大感謝祭 7日間の品 / 同じチラシ: 久山台店
8560834,マルキョウ 大村松並店,食品,平川 美味しいとうふ 各種(マルキョウ 大村松並店),1個,214,,,10/7〜10/13,大感謝祭 7日間の品 / 同じチラシ: 久山台店
8560834,マルキョウ 大村松並店,食品,だいやめ 25度(マルキョウ 大村松並店),900ml,1373,,,10/7〜10/13,大感謝祭 7日間の品。焼酎 / 同じチラシ: 久山台店
8560834,マックスバリュ 大村諏訪店,食品,さつまいも(1本・Lサイズ),1本,106,,,10/8〜10/12,木よう市・売切御免 / 同じチラシ: 空港通り店・溝陸店・諫早西部台店・長崎インター店
8560834,マックスバリュ 大村諏訪店,食品,なす(1本・Lサイズ),1本,73,,,10/8〜10/12,同じチラシ: 空港通り店・溝陸店・諫早西部台店・長崎インター店
8560834,マックスバリュ 大村諏訪店,食品,にんじん(1本・Lサイズ),1本,52,,,10/8〜10/12,同じチラシ: 空港通り店・溝陸店・諫早西部台店・長崎インター店
8560834,マックスバリュ 大村諏訪店,食品,たまねぎ(1個・L大サイズ),1個,52,,,10/8〜10/12,同じチラシ: 空港通り店・溝陸店・諫早西部台店・長崎インター店
8560834,マックスバリュ 大村諏訪店,食品,じゃがいも(1個・2Lサイズ),1個,52,,,10/8〜10/12,同じチラシ: 空港通り店・溝陸店・諫早西部台店・長崎インター店
8560834,マックスバリュ 大村諏訪店,食品,新高梨,1個,322,,,10/8〜10/12,同じチラシ: 空港通り店・溝陸店・諫早西部台店・長崎インター店
8560834,マックスバリュ 大村諏訪店,食品,白ねぎ(1本・Lサイズ),1本,106,,,10/8〜10/12,同じチラシ: 空港通り店・溝陸店・諫早西部台店・長崎インター店
8560834,マックスバリュ 大村諏訪店,食品,雪国まいたけ,1パック70g,95,,,10/8〜10/12,同じチラシ: 空港通り店・溝陸店・諫早西部台店・長崎インター店
8560834,マックスバリュ 大村諏訪店,食品,ゼスプリ サンゴールドキウイ,1個・3L,138,,,10/8〜10/12,同じチラシ: 空港通り店・溝陸店・諫早西部台店・長崎インター店
8560834,マックスバリュ 大村諏訪店,食品,グレープフルーツ(ホワイト),1個・Mサイズ,106,,,10/8〜10/12,南アフリカ産 / 同じチラシ: 空港通り店・溝陸店・諫早西部台店・長崎インター店
8560834,マックスバリュ 大村諏訪店,食品,アルゼンチン産 有頭赤えび(解凍),1尾,95,,,10/8〜10/12,お魚バイキング / 同じチラシ: 空港通り店・溝陸店・諫早西部台店・長崎インター店
8560834,マックスバリュ 大村諏訪店,食品,塩さんま・骨取白身魚・塩さば・塩銀鮭切身(お魚バイキング),各1尾・1枚・1切,160,,,10/8〜10/12,よりどり各本体148円 / 同じチラシ: 空港通り店・溝陸店・諫早西部台店・長崎インター店
8560834,マックスバリュ 大村諏訪店,食品,ヤマザキ ルヴァン バターロール,4個入,106,,,10/8〜10/12,人気のパン本体98円均一 / 同じチラシ: 空港通り店・溝陸店・諫早西部台店・長崎インター店
8560834,マックスバリュ 大村諏訪店,食品,イケダパン 焼きそばドッグ・コロッケたまごドッグ,各1個,106,,,10/8〜10/12,同じチラシ: 空港通り店・溝陸店・諫早西部台店・長崎インター店
8560834,マックスバリュ 大村諏訪店,食品,ヤマザキ ミニ小倉ぱん,4個入,106,,,10/8〜10/12,同じチラシ: 空港通り店・溝陸店・諫早西部台店・長崎インター店
8560834,マックスバリュ 大村諏訪店,食品,惣菜バイキング(牛肉入りコロッケ・アジフライ・豚ロース玉葱串カツなど),各1個,106,,,10/8〜10/12,同じチラシ: 空港通り店・溝陸店・諫早西部台店・長崎インター店
8560834,マックスバリュ 大村諏訪店,食品,若どりもも味付チキンステーキ用(解凍品)照焼,100g当たり,106,,,10/8〜10/12,ブラジル産 / 同じチラシ: 空港通り店・溝陸店・諫早西部台店・長崎インター店
8560834,マックスバリュ 大村諏訪店,食品,ビーフメンチカツ,1個,106,,,10/8〜10/12,同じチラシ: 空港通り店・溝陸店・諫早西部台店・長崎インター店
8560834,マックスバリュ 大村諏訪店,食品,プチハッシュドポテト,100g当たり,106,,,10/8〜10/12,同じチラシ: 空港通り店・溝陸店・諫早西部台店・長崎インター店
8560834,マックスバリュ 大村諏訪店,食品,雪印メグミルク のむヨーグルト,各190g,106,,,10/8〜10/12,同じチラシ: 空港通り店・溝陸店・諫早西部台店・長崎インター店
8560834,マックスバリュ 大村諏訪店,食品,プリマハム タコさんウインナー,72g,106,,,10/8〜10/12,同じチラシ: 空港通り店・溝陸店・諫早西部台店・長崎インター店
8560834,マックスバリュ 大村諏訪店,食品,雪印メグミルク 毎日骨太ベビーチーズ・ベビーチーズ,各46g,106,,,10/8〜10/12,同じチラシ: 空港通り店・溝陸店・諫早西部台店・長崎インター店
8560834,マックスバリュ 大村諏訪店,食品,やまみ 国産大豆濃厚一徹4個,90g×4,106,,,10/8〜10/12,同じチラシ: 空港通り店・溝陸店・諫早西部台店・長崎インター店
8560834,マックスバリュ 大村諏訪店,食品,タカノフーズ 糸の力,40g×3,106,,,10/8〜10/12,同じチラシ: 空港通り店・溝陸店・諫早西部台店・長崎インター店
8560834,マックスバリュ 大村諏訪店,食品,森永乳業 トリプルチョコモナカ・いちごチョコモナカ,各128ml,106,,,10/8〜10/12,同じチラシ: 空港通り店・溝陸店・諫早西部台店・長崎インター店
8560834,マックスバリュ 大村諏訪店,食品,ミツカン ぎょうざのたれ・ほんてりみりん風調味料・料理酒,各種,106,,,10/8〜10/12,同じチラシ: 空港通り店・溝陸店・諫早西部台店・長崎インター店
8560834,マックスバリュ 大村諏訪店,食品,マルタイ 長崎皿うどん(オイスターソース味),各140g,106,,,10/8〜10/12,同じチラシ: 空港通り店・溝陸店・諫早西部台店・長崎インター店
8560834,マックスバリュ 大村諏訪店,食品,味の素 コンソメ顆粒,50g,106,,,10/8〜10/12,同じチラシ: 空港通り店・溝陸店・諫早西部台店・長崎インター店
8560834,マックスバリュ 大村諏訪店,食品,ルヴァン プライム,各39枚入,106,,,10/8〜10/12,同じチラシ: 空港通り店・溝陸店・諫早西部台店・長崎インター店
8560834,マックスバリュ 大村諏訪店,食品,森永製菓 ポテロング,45g,106,,,10/8〜10/12,同じチラシ: 空港通り店・溝陸店・諫早西部台店・長崎インター店
8560834,マックスバリュ 大村諏訪店,食品,オーストラリア産 牛肉ばら切り落し,100g当たり,214,,,10/8〜10/12,本日のいちおし / 同じチラシ: 空港通り店・溝陸店・諫早西部台店・長崎インター店
8560834,マックスバリュ 大村諏訪店,食品,国産 かつおたたき刺身用,100g当たり,214,,,10/8〜10/12,同じチラシ: 空港通り店・溝陸店・諫早西部台店・長崎インター店
8560834,マックスバリュ 大村諏訪店,食品,明治ブルガリアヨーグルトLB81,各180g,95,,,10/8〜10/12,同じチラシ: 空港通り店・溝陸店・諫早西部台店・長崎インター店
8560834,マックスバリュ 大村諏訪店,食品,イートアンドフーズ 羽根つき餃子,12個入,192,,,10/8〜10/12,冷凍 / 同じチラシ: 空港通り店・溝陸店・諫早西部台店・長崎インター店
8560834,マックスバリュ 大村諏訪店,食品,明星 一平ちゃん夜店の焼そば(各種),各種,149,,,10/8〜10/12,同じチラシ: 空港通り店・溝陸店・諫早西部台店・長崎インター店
8560834,マックスバリュ 大村諏訪店,食品,UCC 職人の珈琲 ワンドリップ,各16パック,538,,,10/8〜10/12,同じチラシ: 空港通り店・溝陸店・諫早西部台店・長崎インター店
8560834,マックスバリュ 大村諏訪店,食品,国産 豚肉ロースしゃぶしゃぶ用,100g当たり,214,,,10/8〜10/12,同じチラシ: 空港通り店・溝陸店・諫早西部台店・長崎インター店
8560834,マックスバリュ 大村諏訪店,食品,スペイン産 イベリコ豚ばらスライス(解凍),300g,626,,,10/8〜10/12,100g当たり本体194円 / 同じチラシ: 空港通り店・溝陸店・諫早西部台店・長崎インター店
8560834,マックスバリュ 大村諏訪店,食品,ペルー産 ボイルいかスライス生食用,100g当たり,214,,,10/8〜10/12,同じチラシ: 空港通り店・溝陸店・諫早西部台店・長崎インター店
8560834,マックスバリュ 大村諏訪店,食品,国産 ボイルベビーほたて貝生食用,100g当たり,354,,,10/8〜10/12,同じチラシ: 空港通り店・溝陸店・諫早西部台店・長崎インター店
8560834,マックスバリュ 大村諏訪店,食品,備後漬物 ごはんがおいしい旨キムチ,80g×2,160,,,10/8〜10/12,同じチラシ: 空港通り店・溝陸店・諫早西部台店・長崎インター店
8560834,マックスバリュ 大村諏訪店,食品,伊藤園 1日分の野菜・毎日1杯の青汁,各種,225,,,10/8〜10/12,同じチラシ: 空港通り店・溝陸店・諫早西部台店・長崎インター店
8560834,マックスバリュ 大村諏訪店,食品,UCC ザ・ブレンド,各70g,538,,,10/8〜10/12,同じチラシ: 空港通り店・溝陸店・諫早西部台店・長崎インター店
8560834,マックスバリュ 大村諏訪店,食品,黒豚もも・かた味付焼肉用(解凍),340g,540,,,10/8〜10/12,同じチラシ: 空港通り店・溝陸店・諫早西部台店・長崎インター店
8560834,マックスバリュ 大村諏訪店,食品,ブラジル産 若どりもも肉(解凍品),100g当たり,95,,,10/8〜10/12,同じチラシ: 空港通り店・溝陸店・諫早西部台店・長崎インター店
8560834,マックスバリュ 大村諏訪店,食品,中国産 うなぎ蒲焼,1尾,950,,,10/8〜10/12,同じチラシ: 空港通り店・溝陸店・諫早西部台店・長崎インター店
8560834,マックスバリュ 大村諏訪店,食品,さかえや 蔵出し辛子明太子(切子),90g,322,,,10/8〜10/12,同じチラシ: 空港通り店・溝陸店・諫早西部台店・長崎インター店
8560834,マックスバリュ 大村諏訪店,食品,エバラ すき焼のたれマイルド 500ml(マックスバリュ),500ml,257,,,10/8〜10/12,同じチラシ: 空港通り店・溝陸店・諫早西部台店・長崎インター店
8560834,マックスバリュ 大村諏訪店,食品,アサヒ 三ツ矢サイダー,1500ml,160,,,10/8〜10/12,お1人様1本限り / 同じチラシ: 空港通り店・溝陸店・諫早西部台店・長崎インター店
8560834,マックスバリュ 大村諏訪店,食品,カルビー クリスプ,各45g,84,,,10/8〜10/12,同じチラシ: 空港通り店・溝陸店・諫早西部台店・長崎インター店
8560834,マックスバリュ 大村諏訪店,食品,牛肉プルコギ味付焼肉用(解凍),100g当たり,171,,,10/8〜10/12,同じチラシ: 空港通り店・溝陸店・諫早西部台店・長崎インター店
8560834,マックスバリュ 大村諏訪店,食品,鶏ささみ大葉チーズロールカツ,1パック6切,387,,,10/8〜10/12,同じチラシ: 空港通り店・溝陸店・諫早西部台店・長崎インター店
8560834,マックスバリュ 大村諏訪店,食品,九州産はちみつ紅はるか使用大学芋,1パック,214,,,10/8〜10/12,同じチラシ: 空港通り店・溝陸店・諫早西部台店・長崎インター店
8560834,マックスバリュ 大村諏訪店,食品,酢鶏弁当,1パック,387,,,10/8〜10/12,朝10時からのご奉仕 / 同じチラシ: 空港通り店・溝陸店・諫早西部台店・長崎インター店
8560834,マックスバリュ 大村諏訪店,食品,mizkan 追いがつおつゆ2倍,500ml,203,,,10/8〜10/12,同じチラシ: 空港通り店・溝陸店・諫早西部台店・長崎インター店
8560834,マックスバリュ 大村諏訪店,食品,日本海水 浦島海苔おかず海苔,6切5枚・6袋入,214,,,10/8〜10/12,同じチラシ: 空港通り店・溝陸店・諫早西部台店・長崎インター店
8560834,マックスバリュ 大村諏訪店,食品,ブルボン アルフォートファミリーサイズ・ブランチュールファミリーサイズ,各種,257,,,10/8〜10/12,同じチラシ: 空港通り店・溝陸店・諫早西部台店・長崎インター店
8560834,マックスバリュ 大村諏訪店,食品,トップバリュ ロースハム,40g,84,,,10/8〜10/12,木よう市限定値下げ / 同じチラシ: 空港通り店・溝陸店・諫早西部台店・長崎インター店
8560834,マックスバリュ 大村諏訪店,食品,カフェラテ・カフェラテ砂糖不使用,各280ml,127,,,10/8〜10/12,同じチラシ: 空港通り店・溝陸店・諫早西部台店・長崎インター店
8560834,マックスバリュ 大村諏訪店,食品,卓上味付けのり,10切80枚,343,,,10/8〜10/12,同じチラシ: 空港通り店・溝陸店・諫早西部台店・長崎インター店
8560834,マックスバリュ 大村諏訪店,食品,焼肉のたれ(コクの甘口・香りの辛口・旨みの中辛),各種,192,,,10/8〜10/12,同じチラシ: 空港通り店・溝陸店・諫早西部台店・長崎インター店
8560834,マックスバリュ 大村諏訪店,食品,あらびきポークステーキ,100g当たり,127,,,10/8〜10/12,4時の市 / 同じチラシ: 空港通り店・溝陸店・諫早西部台店・長崎インター店
8560834,マックスバリュ 大村諏訪店,食品,おつまみ燻製チーズ揚げ,100g当たり,289,,,10/8〜10/12,同じチラシ: 空港通り店・溝陸店・諫早西部台店・長崎インター店
8560834,マックスバリュ 大村諏訪店,食品,トーラク 神戸シェフクラブ ロイヤルカスタードプリン,105g,192,,,10/8〜10/12,同じチラシ: 空港通り店・溝陸店・諫早西部台店・長崎インター店
8560834,マックスバリュ 大村諏訪店,ドラッグ・コスメ,ユニリーバ ラックス スーパーリッチシャイン つめかえ用(シャンプー・コンディショナー),各280g,229,,,10/8〜10/12,同じチラシ: 空港通り店・溝陸店・諫早西部台店・長崎インター店
8560834,マックスバリュ 大村諏訪店,日用品,花王 キュキュット 替大サイズ(クリア除菌),各700ml,306,,,10/8〜10/12,ボーナスポイント20円相当 / 同じチラシ: 空港通り店・溝陸店・諫早西部台店・長崎インター店
8560834,マックスバリュ 大村諏訪店,日用品,日本製紙クレシア スコッティセレクト 2倍長持ち(シングル・ダブル),12ロール,768,,,10/8〜10/12,同じチラシ: 空港通り店・溝陸店・諫早西部台店・長崎インター店
8560834,マックスバリュ 大村諏訪店,食品,伊藤園 お〜いお茶緑茶 600ml 1ケース24本,1ケース,2273,,,10/8〜10/12,iAEONクーポン利用で600円引(10/12まで) / 同じチラシ: 空港通り店・溝陸店・諫早西部台店・長崎インター店
8560834,マックスバリュ 大村諏訪店,食品,サントリー天然水 550ml(マックスバリュ),1本,95,,,10/8〜10/12,10/9から / 同じチラシ: 空港通り店・溝陸店・諫早西部台店・長崎インター店
8560834,マックスバリュ 大村諏訪店,食品,ニチレイフーズ 麺と米 ぶっかけうどん&カツ丼,400g,430,,,10/8〜10/12,10/9から・クーポンで50円引 / 同じチラシ: 空港通り店・溝陸店・諫早西部台店・長崎インター店
8560834,マックスバリュ 大村諏訪店,食品,ハーゲンダッツ ミニカップ(バニラ・芳醇ラムレーズン),各110ml,289,,,10/8〜10/12,10/9から / 同じチラシ: 空港通り店・溝陸店・諫早西部台店・長崎インター店
8560834,マックスバリュ 大村諏訪店,食品,伊藤園 プレミアムティーバッグ(宇治抹茶入り緑茶ほか),各20袋,430,,,10/8〜10/12,10/9から / 同じチラシ: 空港通り店・溝陸店・諫早西部台店・長崎インター店
8560834,マックスバリュ 大村諏訪店,食品,東洋水産 マルちゃん正麺(醤油・味噌・豚骨),各5食入,387,,,10/8〜10/12,10/9から / 同じチラシ: 空港通り店・溝陸店・諫早西部台店・長崎インター店
8560834,マックスバリュ 大村諏訪店,食品,日清シスコ ごろグラ,各280g,430,,,10/8〜10/12,10/9から / 同じチラシ: 空港通り店・溝陸店・諫早西部台店・長崎インター店
8560834,マックスバリュ 大村諏訪店,食品,ロッテ トッポ,各2袋入,149,,,10/8〜10/12,10/9から / 同じチラシ: 空港通り店・溝陸店・諫早西部台店・長崎インター店
8560834,マックスバリュ 大村諏訪店,食品,mizkan 味ぽん・味ぽんMILD,各500ml,279,,,10/8〜10/12,10/9から / 同じチラシ: 空港通り店・溝陸店・諫早西部台店・長崎インター店
8560834,マックスバリュ 大村諏訪店,食品,新潟県産 雪国まいたけ 計量,100g当たり,106,,,10/8〜10/12,10/9から / 同じチラシ: 空港通り店・溝陸店・諫早西部台店・長崎インター店
8560834,マックスバリュ 大村諏訪店,食品,福岡県産 ぶなしめじWパック,2株入,192,,,10/8〜10/12,10/9から / 同じチラシ: 空港通り店・溝陸店・諫早西部台店・長崎インター店
8560834,マックスバリュ 大村諏訪店,食品,熊本県産 シルクスイートさつまいも,1袋400g,257,,,10/8〜10/12,10/10・11限り / 同じチラシ: 空港通り店・溝陸店・諫早西部台店・長崎インター店
8560834,マックスバリュ 大村諏訪店,食品,熊本県産 早出しこつぶみかん,1袋600g,378,,,10/8〜10/12,10/10・11限り / 同じチラシ: 空港通り店・溝陸店・諫早西部台店・長崎インター店
8560834,マックスバリュ 大村諏訪店,食品,じゃがいも(野菜大放出),100g当たり,22,,,10/8〜10/12,10/10・11限り / 同じチラシ: 空港通り店・溝陸店・諫早西部台店・長崎インター店
8560834,マックスバリュ 大村諏訪店,食品,たまねぎ(野菜大放出),100g当たり,22,,,10/8〜10/12,10/10・11限り / 同じチラシ: 空港通り店・溝陸店・諫早西部台店・長崎インター店
8560834,マックスバリュ 大村諏訪店,食品,熊本県産 阿蘇白水米,5kg,2570,,,10/8〜10/12,10/10・11限り / 同じチラシ: 空港通り店・溝陸店・諫早西部台店・長崎インター店
8560834,マックスバリュ 大村諏訪店,食品,サンフリード 長崎にこまる,5kg,2462,,,10/8〜10/12,10/10・11限り / 同じチラシ: 空港通り店・溝陸店・諫早西部台店・長崎インター店
8560834,ワークマンプラス 大村店,アパレル,XShelter快適断熱Σ 撥水テックフーディ,1着,3990,,,9/30〜3/31,XShelter快適断熱Σ カタログ掲載価格
8560834,ワークマンプラス 大村店,アパレル,XShelter快適断熱Σ テックジャケット,1着,3990,,,9/30〜3/31,XShelter快適断熱Σ カタログ掲載価格
8560834,ワークマンプラス 大村店,アパレル,XShelter快適断熱Σ テックベスト,1着,2990,,,9/30〜3/31,XShelter快適断熱Σ カタログ掲載価格
8560834,ワークマンプラス 大村店,アパレル,XShelter快適断熱Σ テックカーゴパンツ,1本,2990,,,9/30〜3/31,XShelter快適断熱Σ カタログ掲載価格
8560834,ワークマンプラス 大村店,アパレル,XShelter快適断熱Σ テック2Bジャケット,1着,3990,,,9/30〜3/31,XShelter快適断熱Σ カタログ掲載価格
8560834,ワークマンプラス 大村店,アパレル,XShelter快適断熱Σ スラックス,1本,2990,,,9/30〜3/31,XShelter快適断熱Σ カタログ掲載価格
8560834,ワークマンプラス 大村店,アパレル,XShelter快適断熱Σ テック長袖シャツ,1枚,2990,,,9/30〜3/31,XShelter快適断熱Σ カタログ掲載価格
8560834,ワークマンプラス 大村店,アパレル,XShelter快適断熱Σ テックカーディガン,1枚,2990,,,9/30〜3/31,XShelter快適断熱Σ カタログ掲載価格
8560834,ワークマンプラス 大村店,アパレル,XShelter快適断熱Σ 撥水テックフードジャケット(レディース),1着,3990,,,9/30〜3/31,XShelter快適断熱Σ カタログ掲載価格
8560834,ワークマンプラス 大村店,アパレル,XShelter快適断熱Σ ポンチョ,1枚,2500,,,9/30〜3/31,XShelter快適断熱Σ カタログ掲載価格
8560834,ワークマンプラス 大村店,アパレル,XShelter快適断熱Σ キャップ,1個,1280,,,9/30〜3/31,XShelter快適断熱Σ カタログ掲載価格
8560834,ワークマンプラス 大村店,アパレル,XShelter快適断熱Σ ハット シェード付き,1個,1780,,,9/30〜3/31,XShelter快適断熱Σ カタログ掲載価格
8560834,ワークマンプラス 大村店,アパレル,XShelter快適断熱Σ アクティブグローブ,1双,1500,,,9/30〜3/31,XShelter快適断熱Σ カタログ掲載価格
8560834,ドラッグストアコスモス 池田店,ドラッグ・コスメ,オーツカ 速筋タンパク×卵白プロテイン ウオテイン100+(池田店),500g,4980,,5980,10/2〜10/15,期間限定 / 同じチラシ: 大村店・宮小路店・溝陸店
8560834,ドラッグストアコスモス 池田店,ドラッグ・コスメ,アース製薬 プラセニタ薬用入浴液(池田店),720ml,1480,,,10/2〜10/15,同じチラシ: 大村店・宮小路店・溝陸店
8560834,ドラッグストアコスモス 池田店,食品,青森県産 まっしぐら(米)(池田店),5kg,2498,,,10/2〜10/15,コスモスは全て税込価格 / 同じチラシ: 大村店・宮小路店・溝陸店
8560834,ドラッグストアコスモス 池田店,食品,日清食品 カップヌードル(シーフード・カレー)(池田店),各1個,149,,,10/2〜10/15,同じチラシ: 大村店・宮小路店・溝陸店
8560834,ドラッグストアコスモス 池田店,食品,東洋水産 麺づくり(鶏ガラ醤油・合わせ味噌)(池田店),各1個,139,,,10/2〜10/15,同じチラシ: 大村店・宮小路店・溝陸店
8560834,ドラッグストアコスモス 池田店,食品,日清食品 どん兵衛(きつねうどん・天ぷらそば)(池田店),各1個,149,,,10/2〜10/15,同じチラシ: 大村店・宮小路店・溝陸店
8560834,ドラッグストアコスモス 池田店,食品,明星 一平ちゃん夜店の焼そば(池田店),135g,159,,,10/2〜10/15,同じチラシ: 大村店・宮小路店・溝陸店
8560834,ドラッグストアコスモス 池田店,食品,日清食品 チキンラーメン・日清焼そば・出前一丁(池田店),5食パック,398,,,10/2〜10/15,同じチラシ: 大村店・宮小路店・溝陸店
8560834,ドラッグストアコスモス 池田店,食品,キユーピー ハーフ(コスモス)(池田店),400g,268,,,10/2〜10/15,同じチラシ: 大村店・宮小路店・溝陸店
8560834,ドラッグストアコスモス 池田店,食品,カゴメ トマトケチャップ(池田店),800g,318,,,10/2〜10/15,同じチラシ: 大村店・宮小路店・溝陸店
8560834,ドラッグストアコスモス 池田店,食品,J-オイルミルズ 味の素ダブルハーフ(池田店),1000g,368,,,10/2〜10/15,同じチラシ: 大村店・宮小路店・溝陸店
8560834,ドラッグストアコスモス 池田店,食品,J-オイルミルズ 味の素エクストラバージンオリーブオイル(池田店),600g,898,,,10/2〜10/15,同じチラシ: 大村店・宮小路店・溝陸店
8560834,ドラッグストアコスモス 池田店,食品,キユーピー 深煎りごまドレッシング(池田店),380ml,328,,,10/2〜10/15,同じチラシ: 大村店・宮小路店・溝陸店
8560834,ドラッグストアコスモス 池田店,食品,ニッスイ 焼さけあらほぐし(池田店),45g×2個パック,398,,,10/2〜10/15,同じチラシ: 大村店・宮小路店・溝陸店
8560834,ドラッグストアコスモス 池田店,食品,ハウス食品 完熟トマトのハヤシライスソース(池田店),10皿分,288,,,10/2〜10/15,同じチラシ: 大村店・宮小路店・溝陸店
8560834,ドラッグストアコスモス 池田店,食品,奥本製粉 から揚げ粉(水溶きタイプ・まぶしタイプ)(池田店),各100g,88,,,10/2〜10/15,同じチラシ: 大村店・宮小路店・溝陸店
8560834,ドラッグストアコスモス 池田店,食品,東洋水産 トレーワンタン(旨み醤油味・鶏だし旨味しお味)(池田店),各種,119,,,10/2〜10/15,同じチラシ: 大村店・宮小路店・溝陸店
8560834,ドラッグストアコスモス 池田店,食品,はごろもフーズ シーチキンマイルド(池田店),70g×3缶,398,,,10/2〜10/15,同じチラシ: 大村店・宮小路店・溝陸店
8560834,ドラッグストアコスモス 池田店,食品,丸美屋 のりたま大袋(池田店),52g,199,,,10/2〜10/15,同じチラシ: 大村店・宮小路店・溝陸店
8560834,ドラッグストアコスモス 池田店,食品,丸大食品 ビストロ倶楽部カレー(甘口・中辛)(池田店),170g×3袋,268,,,10/2〜10/15,同じチラシ: 大村店・宮小路店・溝陸店
8560834,ドラッグストアコスモス 池田店,食品,日清製粉ウェルナ マ・マー マカロニグラタンセット ホワイトソース用(池田店),2人前,109,,,10/2〜10/15,同じチラシ: 大村店・宮小路店・溝陸店
8560834,ドラッグストアコスモス 池田店,食品,はごろもフーズ ポポロスパ(7分結束・5分結束)(池田店),700g,258,,,10/2〜10/15,同じチラシ: 大村店・宮小路店・溝陸店
8560834,ドラッグストアコスモス 池田店,食品,極洋 さば水煮・さばみそ煮(池田店),各160g,178,,,10/2〜10/15,同じチラシ: 大村店・宮小路店・溝陸店
8560834,ドラッグストアコスモス 池田店,食品,ポッカサッポロ ポッカレモン100(池田店),450ml,398,,,10/2〜10/15,同じチラシ: 大村店・宮小路店・溝陸店
8560834,ドラッグストアコスモス 池田店,食品,日清シスコ ごろグラ チョコナッツ(池田店),280g,428,,,10/2〜10/15,同じチラシ: 大村店・宮小路店・溝陸店
8560834,ドラッグストアコスモス 池田店,食品,アサヒ 匠屋 濃い茶(池田店),2L,129,,,10/2〜10/15,同じチラシ: 大村店・宮小路店・溝陸店
8560834,ドラッグストアコスモス 池田店,食品,伊藤園 お〜いお茶 ピュアグリーン(池田店),2L,139,,,10/2〜10/15,同じチラシ: 大村店・宮小路店・溝陸店
8560834,ドラッグストアコスモス 池田店,食品,アサヒ 三ツ矢 ウルトラストロングレモン(池田店),1.5L,179,,,10/2〜10/15,同じチラシ: 大村店・宮小路店・溝陸店
8560834,ドラッグストアコスモス 池田店,食品,アサヒ ぐんぐんグルト・カルピスソーダ(池田店),各1.5L,169,,,10/2〜10/15,同じチラシ: 大村店・宮小路店・溝陸店
8560834,ドラッグストアコスモス 池田店,食品,コカ・コーラ い・ろ・は・す 天然水(池田店),2L,89,,,10/2〜10/15,同じチラシ: 大村店・宮小路店・溝陸店
8560834,ドラッグストアコスモス 池田店,食品,キリンビバレッジ ファイア(ブラック・挽きたて微糖)(池田店),185g×6本,328,,,10/2〜10/15,同じチラシ: 大村店・宮小路店・溝陸店
8560834,ドラッグストアコスモス 池田店,食品,ネスレ日本 エクセラふわラテ(池田店),26本,538,,,10/2〜10/15,同じチラシ: 大村店・宮小路店・溝陸店
8560834,ドラッグストアコスモス 池田店,食品,ドトールコーヒー 香り芳ばしおいしい一杯 瓶(池田店),180g,1098,,,10/2〜10/15,同じチラシ: 大村店・宮小路店・溝陸店
8560834,ドラッグストアコスモス 池田店,食品,桃屋食品ON365 ごま豆乳鍋つゆ(池田店),750g,198,,,10/2〜10/15,同じチラシ: 大村店・宮小路店・溝陸店
8560834,ドラッグストアコスモス 池田店,食品,ダイショーON365 キムチ鍋スープ(池田店),750g,198,,,10/2〜10/15,同じチラシ: 大村店・宮小路店・溝陸店
8560834,ドラッグストアコスモス 池田店,食品,ミツカン 味ぽん(池田店),800ml,358,,,10/2〜10/15,同じチラシ: 大村店・宮小路店・溝陸店
8560834,ドラッグストアコスモス 池田店,食品,キッコーマンON365 すき焼きのたれ(池田店),500ml,258,,,10/2〜10/15,同じチラシ: 大村店・宮小路店・溝陸店
8560834,ドラッグストアコスモス 池田店,食品,ヤマキON365 うどんスープ(池田店),8g×8袋,119,,,10/2〜10/15,同じチラシ: 大村店・宮小路店・溝陸店
8560834,ドラッグストアコスモス 池田店,食品,ニチレイフーズ えびピラフ(池田店),1袋,379,,,10/2〜10/15,冷凍 / 同じチラシ: 大村店・宮小路店・溝陸店
8560834,ドラッグストアコスモス 池田店,食品,ニッスイ 大きな大きな焼きおにぎり(池田店),10個,379,,,10/2〜10/15,冷凍 / 同じチラシ: 大村店・宮小路店・溝陸店
8560834,ドラッグストアコスモス 池田店,食品,日清食品冷凍 スパ王 喫茶店のナポリタン大盛(池田店),360g,179,,,10/2〜10/15,冷凍 / 同じチラシ: 大村店・宮小路店・溝陸店
8560834,ドラッグストアコスモス 池田店,食品,ニッスイ ちゃんぽん(池田店),402g,279,,,10/2〜10/15,冷凍 / 同じチラシ: 大村店・宮小路店・溝陸店
8560834,ドラッグストアコスモス 池田店,食品,イートアンド 大阪王将 羽根つき餃子(池田店),12個,169,,,10/2〜10/15,冷凍 / 同じチラシ: 大村店・宮小路店・溝陸店
8560834,ドラッグストアコスモス 池田店,食品,味の素冷凍食品 おいしい大判羽根つき餃子(池田店),28個,459,,,10/2〜10/15,冷凍 / 同じチラシ: 大村店・宮小路店・溝陸店
8560834,ドラッグストアコスモス 池田店,食品,テーブルマーク ごっつ旨い大粒たこ焼(池田店),6個(197g),279,,,10/2〜10/15,冷凍 / 同じチラシ: 大村店・宮小路店・溝陸店
8560834,ドラッグストアコスモス 池田店,食品,ニチレイフーズ お弁当からあげチキン(池田店),6個(114g),159,,,10/2〜10/15,冷凍 / 同じチラシ: 大村店・宮小路店・溝陸店
8560834,ドラッグストアコスモス 池田店,食品,ニップン 和風スパゲッティ&ハンバーグ(池田店),340g,389,,,10/2〜10/15,冷凍 / 同じチラシ: 大村店・宮小路店・溝陸店
8560834,ドラッグストアコスモス 池田店,食品,イートアンド 大阪王将 直火炒飯と肉焼売(池田店),308g,379,,,10/2〜10/15,冷凍 / 同じチラシ: 大村店・宮小路店・溝陸店
8560834,ドラッグストアコスモス 池田店,食品,極洋 10品目のふんわり彩り揚げ(池田店),5個,159,,,10/2〜10/15,冷凍 / 同じチラシ: 大村店・宮小路店・溝陸店
8560834,ドラッグストアコスモス 池田店,食品,ニッスイ ちくわの磯辺揚げ(池田店),8個,179,,,10/2〜10/15,冷凍 / 同じチラシ: 大村店・宮小路店・溝陸店
8560834,ドラッグストアコスモス 池田店,食品,Umios ミックスピザ(池田店),3枚,399,,,10/2〜10/15,冷凍 / 同じチラシ: 大村店・宮小路店・溝陸店
8560834,ドラッグストアコスモス 池田店,食品,ハイファイブフーズ フライドポテト(池田店),1kg,349,,,10/2〜10/15,冷凍 / 同じチラシ: 大村店・宮小路店・溝陸店
8560834,ドラッグストアコスモス 池田店,食品,ニチレイフーズ 回転焼あずきあん(池田店),4個,298,,,10/2〜10/15,冷凍 / 同じチラシ: 大村店・宮小路店・溝陸店
8560834,ドラッグストアコスモス 池田店,食品,ニチレイフーズ そのまま使えるブロッコリー(池田店),250g,259,,,10/2〜10/15,冷凍 / 同じチラシ: 大村店・宮小路店・溝陸店
8560834,ドラッグストアコスモス 池田店,食品,にこにこ元気たまご(池田店),10個入M〜S混合,249,,,10/2〜10/15,同じチラシ: 大村店・宮小路店・溝陸店
8560834,ドラッグストアコスモス 池田店,食品,ヤマザキ コスモスの食パン(池田店),6枚,89,,,10/2〜10/15,ご家族様3点限り / 同じチラシ: 大村店・宮小路店・溝陸店
8560834,ドラッグストアコスモス 池田店,食品,ヤマザキ バターロール(池田店),6個,109,,,10/2〜10/15,同じチラシ: 大村店・宮小路店・溝陸店
8560834,ドラッグストアコスモス 池田店,食品,ヤマザキ チョコチップスナック(池田店),7本,119,,,10/2〜10/15,同じチラシ: 大村店・宮小路店・溝陸店
8560834,ドラッグストアコスモス 池田店,食品,ヤマザキ 安納芋蒸しケーキ(池田店),1個,99,,,10/2〜10/15,同じチラシ: 大村店・宮小路店・溝陸店
8560834,ドラッグストアコスモス 池田店,食品,リョーユー ホイップあんぱん(池田店),1個,89,,,10/2〜10/15,同じチラシ: 大村店・宮小路店・溝陸店
8560834,ドラッグストアコスモス 池田店,食品,東洋水産 ふっくらうどん(池田店),3人前,108,,,10/2〜10/15,同じチラシ: 大村店・宮小路店・溝陸店
8560834,ドラッグストアコスモス 池田店,食品,三好食品工業 煮ても焼いてもおいしい絹厚揚げ(池田店),2枚入,89,,,10/2〜10/15,同じチラシ: 大村店・宮小路店・溝陸店
8560834,ドラッグストアコスモス 池田店,食品,滝沢ハム お肉屋さんのハンバーグ デミグラスソース(池田店),85g,99,,,10/2〜10/15,同じチラシ: 大村店・宮小路店・溝陸店
8560834,ドラッグストアコスモス 池田店,食品,伊藤ハム 燻工房 ももハム切り落とし・ロースハム切り落とし(池田店),各90〜95g,199,,,10/2〜10/15,同じチラシ: 大村店・宮小路店・溝陸店
8560834,ドラッグストアコスモス 池田店,食品,美山 いちおしキムチ(池田店),180g,139,,,10/2〜10/15,同じチラシ: 大村店・宮小路店・溝陸店
8560834,ドラッグストアコスモス 池田店,食品,伊藤ハム 朝のフレッシュ生ハムロース(池田店),3連,209,,,10/2〜10/15,同じチラシ: 大村店・宮小路店・溝陸店
8560834,ドラッグストアコスモス 池田店,食品,桂和園 国産お肉の大粒焼売(池田店),22g×8個,99,,,10/2〜10/15,同じチラシ: 大村店・宮小路店・溝陸店
8560834,ドラッグストアコスモス 池田店,食品,一正蒲鉾 カニかまスティック(池田店),10本入,79,,,10/2〜10/15,同じチラシ: 大村店・宮小路店・溝陸店
8560834,ドラッグストアコスモス 池田店,食品,日本ハム シャウスライス(池田店),39g×3,199,,,10/2〜10/15,同じチラシ: 大村店・宮小路店・溝陸店
8560834,ドラッグストアコスモス 池田店,食品,プリマハム 香薫あらびきウインナー大袋(池田店),480g,649,,,10/2〜10/15,同じチラシ: 大村店・宮小路店・溝陸店
8560834,ドラッグストアコスモス 池田店,食品,伊藤園 1日分の野菜(池田店),200ml,89,,,10/2〜10/15,同じチラシ: 大村店・宮小路店・溝陸店
8560834,ドラッグストアコスモス 池田店,食品,森永乳業 トリプルヨーグルト 砂糖不使用ドリンク(池田店),100g,129,,,10/2〜10/15,同じチラシ: 大村店・宮小路店・溝陸店
8560834,ドラッグストアコスモス 池田店,食品,ヤマザキ ホイップカスタードエクレア(池田店),1個,89,,,10/2〜10/15,同じチラシ: 大村店・宮小路店・溝陸店
8560834,ドラッグストアコスモス 池田店,食品,ヤマザキ 焼きチーズスフレ(池田店),1個,99,,,10/2〜10/15,同じチラシ: 大村店・宮小路店・溝陸店
8560834,ドラッグストアコスモス 池田店,食品,アサヒ スーパードライ 350ml×6缶(池田店),6缶,1038,,,10/2〜10/15,同じチラシ: 大村店・宮小路店・溝陸店
8560834,ドラッグストアコスモス 池田店,食品,アサヒ スーパードライ 350ml×24缶(池田店),1ケース,4150,,,10/2〜10/15,同じチラシ: 大村店・宮小路店・溝陸店
8560834,ドラッグストアコスモス 池田店,食品,アサヒ アサヒゼロ(池田店),350ml×6缶,858,,,10/2〜10/15,同じチラシ: 大村店・宮小路店・溝陸店
8560834,ドラッグストアコスモス 池田店,食品,コカ・コーラ よわない檸檬堂(池田店),350ml,118,,,10/2〜10/15,同じチラシ: 大村店・宮小路店・溝陸店
8560834,ダイレックス 大村店,食品,ノルウェー産 赤魚フィーレ(解凍),1パック,410,,,10/7〜10/11,10/8(木)限り / 同じチラシ: 西諫早店
8560834,ダイレックス 大村店,食品,刺身盛合せ(3品盛),1パック,518,,,10/7〜10/11,10/8限り / 同じチラシ: 西諫早店
8560834,ダイレックス 大村店,食品,お魚屋さんの握り盛合せ(8貫),1パック,518,,,10/7〜10/11,10/8限り / 同じチラシ: 西諫早店
8560834,ダイレックス 大村店,食品,冷めても旨い!シューストリングポテト,100g当り,108,,,10/7〜10/11,10/8限り / 同じチラシ: 西諫早店
8560834,ダイレックス 大村店,食品,6種具材の海老天丼,1パック,408,,,10/7〜10/11,10/8限り / 同じチラシ: 西諫早店
8560834,ダイレックス 大村店,食品,お魚屋さんの握り盛合せ(12貫),1パック,810,,,10/7〜10/11,10/9限り / 同じチラシ: 西諫早店
8560834,ダイレックス 大村店,食品,長崎県産 活真鯛刺身用ブロック(養殖),100g当り,537,,,10/7〜10/11,10/9限り / 同じチラシ: 西諫早店
8560834,ダイレックス 大村店,食品,アメリカ産 スケソウダラ切身(解凍),100g当り,138,,,10/7〜10/11,10/9限り / 同じチラシ: 西諫早店
8560834,ダイレックス 大村店,食品,昔ながらのおやつコロッケ,4個入1パック,181,,,10/7〜10/11,10/9限り / 同じチラシ: 西諫早店
8560834,ダイレックス 大村店,食品,まごころ特のり弁,1パック,408,,,10/7〜10/11,10/9限り / 同じチラシ: 西諫早店
8560834,ダイレックス 大村店,食品,刺身盛合せ(5品盛),1パック,734,,,10/7〜10/11,10/10・11限り / 同じチラシ: 西諫早店
8560834,ダイレックス 大村店,食品,お魚屋さんの握り盛合せ(16貫),1パック,950,,,10/7〜10/11,10/10・11限り / 同じチラシ: 西諫早店
8560834,ダイレックス 大村店,食品,チリ産 銀鮭切身(養殖・解凍),100g当り,257,,,10/7〜10/11,10/10・11限り / 同じチラシ: 西諫早店
8560834,ダイレックス 大村店,食品,たこ焼き(12個入),1パック,537,,,10/7〜10/11,10/10・11限り / 同じチラシ: 西諫早店
8560834,ダイレックス 大村店,食品,頑固唐揚げ,100g当り,192,,,10/7〜10/11,10/10・11限り / 同じチラシ: 西諫早店
8560834,ゆめマート 新大村店,食品,刺身用炭火焼 かつおたたき,100g,215,,,10/9〜10/13,
8560834,ゆめマート 新大村店,食品,ニュージーランド産 サンゴールドキウイ,1玉,106,,,10/9〜10/13,先着300名様・お一人様1点限り
8560834,ゆめマート 新大村店,食品,フランソア さっくりサトちゃん・板チョコクロワッサンほか,各1袋,117,,,10/9〜10/13,
8560834,ゆめマート 新大村店,食品,ジョージア 深み焙煎贅沢ブラック,950ml,106,,,10/9〜10/13,
8560834,ゆめマート 新大村店,食品,国産牛モモブロック,100g,539,,,10/9〜10/13,
8560834,ゆめマート 新大村店,食品,森永 ザ・クレープ,1個,150,,,10/9〜10/13,
8560834,ゆめマート 新大村店,食品,福岡県産 ほうれん草,1束,139,,,10/9〜10/13,先着300名様
8560834,ゆめマート 新大村店,食品,フィリピン産 バナナ,1房,322,,,10/9〜10/13,先着200名様
8560834,ゆめマート 新大村店,食品,国産和牛切り落とし(5等級),100g,431,,,10/9〜10/13,
8560834,ゆめマート 新大村店,食品,蓬莱 豚まん,3個入,463,,,10/9〜10/13,
8560834,ゆめマート 新大村店,食品,ミツカン 味ぽん(ゆめマート),500ml,214,,,10/9〜10/13,先着200名様
8560834,ゆめマート 新大村店,食品,ノルウェー産 刺身用生サーモントラウト メガ盛りブロック,100g,539,,,10/9〜10/13,
8560834,ゆめマート 新大村店,食品,長崎県産 白ねぎ,1束,139,,,10/9〜10/13,先着200名様
8560834,ゆめマート 新大村店,食品,ヤマザキ ランチパック各種,1個,106,,,10/9〜10/13,
8560834,ゆめマート 新大村店,食品,ハウス シチューミクス クリーム・濃厚仕立て,170g,301,,,10/9〜10/13,
8560834,ゆめマート 新大村店,食品,とろ縞ほっけ開き干し,1枚,431,,,10/9〜10/13,
8560834,ゆめマート 新大村店,食品,国産若鶏モモ肉(ゆめマート),100g,107,,,10/9〜10/13,
8560834,ゆめマート 新大村店,食品,丸美屋 パワーキッズ,1個,106,,,10/9〜10/13,
8560834,しまむら 大村北店,アパレル,しまむら ワンピース・キャラクターTシャツ・ショルダーバッグ(10/8日替り),各1点,770,,,10/7〜10/12,10/8限定・1商品につきお1人様2点限り
8560834,しまむら 大村北店,アパレル,しまむら デニムコクーンパンツ・敷きパッド,各1点,990,,,10/7〜10/12,木・金限定
8560834,しまむら 大村北店,アパレル,しまむら Kaepa ジャケット+パンツセット,1セット,1650,,,10/7〜10/12,木・金限定
8560834,しまむら 大村北店,アパレル,しまむら メンズTシャツ・ソックス・サンダルほか(本体300円),各1点,330,,,10/7〜10/12,特別祭
8560834,しまむら 大村北店,アパレル,しまむら ジップパーカ・キャラクタープルオーバー・パジャマ(本体900円),各1点,990,,,10/7〜10/12,特別祭
8560834,かとりストア 原口店,食品,たこ焼き(かとりストア),1パック,324,,,10/9〜10/11,
8560834,かとりストア 原口店,食品,お好み焼き(かとりストア),1パック,429,,,10/9〜10/11,
8560834,かとりストア 原口店,食品,おでん(かとりストア),1パック,518,,,10/9〜10/11,
8560834,かとりストア 原口店,食品,群馬県産 キャベツ,1/2カット,183,,,10/9〜10/11,
8560834,かとりストア 原口店,食品,北海道産 長いも,100g,95,,,10/9〜10/11,
8560834,かとりストア 原口店,食品,北海道産 だいこん,1/2カット,138,,,10/9〜10/11,
8560834,かとりストア 原口店,食品,地中海産 本まぐろブロック(中トロ),100g,1490,,,10/9〜10/11,
8560834,かとりストア 原口店,食品,インド洋産 びんちょうマグロブロック,100g,429,,,10/9〜10/11,
8560834,かとりストア 原口店,食品,シーフードミックス(かとりストア),1パック(160g),429,,,10/9〜10/11,
8560834,かとりストア 原口店,食品,宮崎県産 桜姫若鶏手羽元,100g,88,,,10/9〜10/11,
8560834,かとりストア 原口店,食品,長崎県産 豚バラブロック,100g,213,,,10/9〜10/11,
8560834,かとりストア 原口店,食品,国内産 若鶏もも肉(2枚入),100g,116,,,10/9〜10/11,
8560834,かとりストア 原口店,食品,カットだこ,1パック,594,,,10/9〜10/11,
8560834,業務スーパー 大村店,食品,エスビー 特製シチュー(クリーム・ビーフ)・特製ハヤシ,各140〜150g,149,,,10/1〜10/31,総力祭
8560834,業務スーパー 大村店,食品,日清食品 チキンラーメン・出前一丁・日清焼そば,各5食入,419,,,10/1〜10/31,
8560834,業務スーパー 大村店,食品,日清食品 あっさりおだしがおいしいどん兵衛(きざみ揚げうどん・肉だしうどん・揚げ玉そば),各1個,117,,,10/1〜10/31,
8560834,業務スーパー 大村店,食品,ネスレ キットカット,各10枚入,297,,,10/1〜10/31,
8560834,業務スーパー 大村店,食品,ロッテ 小さなチョコパイ・小さなチョコパイ濃厚仕立て,各8個入,214,,,10/1〜10/31,
8560834,業務スーパー 大村店,食品,味の素AGF ブレンディスティック(カフェオレ・紅茶オレほか),各24本入,570,,,10/1〜10/31,
8560834,業務スーパー 大村店,食品,北嘉水産 シーフードミックス,NET300g,397,,,10/1〜10/31,冷凍
8560834,業務スーパー 大村店,食品,ムラカワ ブレンドチーズ,400g,495,,,10/1〜10/31,
8560834,業務スーパー 大村店,食品,丸大食品 ロースハム・ハーフベーコン,各4パック,192,,,10/1〜10/31,
8560834,業務スーパー 大村店,食品,カルビー マイグラ,670g,527,,,10/1〜10/31,
8560834,業務スーパー 大村店,食品,ぼんち揚・ピーナツあげ・ボンスケのり,各種,84,,,10/1〜10/31,
8560834,業務スーパー 大村店,食品,デルモンテ トマトケチャップ(業務スーパー),760g,279,,,10/1〜10/31,
8560834,業務スーパー 大村店,食品,日清製粉ウェルナ スパゲティ(ナポリタン・ミートソース・カルボナーラ・和風醤油),各300g,149,,,10/1〜10/31,冷凍
8560834,業務スーパー 大村店,食品,ポムフード オムライス専門店こだわりの味オムライス,250g,203,,,10/1〜10/31,冷凍
8560834,業務スーパー 大村店,食品,日本丸天醤油 料亭鍋のゆずぽん酢,360ml,214,,,10/1〜10/31,
8560834,業務スーパー 大村店,食品,シマヤ かつおだし顆粒,500g×2袋入,581,,,10/1〜10/31,
8560834,業務スーパー 大村店,食品,日清オイリオ ヘルシーごま香油,800g,808,,,10/1〜10/31,
8560834,業務スーパー 大村店,食品,イカリソース ウスターソース・とんかつソース・関西あまからソース,各500ml・500g,181,,,10/1〜10/31,
8560834,業務スーパー 大村店,食品,ニップン 薄力粉,1kg,171,,,10/1〜10/31,
8560834,業務スーパー 大村店,食品,オーバーシーズ シャトー・ラ・グランジュ・デオレアン,750ml,592,,,10/1〜10/31,
8560834,業務スーパー 大村店,食品,柏露酒造 柏露 純米大吟醸,720ml,1188,,,10/1〜10/31,
8560834,業務スーパー 大村店,食品,カルビー ポテトチップス ザ厚切りのためのうすしお味・コンソメ味,各55g,95,,,10/1〜10/31,
8560834,業務スーパー 大村店,食品,コカ・コーラ 綾鷹・綾鷹濃い緑茶,各650ml,80,,,10/1〜10/31,
8560834,業務スーパー 大村店,食品,コカ・コーラ ジョージア深み焙煎,各950ml,106,,,10/1〜10/31,
8560834,業務スーパー 大村店,食品,一正蒲鉾 サラダスティック,10本入,84,,,10/1〜10/31,
8560834,業務スーパー 大村店,食品,明治 ブルガリアヨーグルト(いちご・アロエ・ブルーベリー・ミックス),各70g×4P,167,,,10/1〜10/31,
8560834,業務スーパー 大村店,食品,ムラカワ JUCOVIA 業務用スライスチーズ,各15g×15枚入,289,,,10/1〜10/31,
8560834,業務スーパー 大村店,食品,味の素 コンソメ顆粒(業務用),1袋,106,,,10/1〜10/31,
8560834,業務スーパー 大村店,食品,ヤマモリ 地鶏釜めしの素・九州かしわめし,各1個,171,,,10/1〜10/31,
8560834,業務スーパー 大村店,食品,マルコメ プロ用だし入りみそ,950g,257,,,10/1〜10/31,
8560834,業務スーパー 大村店,食品,ヤマキ 割烹白だし,1L,408,,,10/1〜10/31,
8560834,業務スーパー 大村店,食品,マロニー,500g,516,,,10/1〜10/31,
8560834,業務スーパー 大村店,食品,ウーケ 特盛ごはん,300g×3P,527,,,10/1〜10/31,
8560834,業務スーパー 大村店,ドラッグ・コスメ,WEFレンディング 使い捨てマスク ふつうサイズ,50枚入,218,,,10/1〜10/31,
8560834,業務スーパー 大村店,食品,明治 アンパンマンのりんごやさい・ぶどうりんご・ヨーグルトジュース,各125ml×3P,171,,,10/1〜10/31,
8560834,業務スーパー 大村店,食品,プリマハム 香薫ウインナー,284g,376,,,10/1〜10/31,
8560834,業務スーパー 大村店,食品,もちもちプチたい焼き(チョコ・抹茶餡),各10個入,322,,,10/1〜10/31,冷凍
8560834,業務スーパー 大村店,食品,TORIZEN ミートボール,1kg,354,,,10/1〜10/31,冷凍
8560834,業務スーパー 大村店,食品,ノースイ 焼上ハンバーグ,8個入,408,,,10/1〜10/31,冷凍
8560834,業務スーパー 大村店,食品,水晶 定塩銀鮭切身,250g,624,,,10/1〜10/31,冷凍
8560834,業務スーパー 大村店,食品,佐藤食肉 国産豚切り落とし,500g,635,,,10/1〜10/31,冷凍
8560834,ダイレックス 多良見店,日用品,ハミング 消臭実感 詰替用,1袋,218,,,10/7〜10/12,同じチラシ: 東長崎店
8560834,ダイレックス 多良見店,日用品,パンテーン 詰替用 超特大,1袋,899,,,10/7〜10/12,同じチラシ: 東長崎店
8560834,ダイレックス 多良見店,日用品,トイレの消臭元,280ml,269,,,10/7〜10/12,同じチラシ: 東長崎店
8560834,ダイレックス 多良見店,家電,TIGER マイコン炊飯ジャー 3合,1台,8990,,,10/7〜10/12,同じチラシ: 東長崎店
8560834,ダイレックス 多良見店,家電,KOIZUMI オーブントースター KOS-1019,1台,2490,,,10/7〜10/12,同じチラシ: 東長崎店
8560834,ダイレックス 多良見店,家電,YAMAZEN 極のたこ焼き器,1台,2990,,,10/7〜10/12,同じチラシ: 東長崎店
8560834,ダイレックス 多良見店,日用品,サーモス ステンレスランチジャー,1個,3980,,,10/7〜10/12,同じチラシ: 東長崎店
8560834,ダイレックス 多良見店,アパレル,裏パイルスウェット上下組,1組,1680,,,10/7〜10/12,同じチラシ: 東長崎店
8560834,ダイレックス 多良見店,アパレル,HEAD 3足組スニーカーソックス,3足,498,,,10/7〜10/12,同じチラシ: 東長崎店
8560834,ダイレックス 多良見店,日用品,ウレタン手袋,10双組,848,,,10/7〜10/12,同じチラシ: 東長崎店
8560834,ダイレックス 多良見店,その他,アサヒ スーパードライ(ダイレックス),350ml×6,1035,,,10/7〜10/12,"24缶は4,140円 / 同じチラシ: 東長崎店"
8560834,ダイレックス 多良見店,その他,キリン 一番搾り,350ml×6,1035,,,10/7〜10/12,"24缶は4,140円 / 同じチラシ: 東長崎店"
8560834,ダイレックス 多良見店,その他,サッポロ ラガービール,350ml×6,1068,,,10/7〜10/12,同じチラシ: 東長崎店
8560834,ダイレックス 多良見店,食品,丸大 燻製屋ウインナー,1袋,258,,,10/7〜10/12,今週のイチ押し / 同じチラシ: 東長崎店
8560834,ダイレックス 多良見店,食品,マルちゃん 焼そば,3人前,178,,,10/7〜10/12,同じチラシ: 東長崎店
8560834,ダイレックス 多良見店,食品,ブルボン クッキー・ビスケット(チョコチップ等),各1袋,108,,,10/7〜10/12,今週のイチ押し / 同じチラシ: 東長崎店
8560834,ダイレックス 多良見店,食品,不二家 カントリーマアム,1袋,199,,,10/7〜10/12,同じチラシ: 東長崎店
8560834,ダイレックス 多良見店,食品,コカ・コーラ,1.5L,159,,,10/7〜10/12,同じチラシ: 東長崎店
8560834,ダイレックス 多良見店,食品,日清 焼そばU.F.O.,1個,149,,,10/7〜10/12,今週のイチ押し / 同じチラシ: 東長崎店
8560834,ダイレックス 多良見店,食品,マルタイ 棒ラーメン,1袋,139,,,10/7〜10/12,同じチラシ: 東長崎店
8560834,ダイレックス 多良見店,食品,ハインツ トマトケチャップ 逆さボトル,460g,228,,,10/7〜10/12,同じチラシ: 東長崎店
8560834,ダイレックス 多良見店,食品,キユーピー ハーフ(ダイレックス),400g,279,,,10/7〜10/12,同じチラシ: 東長崎店
8560834,ダイレックス 多良見店,食品,桃屋 キムチの素,190g,199,,,10/7〜10/12,同じチラシ: 東長崎店
8560834,ダイレックス 多良見店,日用品,アリエール ジェル ウルトラジャンボ,1袋,699,,,10/7〜10/12,今週のイチ押し / 同じチラシ: 東長崎店
8560834,ダイレックス 多良見店,日用品,レノア 超消臭 詰替,1袋,1499,,,10/7〜10/12,同じチラシ: 東長崎店
8560834,ダイレックス 多良見店,日用品,カビキラー 付替,1本,139,,,10/7〜10/12,同じチラシ: 東長崎店
8560834,ダイレックス 多良見店,日用品,バスマジックリン 泡立ちスプレー 詰替,1袋,328,,,10/7〜10/12,同じチラシ: 東長崎店
8560834,ダイレックス 多良見店,アパレル,ボクサーパンツ,3枚組,1280,,,10/7〜10/12,同じチラシ: 東長崎店
8560834,ダイレックス 多良見店,アパレル,デザインTシャツ,1枚,798,,,10/7〜10/12,同じチラシ: 東長崎店
8560834,ダイレックス 多良見店,アパレル,トレーニングパンツ,1枚,1080,,,10/7〜10/12,同じチラシ: 東長崎店
8560834,ダイレックス 多良見店,アパレル,Tシャツ,2枚組,1380,,,10/7〜10/12,今週のイチ押し / 同じチラシ: 東長崎店
8560834,ダイレックス 多良見店,アパレル,クッションクロッグサンダル,1足,1780,,,10/7〜10/12,同じチラシ: 東長崎店
8560834,ダイレックス 多良見店,家電,TCL 55V型スマートテレビ,1台,59900,,,10/7〜10/12,今週のイチ押し / 同じチラシ: 東長崎店
8560834,ダイレックス 多良見店,家電,SHARP マイコン炊飯ジャー,1台,7990,,,10/7〜10/12,同じチラシ: 東長崎店
8560834,ダイレックス 多良見店,日用品,Rakucho フライパン用ホイルシートL,1個,358,,,10/7〜10/12,今週のイチ押し / 同じチラシ: 東長崎店
8560834,ダイレックス 多良見店,日用品,カセットガス オレンジボンベ,3本組,980,,,10/7〜10/12,同じチラシ: 東長崎店
8560834,ダイレックス 西諫早店,食品,ノルウェー産 赤魚フィーレ(解凍)(西諫早店),1パック,410,,,10/8〜10/11,本体380円 / 同じチラシ: 諫早幸町店・東諫早店
8560834,ダイレックス 西諫早店,食品,刺身盛合せ(3品盛)(ダイレックス),1パック,518,,,10/8〜10/11,本体480円 / 同じチラシ: 諫早幸町店・東諫早店
8560834,ダイレックス 西諫早店,食品,お魚屋さんの握り盛合せ(8貫)(西諫早店),1パック,518,,,10/8〜10/11,本体480円 / 同じチラシ: 諫早幸町店・東諫早店
8560834,ダイレックス 西諫早店,食品,お魚屋さんの握り盛合せ(12貫)(西諫早店),1パック,810,,,10/8〜10/11,本体750円 / 同じチラシ: 諫早幸町店・東諫早店
8560834,ダイレックス 西諫早店,食品,長崎県産 活真鯛刺身用ブロック(養殖)(西諫早店),100g当り,537,,,10/8〜10/11,本体498円 / 同じチラシ: 諫早幸町店・東諫早店
8560834,ダイレックス 西諫早店,食品,アメリカ産 スケソウダラ切身(解凍)(西諫早店),100g当り,138,,,10/8〜10/11,本体128円 / 同じチラシ: 諫早幸町店・東諫早店
8560834,ダイレックス 西諫早店,食品,刺身盛合せ(5品盛)(ダイレックス),1パック,734,,,10/8〜10/11,本体680円; 2日間限り / 同じチラシ: 諫早幸町店・東諫早店
8560834,ダイレックス 西諫早店,食品,お魚屋さんの握り盛合せ(16貫)(西諫早店),1パック,950,,,10/8〜10/11,本体880円; 2日間限り / 同じチラシ: 諫早幸町店・東諫早店
8560834,ダイレックス 西諫早店,食品,チリ産 銀鮭切身(養殖・解凍)(西諫早店),100g当り,257,,,10/8〜10/11,本体238円; 2日間限り / 同じチラシ: 諫早幸町店・東諫早店
8560834,ダイレックス 西諫早店,食品,シューストリングポテト(ダイレックス),100g当り,108,,,10/8〜10/11,本体100円 / 同じチラシ: 諫早幸町店・東諫早店
8560834,ダイレックス 西諫早店,食品,6種具材の海老天丼(西諫早店),1パック,408,,,10/8〜10/11,本体378円 / 同じチラシ: 諫早幸町店・東諫早店
8560834,ダイレックス 西諫早店,食品,昔ながらのおやつコロッケ(西諫早店),4個入・1パック,181,,,10/8〜10/11,本体168円 / 同じチラシ: 諫早幸町店・東諫早店
8560834,ダイレックス 西諫早店,食品,まごころ特のり弁(西諫早店),1パック,408,,,10/8〜10/11,本体378円 / 同じチラシ: 諫早幸町店・東諫早店
8560834,ダイレックス 西諫早店,食品,たこ焼き(ダイレックス),12個入・1パック,537,,,10/8〜10/11,本体498円; 2日間限り / 同じチラシ: 諫早幸町店・東諫早店
8560834,ダイレックス 西諫早店,食品,頑固唐揚げ(西諫早店),100g当り,192,,,10/8〜10/11,本体178円; 2日間限り / 同じチラシ: 諫早幸町店・東諫早店
8560834,ダイレックス 西諫早店,食品,福岡県産 柿,1袋,429,,,10/8〜10/11,本体398円 / 同じチラシ: 諫早幸町店・東諫早店
8560834,ダイレックス 西諫早店,食品,群馬・熊本県産 キャベツ,1玉,213,,,10/8〜10/11,本体198円 / 同じチラシ: 諫早幸町店・東諫早店
8560834,ダイレックス 西諫早店,食品,長崎県産 生椎茸,1パック,105,,,10/8〜10/11,本体98円 / 同じチラシ: 諫早幸町店・東諫早店
8560834,ダイレックス 西諫早店,食品,長崎・熊本県産 梨,1パック,594,,,10/8〜10/11,本体550円 / 同じチラシ: 諫早幸町店・東諫早店
8560834,ダイレックス 西諫早店,食品,長崎県・北海道産 じゃが芋,1袋,213,,,10/8〜10/11,本体198円 / 同じチラシ: 諫早幸町店・東諫早店
8560834,ダイレックス 西諫早店,食品,長崎・熊本県産 トマト,1パック,270,,,10/8〜10/11,本体250円 / 同じチラシ: 諫早幸町店・東諫早店
8560834,ダイレックス 西諫早店,食品,長崎県産 極早生みかん,1袋,321,,,10/8〜10/11,本体298円 / 同じチラシ: 諫早幸町店・東諫早店
8560834,ダイレックス 西諫早店,食品,長崎・熊本県産 なす,1袋,213,,,10/8〜10/11,本体198円 / 同じチラシ: 諫早幸町店・東諫早店
8560834,ダイレックス 西諫早店,食品,青森県産 洗いごぼう,1袋,162,,,10/8〜10/11,本体150円 / 同じチラシ: 諫早幸町店・東諫早店
8560834,ダイレックス 西諫早店,食品,青森・長野県産 りんご,1玉,162,,,10/8〜10/11,本体150円 / 同じチラシ: 諫早幸町店・東諫早店
8560834,ダイレックス 西諫早店,食品,北海道産 玉ねぎ,1袋,213,,,10/8〜10/11,本体198円 / 同じチラシ: 諫早幸町店・東諫早店
8560834,ダイレックス 西諫早店,食品,群馬・熊本県産 きゅうり,1袋,213,,,10/8〜10/11,本体198円 / 同じチラシ: 諫早幸町店・東諫早店
8560834,ダイレックス 西諫早店,食品,国産 豚ロース生姜焼き用,100g当り,192,,,10/8〜10/11,本体178円 / 同じチラシ: 諫早幸町店・東諫早店
8560834,ダイレックス 西諫早店,食品,国産 若鶏手羽元,100g当り,62,,,10/8〜10/11,本体58円 / 同じチラシ: 諫早幸町店・東諫早店
8560834,ダイレックス 西諫早店,食品,国産 若鶏ムネ肉(味付け),100g当り,95,,,10/8〜10/11,本体88円; フライパンで簡単調理 / 同じチラシ: 諫早幸町店・東諫早店
8560834,ダイレックス 西諫早店,食品,国産 牛モモうす切り,100g当り,537,,,10/8〜10/11,本体498円 / 同じチラシ: 諫早幸町店・東諫早店
8560834,ダイレックス 西諫早店,食品,国産 豚モモブロック,100g当り,138,,,10/8〜10/11,本体128円 / 同じチラシ: 諫早幸町店・東諫早店
8560834,ダイレックス 西諫早店,食品,国産 若鶏ササミ(味付け),100g当り,105,,,10/8〜10/11,本体98円 / 同じチラシ: 諫早幸町店・東諫早店
8560834,ダイレックス 西諫早店,食品,国産 牛肩ロース焼肉用,100g当り,710,,,10/8〜10/11,本体658円 / 同じチラシ: 諫早幸町店・東諫早店
8560834,ダイレックス 西諫早店,食品,国産 豚バラ焼肉用,100g当り,224,,,10/8〜10/11,本体208円 / 同じチラシ: 諫早幸町店・東諫早店
8560834,ダイレックス 西諫早店,食品,国産 若鶏モモ肉(ダイレックス),100g当り,127,,,10/8〜10/11,本体118円 / 同じチラシ: 諫早幸町店・東諫早店
8560834,ダイレックス 西諫早店,食品,オーストラリア産 牛小間切れ,100g当り,311,,,10/8〜10/11,本体288円 / 同じチラシ: 諫早幸町店・東諫早店
8560834,ダイレックス 西諫早店,食品,国産 若鶏ムネ肉,100g当り,73,,,10/8〜10/11,本体68円 / 同じチラシ: 諫早幸町店・東諫早店
8560834,ダイレックス 西諫早店,食品,アメリカ産 牛プルコギ(味付・解凍),100g当り,170,,,10/8〜10/11,本体158円 / 同じチラシ: 諫早幸町店・東諫早店
8560834,マルキョウ 久山台店,食品,エバラ プチっと鍋 各種(マルキョウ 久山台店),1袋,268,,,10/7〜10/13,大感謝祭 7日間の品 / 同じチラシ: 東長崎店
8560834,マルキョウ 久山台店,食品,味の素 鍋キューブ 各種(マルキョウ 久山台店),1袋,268,,,10/7〜10/13,大感謝祭 7日間の品 / 同じチラシ: 東長崎店
8560834,マルキョウ 久山台店,食品,白菜 1/4カット(長野県産)(マルキョウ 久山台店),1/4個,214,,,10/7〜10/13,大感謝祭 7日間の品 / 同じチラシ: 東長崎店
8560834,マルキョウ 久山台店,食品,水菜(福岡県産)(マルキョウ 久山台店),1袋,171,,,10/7〜10/13,大感謝祭 7日間の品 / 同じチラシ: 東長崎店
8560834,マルキョウ 久山台店,食品,白ネギ(北海道産他)(マルキョウ 久山台店),1束,268,,,10/7〜10/13,大感謝祭 7日間の品 / 同じチラシ: 東長崎店
8560834,マルキョウ 久山台店,食品,博多ぶなしめじ(福岡県産)(マルキョウ 久山台店),1袋,128,,,10/7〜10/13,大感謝祭 7日間の品 / 同じチラシ: 東長崎店
8560834,マルキョウ 久山台店,食品,養殖ぶり切身(マルキョウ 久山台店),100g,538,,,10/7〜10/13,大感謝祭 7日間の品。100g当り / 同じチラシ: 東長崎店
8560834,マルキョウ 久山台店,食品,解凍 骨取り赤魚フィーレ(マルキョウ 久山台店),2枚,430,,,10/7〜10/13,大感謝祭 7日間の品 / 同じチラシ: 東長崎店
8560834,マルキョウ 久山台店,食品,無頭バナメイエビ メガパック(マルキョウ 久山台店),100g,182,,,10/7〜10/13,大感謝祭 7日間の品。100g当り / 同じチラシ: 東長崎店
8560834,マルキョウ 久山台店,食品,ボイルホタテ(マルキョウ 久山台店),100g,322,,,10/7〜10/13,大感謝祭 7日間の品。100g当り / 同じチラシ: 東長崎店
8560834,マルキョウ 久山台店,食品,国産若鶏むね肉切り身 鍋物用(マルキョウ 久山台店),100g,117,,,10/7〜10/13,大感謝祭 7日間の品。100g当り / 同じチラシ: 東長崎店
8560834,マルキョウ 久山台店,食品,国産豚もも切り落とし 鍋物用(マルキョウ 久山台店),100g,150,,,10/7〜10/13,大感謝祭 7日間の品。100g当り / 同じチラシ: 東長崎店
8560834,マルキョウ 久山台店,食品,濃厚もっちり 絹厚揚げ(マルキョウ 久山台店),1パック,108,,,10/7〜10/13,大感謝祭 7日間の品 / 同じチラシ: 東長崎店
8560834,マルキョウ 久山台店,食品,生芋板こんにゃく・糸こんにゃく 各種(マルキョウ 久山台店),1袋,108,,,10/7〜10/13,大感謝祭 7日間の品 / 同じチラシ: 東長崎店
8560834,マルキョウ 久山台店,食品,九州大地のちゃんぽん(マルキョウ 久山台店),1袋,139,,,10/7〜10/13,大感謝祭 7日間の品。めん食 / 同じチラシ: 東長崎店
8560834,マルキョウ 久山台店,食品,マロニーちゃん(マルキョウ 久山台店),180g,247,,,10/7〜10/13,大感謝祭 7日間の品 / 同じチラシ: 東長崎店
8560834,マルキョウ 久山台店,食品,白鶴 料理の日本酒(マルキョウ 久山台店),1800ml,922,,,10/7〜10/13,大感謝祭 7日間の品 / 同じチラシ: 東長崎店
8560834,マルキョウ 久山台店,食品,サントリー 翠ジンソーダ(マルキョウ 久山台店),350ml×6缶,977,,,10/7〜10/13,大感謝祭 7日間の品。20歳未満の飲酒は法律で禁止されています / 同じチラシ: 東長崎店
8560834,マルキョウ 久山台店,食品,秋映りんご 大玉(長野県産)(マルキョウ 久山台店),1玉,171,,,10/7〜10/13,大感謝祭 7日間の品 / 同じチラシ: 東長崎店
8560834,マルキョウ 久山台店,食品,柿 早秋(福岡県産)(マルキョウ 久山台店),4玉入り1パック,518,,,10/7〜10/13,大感謝祭 7日間の品 / 同じチラシ: 東長崎店
8560834,マルキョウ 久山台店,食品,日清オイリオ ヘルシーごま香油(マルキョウ 久山台店),130g,214,,,10/7〜10/13,大感謝祭 7日間の品 / 同じチラシ: 東長崎店
8560834,マルキョウ 久山台店,食品,デルモンテ 基本の完熟トマトソース(マルキョウ 久山台店),295g,182,,,10/7〜10/13,大感謝祭 7日間の品 / 同じチラシ: 東長崎店
8560834,マルキョウ 久山台店,食品,ヤマサ 昆布つゆ(マルキョウ 久山台店),500ml,193,,,10/7〜10/13,大感謝祭 7日間の品 / 同じチラシ: 東長崎店
8560834,マルキョウ 久山台店,食品,カルビー かっぱえびせん(マルキョウ 久山台店),1袋,108,,,10/7〜10/13,大感謝祭 7日間の品 / 同じチラシ: 東長崎店
8560834,マルキョウ 久山台店,食品,不二家 ハートチョコレート ピーナッツ(マルキョウ 久山台店),1袋,247,,,10/7〜10/13,大感謝祭 7日間の品 / 同じチラシ: 東長崎店
8560834,マルキョウ 久山台店,食品,グリコ 冬のくちどけポッキー(マルキョウ 久山台店),1箱,214,,,10/7〜10/13,大感謝祭 7日間の品 / 同じチラシ: 東長崎店
8560834,マルキョウ 久山台店,食品,さつまいも べにはるか・安納芋・シルクスイート(種子島産) 各種(マルキョウ 久山台店),1袋,538,,,10/7〜10/13,大感謝祭 7日間の品 / 同じチラシ: 東長崎店
8560834,マルキョウ 久山台店,食品,プレミアムW焙煎胡麻ドレッシング(マルキョウ 久山台店),1L,696,,,10/7〜10/13,大感謝祭 7日間の品 / 同じチラシ: 東長崎店
8560834,マルキョウ 久山台店,食品,白藤 美浜の里えびうす焼(マルキョウ 久山台店),30枚入,538,,,10/7〜10/13,大感謝祭 7日間の品 / 同じチラシ: 東長崎店
8560834,マルキョウ 久山台店,食品,平川 美味しいとうふ 各種(マルキョウ 久山台店),1個,214,,,10/7〜10/13,大感謝祭 7日間の品 / 同じチラシ: 東長崎店
8560834,マルキョウ 久山台店,食品,だいやめ 25度(マルキョウ 久山台店),900ml,1373,,,10/7〜10/13,大感謝祭 7日間の品。焼酎 / 同じチラシ: 東長崎店
8560041,マックスバリュ 大村諏訪店,食品,さつまいも(1本・Lサイズ),1本,106,,,10/8〜10/12,木よう市・売切御免 / 同じチラシ: 空港通り店・溝陸店・諫早西部台店・長崎インター店
8560041,マックスバリュ 大村諏訪店,食品,なす(1本・Lサイズ),1本,73,,,10/8〜10/12,同じチラシ: 空港通り店・溝陸店・諫早西部台店・長崎インター店
8560041,マックスバリュ 大村諏訪店,食品,にんじん(1本・Lサイズ),1本,52,,,10/8〜10/12,同じチラシ: 空港通り店・溝陸店・諫早西部台店・長崎インター店
8560041,マックスバリュ 大村諏訪店,食品,たまねぎ(1個・L大サイズ),1個,52,,,10/8〜10/12,同じチラシ: 空港通り店・溝陸店・諫早西部台店・長崎インター店
8560041,マックスバリュ 大村諏訪店,食品,じゃがいも(1個・2Lサイズ),1個,52,,,10/8〜10/12,同じチラシ: 空港通り店・溝陸店・諫早西部台店・長崎インター店
8560041,マックスバリュ 大村諏訪店,食品,新高梨,1個,322,,,10/8〜10/12,同じチラシ: 空港通り店・溝陸店・諫早西部台店・長崎インター店
8560041,マックスバリュ 大村諏訪店,食品,白ねぎ(1本・Lサイズ),1本,106,,,10/8〜10/12,同じチラシ: 空港通り店・溝陸店・諫早西部台店・長崎インター店
8560041,マックスバリュ 大村諏訪店,食品,雪国まいたけ,1パック70g,95,,,10/8〜10/12,同じチラシ: 空港通り店・溝陸店・諫早西部台店・長崎インター店
8560041,マックスバリュ 大村諏訪店,食品,ゼスプリ サンゴールドキウイ,1個・3L,138,,,10/8〜10/12,同じチラシ: 空港通り店・溝陸店・諫早西部台店・長崎インター店
8560041,マックスバリュ 大村諏訪店,食品,グレープフルーツ(ホワイト),1個・Mサイズ,106,,,10/8〜10/12,南アフリカ産 / 同じチラシ: 空港通り店・溝陸店・諫早西部台店・長崎インター店
8560041,マックスバリュ 大村諏訪店,食品,アルゼンチン産 有頭赤えび(解凍),1尾,95,,,10/8〜10/12,お魚バイキング / 同じチラシ: 空港通り店・溝陸店・諫早西部台店・長崎インター店
8560041,マックスバリュ 大村諏訪店,食品,塩さんま・骨取白身魚・塩さば・塩銀鮭切身(お魚バイキング),各1尾・1枚・1切,160,,,10/8〜10/12,よりどり各本体148円 / 同じチラシ: 空港通り店・溝陸店・諫早西部台店・長崎インター店
8560041,マックスバリュ 大村諏訪店,食品,ヤマザキ ルヴァン バターロール,4個入,106,,,10/8〜10/12,人気のパン本体98円均一 / 同じチラシ: 空港通り店・溝陸店・諫早西部台店・長崎インター店
8560041,マックスバリュ 大村諏訪店,食品,イケダパン 焼きそばドッグ・コロッケたまごドッグ,各1個,106,,,10/8〜10/12,同じチラシ: 空港通り店・溝陸店・諫早西部台店・長崎インター店
8560041,マックスバリュ 大村諏訪店,食品,ヤマザキ ミニ小倉ぱん,4個入,106,,,10/8〜10/12,同じチラシ: 空港通り店・溝陸店・諫早西部台店・長崎インター店
8560041,マックスバリュ 大村諏訪店,食品,惣菜バイキング(牛肉入りコロッケ・アジフライ・豚ロース玉葱串カツなど),各1個,106,,,10/8〜10/12,同じチラシ: 空港通り店・溝陸店・諫早西部台店・長崎インター店
8560041,マックスバリュ 大村諏訪店,食品,若どりもも味付チキンステーキ用(解凍品)照焼,100g当たり,106,,,10/8〜10/12,ブラジル産 / 同じチラシ: 空港通り店・溝陸店・諫早西部台店・長崎インター店
8560041,マックスバリュ 大村諏訪店,食品,ビーフメンチカツ,1個,106,,,10/8〜10/12,同じチラシ: 空港通り店・溝陸店・諫早西部台店・長崎インター店
8560041,マックスバリュ 大村諏訪店,食品,プチハッシュドポテト,100g当たり,106,,,10/8〜10/12,同じチラシ: 空港通り店・溝陸店・諫早西部台店・長崎インター店
8560041,マックスバリュ 大村諏訪店,食品,雪印メグミルク のむヨーグルト,各190g,106,,,10/8〜10/12,同じチラシ: 空港通り店・溝陸店・諫早西部台店・長崎インター店
8560041,マックスバリュ 大村諏訪店,食品,プリマハム タコさんウインナー,72g,106,,,10/8〜10/12,同じチラシ: 空港通り店・溝陸店・諫早西部台店・長崎インター店
8560041,マックスバリュ 大村諏訪店,食品,雪印メグミルク 毎日骨太ベビーチーズ・ベビーチーズ,各46g,106,,,10/8〜10/12,同じチラシ: 空港通り店・溝陸店・諫早西部台店・長崎インター店
8560041,マックスバリュ 大村諏訪店,食品,やまみ 国産大豆濃厚一徹4個,90g×4,106,,,10/8〜10/12,同じチラシ: 空港通り店・溝陸店・諫早西部台店・長崎インター店
8560041,マックスバリュ 大村諏訪店,食品,タカノフーズ 糸の力,40g×3,106,,,10/8〜10/12,同じチラシ: 空港通り店・溝陸店・諫早西部台店・長崎インター店
8560041,マックスバリュ 大村諏訪店,食品,森永乳業 トリプルチョコモナカ・いちごチョコモナカ,各128ml,106,,,10/8〜10/12,同じチラシ: 空港通り店・溝陸店・諫早西部台店・長崎インター店
8560041,マックスバリュ 大村諏訪店,食品,ミツカン ぎょうざのたれ・ほんてりみりん風調味料・料理酒,各種,106,,,10/8〜10/12,同じチラシ: 空港通り店・溝陸店・諫早西部台店・長崎インター店
8560041,マックスバリュ 大村諏訪店,食品,マルタイ 長崎皿うどん(オイスターソース味),各140g,106,,,10/8〜10/12,同じチラシ: 空港通り店・溝陸店・諫早西部台店・長崎インター店
8560041,マックスバリュ 大村諏訪店,食品,味の素 コンソメ顆粒,50g,106,,,10/8〜10/12,同じチラシ: 空港通り店・溝陸店・諫早西部台店・長崎インター店
8560041,マックスバリュ 大村諏訪店,食品,ルヴァン プライム,各39枚入,106,,,10/8〜10/12,同じチラシ: 空港通り店・溝陸店・諫早西部台店・長崎インター店
8560041,マックスバリュ 大村諏訪店,食品,森永製菓 ポテロング,45g,106,,,10/8〜10/12,同じチラシ: 空港通り店・溝陸店・諫早西部台店・長崎インター店
8560041,マックスバリュ 大村諏訪店,食品,オーストラリア産 牛肉ばら切り落し,100g当たり,214,,,10/8〜10/12,本日のいちおし / 同じチラシ: 空港通り店・溝陸店・諫早西部台店・長崎インター店
8560041,マックスバリュ 大村諏訪店,食品,国産 かつおたたき刺身用,100g当たり,214,,,10/8〜10/12,同じチラシ: 空港通り店・溝陸店・諫早西部台店・長崎インター店
8560041,マックスバリュ 大村諏訪店,食品,明治ブルガリアヨーグルトLB81,各180g,95,,,10/8〜10/12,同じチラシ: 空港通り店・溝陸店・諫早西部台店・長崎インター店
8560041,マックスバリュ 大村諏訪店,食品,イートアンドフーズ 羽根つき餃子,12個入,192,,,10/8〜10/12,冷凍 / 同じチラシ: 空港通り店・溝陸店・諫早西部台店・長崎インター店
8560041,マックスバリュ 大村諏訪店,食品,明星 一平ちゃん夜店の焼そば(各種),各種,149,,,10/8〜10/12,同じチラシ: 空港通り店・溝陸店・諫早西部台店・長崎インター店
8560041,マックスバリュ 大村諏訪店,食品,UCC 職人の珈琲 ワンドリップ,各16パック,538,,,10/8〜10/12,同じチラシ: 空港通り店・溝陸店・諫早西部台店・長崎インター店
8560041,マックスバリュ 大村諏訪店,食品,国産 豚肉ロースしゃぶしゃぶ用,100g当たり,214,,,10/8〜10/12,同じチラシ: 空港通り店・溝陸店・諫早西部台店・長崎インター店
8560041,マックスバリュ 大村諏訪店,食品,スペイン産 イベリコ豚ばらスライス(解凍),300g,626,,,10/8〜10/12,100g当たり本体194円 / 同じチラシ: 空港通り店・溝陸店・諫早西部台店・長崎インター店
8560041,マックスバリュ 大村諏訪店,食品,ペルー産 ボイルいかスライス生食用,100g当たり,214,,,10/8〜10/12,同じチラシ: 空港通り店・溝陸店・諫早西部台店・長崎インター店
8560041,マックスバリュ 大村諏訪店,食品,国産 ボイルベビーほたて貝生食用,100g当たり,354,,,10/8〜10/12,同じチラシ: 空港通り店・溝陸店・諫早西部台店・長崎インター店
8560041,マックスバリュ 大村諏訪店,食品,備後漬物 ごはんがおいしい旨キムチ,80g×2,160,,,10/8〜10/12,同じチラシ: 空港通り店・溝陸店・諫早西部台店・長崎インター店
8560041,マックスバリュ 大村諏訪店,食品,伊藤園 1日分の野菜・毎日1杯の青汁,各種,225,,,10/8〜10/12,同じチラシ: 空港通り店・溝陸店・諫早西部台店・長崎インター店
8560041,マックスバリュ 大村諏訪店,食品,UCC ザ・ブレンド,各70g,538,,,10/8〜10/12,同じチラシ: 空港通り店・溝陸店・諫早西部台店・長崎インター店
8560041,マックスバリュ 大村諏訪店,食品,黒豚もも・かた味付焼肉用(解凍),340g,540,,,10/8〜10/12,同じチラシ: 空港通り店・溝陸店・諫早西部台店・長崎インター店
8560041,マックスバリュ 大村諏訪店,食品,ブラジル産 若どりもも肉(解凍品),100g当たり,95,,,10/8〜10/12,同じチラシ: 空港通り店・溝陸店・諫早西部台店・長崎インター店
8560041,マックスバリュ 大村諏訪店,食品,中国産 うなぎ蒲焼,1尾,950,,,10/8〜10/12,同じチラシ: 空港通り店・溝陸店・諫早西部台店・長崎インター店
8560041,マックスバリュ 大村諏訪店,食品,さかえや 蔵出し辛子明太子(切子),90g,322,,,10/8〜10/12,同じチラシ: 空港通り店・溝陸店・諫早西部台店・長崎インター店
8560041,マックスバリュ 大村諏訪店,食品,エバラ すき焼のたれマイルド 500ml(マックスバリュ),500ml,257,,,10/8〜10/12,同じチラシ: 空港通り店・溝陸店・諫早西部台店・長崎インター店
8560041,マックスバリュ 大村諏訪店,食品,アサヒ 三ツ矢サイダー,1500ml,160,,,10/8〜10/12,お1人様1本限り / 同じチラシ: 空港通り店・溝陸店・諫早西部台店・長崎インター店
8560041,マックスバリュ 大村諏訪店,食品,カルビー クリスプ,各45g,84,,,10/8〜10/12,同じチラシ: 空港通り店・溝陸店・諫早西部台店・長崎インター店
8560041,マックスバリュ 大村諏訪店,食品,牛肉プルコギ味付焼肉用(解凍),100g当たり,171,,,10/8〜10/12,同じチラシ: 空港通り店・溝陸店・諫早西部台店・長崎インター店
8560041,マックスバリュ 大村諏訪店,食品,鶏ささみ大葉チーズロールカツ,1パック6切,387,,,10/8〜10/12,同じチラシ: 空港通り店・溝陸店・諫早西部台店・長崎インター店
8560041,マックスバリュ 大村諏訪店,食品,九州産はちみつ紅はるか使用大学芋,1パック,214,,,10/8〜10/12,同じチラシ: 空港通り店・溝陸店・諫早西部台店・長崎インター店
8560041,マックスバリュ 大村諏訪店,食品,酢鶏弁当,1パック,387,,,10/8〜10/12,朝10時からのご奉仕 / 同じチラシ: 空港通り店・溝陸店・諫早西部台店・長崎インター店
8560041,マックスバリュ 大村諏訪店,食品,mizkan 追いがつおつゆ2倍,500ml,203,,,10/8〜10/12,同じチラシ: 空港通り店・溝陸店・諫早西部台店・長崎インター店
8560041,マックスバリュ 大村諏訪店,食品,日本海水 浦島海苔おかず海苔,6切5枚・6袋入,214,,,10/8〜10/12,同じチラシ: 空港通り店・溝陸店・諫早西部台店・長崎インター店
8560041,マックスバリュ 大村諏訪店,食品,ブルボン アルフォートファミリーサイズ・ブランチュールファミリーサイズ,各種,257,,,10/8〜10/12,同じチラシ: 空港通り店・溝陸店・諫早西部台店・長崎インター店
8560041,マックスバリュ 大村諏訪店,食品,トップバリュ ロースハム,40g,84,,,10/8〜10/12,木よう市限定値下げ / 同じチラシ: 空港通り店・溝陸店・諫早西部台店・長崎インター店
8560041,マックスバリュ 大村諏訪店,食品,カフェラテ・カフェラテ砂糖不使用,各280ml,127,,,10/8〜10/12,同じチラシ: 空港通り店・溝陸店・諫早西部台店・長崎インター店
8560041,マックスバリュ 大村諏訪店,食品,卓上味付けのり,10切80枚,343,,,10/8〜10/12,同じチラシ: 空港通り店・溝陸店・諫早西部台店・長崎インター店
8560041,マックスバリュ 大村諏訪店,食品,焼肉のたれ(コクの甘口・香りの辛口・旨みの中辛),各種,192,,,10/8〜10/12,同じチラシ: 空港通り店・溝陸店・諫早西部台店・長崎インター店
8560041,マックスバリュ 大村諏訪店,食品,あらびきポークステーキ,100g当たり,127,,,10/8〜10/12,4時の市 / 同じチラシ: 空港通り店・溝陸店・諫早西部台店・長崎インター店
8560041,マックスバリュ 大村諏訪店,食品,おつまみ燻製チーズ揚げ,100g当たり,289,,,10/8〜10/12,同じチラシ: 空港通り店・溝陸店・諫早西部台店・長崎インター店
8560041,マックスバリュ 大村諏訪店,食品,トーラク 神戸シェフクラブ ロイヤルカスタードプリン,105g,192,,,10/8〜10/12,同じチラシ: 空港通り店・溝陸店・諫早西部台店・長崎インター店
8560041,マックスバリュ 大村諏訪店,ドラッグ・コスメ,ユニリーバ ラックス スーパーリッチシャイン つめかえ用(シャンプー・コンディショナー),各280g,229,,,10/8〜10/12,同じチラシ: 空港通り店・溝陸店・諫早西部台店・長崎インター店
8560041,マックスバリュ 大村諏訪店,日用品,花王 キュキュット 替大サイズ(クリア除菌),各700ml,306,,,10/8〜10/12,ボーナスポイント20円相当 / 同じチラシ: 空港通り店・溝陸店・諫早西部台店・長崎インター店
8560041,マックスバリュ 大村諏訪店,日用品,日本製紙クレシア スコッティセレクト 2倍長持ち(シングル・ダブル),12ロール,768,,,10/8〜10/12,同じチラシ: 空港通り店・溝陸店・諫早西部台店・長崎インター店
8560041,マックスバリュ 大村諏訪店,食品,伊藤園 お〜いお茶緑茶 600ml 1ケース24本,1ケース,2273,,,10/8〜10/12,iAEONクーポン利用で600円引(10/12まで) / 同じチラシ: 空港通り店・溝陸店・諫早西部台店・長崎インター店
8560041,マックスバリュ 大村諏訪店,食品,サントリー天然水 550ml(マックスバリュ),1本,95,,,10/8〜10/12,10/9から / 同じチラシ: 空港通り店・溝陸店・諫早西部台店・長崎インター店
8560041,マックスバリュ 大村諏訪店,食品,ニチレイフーズ 麺と米 ぶっかけうどん&カツ丼,400g,430,,,10/8〜10/12,10/9から・クーポンで50円引 / 同じチラシ: 空港通り店・溝陸店・諫早西部台店・長崎インター店
8560041,マックスバリュ 大村諏訪店,食品,ハーゲンダッツ ミニカップ(バニラ・芳醇ラムレーズン),各110ml,289,,,10/8〜10/12,10/9から / 同じチラシ: 空港通り店・溝陸店・諫早西部台店・長崎インター店
8560041,マックスバリュ 大村諏訪店,食品,伊藤園 プレミアムティーバッグ(宇治抹茶入り緑茶ほか),各20袋,430,,,10/8〜10/12,10/9から / 同じチラシ: 空港通り店・溝陸店・諫早西部台店・長崎インター店
8560041,マックスバリュ 大村諏訪店,食品,東洋水産 マルちゃん正麺(醤油・味噌・豚骨),各5食入,387,,,10/8〜10/12,10/9から / 同じチラシ: 空港通り店・溝陸店・諫早西部台店・長崎インター店
8560041,マックスバリュ 大村諏訪店,食品,日清シスコ ごろグラ,各280g,430,,,10/8〜10/12,10/9から / 同じチラシ: 空港通り店・溝陸店・諫早西部台店・長崎インター店
8560041,マックスバリュ 大村諏訪店,食品,ロッテ トッポ,各2袋入,149,,,10/8〜10/12,10/9から / 同じチラシ: 空港通り店・溝陸店・諫早西部台店・長崎インター店
8560041,マックスバリュ 大村諏訪店,食品,mizkan 味ぽん・味ぽんMILD,各500ml,279,,,10/8〜10/12,10/9から / 同じチラシ: 空港通り店・溝陸店・諫早西部台店・長崎インター店
8560041,マックスバリュ 大村諏訪店,食品,新潟県産 雪国まいたけ 計量,100g当たり,106,,,10/8〜10/12,10/9から / 同じチラシ: 空港通り店・溝陸店・諫早西部台店・長崎インター店
8560041,マックスバリュ 大村諏訪店,食品,福岡県産 ぶなしめじWパック,2株入,192,,,10/8〜10/12,10/9から / 同じチラシ: 空港通り店・溝陸店・諫早西部台店・長崎インター店
8560041,マックスバリュ 大村諏訪店,食品,熊本県産 シルクスイートさつまいも,1袋400g,257,,,10/8〜10/12,10/10・11限り / 同じチラシ: 空港通り店・溝陸店・諫早西部台店・長崎インター店
8560041,マックスバリュ 大村諏訪店,食品,熊本県産 早出しこつぶみかん,1袋600g,378,,,10/8〜10/12,10/10・11限り / 同じチラシ: 空港通り店・溝陸店・諫早西部台店・長崎インター店
8560041,マックスバリュ 大村諏訪店,食品,じゃがいも(野菜大放出),100g当たり,22,,,10/8〜10/12,10/10・11限り / 同じチラシ: 空港通り店・溝陸店・諫早西部台店・長崎インター店
8560041,マックスバリュ 大村諏訪店,食品,たまねぎ(野菜大放出),100g当たり,22,,,10/8〜10/12,10/10・11限り / 同じチラシ: 空港通り店・溝陸店・諫早西部台店・長崎インター店
8560041,マックスバリュ 大村諏訪店,食品,熊本県産 阿蘇白水米,5kg,2570,,,10/8〜10/12,10/10・11限り / 同じチラシ: 空港通り店・溝陸店・諫早西部台店・長崎インター店
8560041,マックスバリュ 大村諏訪店,食品,サンフリード 長崎にこまる,5kg,2462,,,10/8〜10/12,10/10・11限り / 同じチラシ: 空港通り店・溝陸店・諫早西部台店・長崎インター店
8560041,ドラッグストアモリ 大村駅前店,食品,ミルメーク コーヒー,各種,214,,,10/4〜10/10,今週のお買得品
8560041,ドラッグストアモリ 大村駅前店,食品,混ぜ込みご飯の素各種,各31g,85,,,10/4〜10/10,
8560041,ドラッグストアモリ 大村駅前店,食品,ひかり味噌 鶏だしスープ春雨各種,各1個,106,,,10/4〜10/10,
8560041,ドラッグストアモリ 大村駅前店,食品,ファイバーミニ スパークリング,1本,96,,,10/4〜10/10,
8560041,ドラッグストアモリ 大村駅前店,食品,特選牛乳キャンディ,1袋,127,,,10/4〜10/10,
8560041,ドラッグストアモリ 大村駅前店,食品,丸美屋 麻婆豆腐の素各種,各種,192,,,10/4〜10/10,毎日超特価・ご家族様2点限り
8560041,ドラッグストアモリ 大村駅前店,食品,マルちゃん ごつ盛り焼そば各種,各1個,138,,,10/4〜10/10,毎日超特価
8560041,ドラッグストアモリ 大村駅前店,食品,アサヒ 十六茶・ウィルキンソン各種,各500ml等,79,,,10/4〜10/10,毎日超特価
8560041,ドラッグストアモリ 大村駅前店,食品,和風ごまドレッシング・和風しょうゆドレッシング,各種,322,,,10/4〜10/10,
8560041,ドラッグストアモリ 大村駅前店,食品,ハウス シチューミクス クリーム,1箱,333,,,10/4〜10/10,
8560041,ドラッグストアモリ 大村駅前店,食品,キリンレモン・午後の紅茶 おいしい無糖,各種,90,,,10/4〜10/10,
8560041,ドラッグストアモリ 大村駅前店,食品,日清 チキンラーメン・出前一丁・日清焼そば,各5食入,441,,,10/4〜10/10,
8560041,ドラッグストアモリ 大村駅前店,食品,特選本生わさび・からし,各1本,138,,,10/4〜10/10,
8560041,ドラッグストアモリ 大村駅前店,食品,ミツカン プロが使う味 白だし,500ml,289,,,10/4〜10/10,
8560041,ドラッグストアモリ 大村駅前店,食品,午後の紅茶各種・カルピスウォーター各種,1.5L等,181,,,10/4〜10/10,
8560041,ドラッグストアモリ 大村駅前店,食品,丸大食品 ボリュームロースハム・ボリュームベーコン,各種,181,,,10/4〜10/10,
8560041,ドラッグストアモリ 大村駅前店,食品,とろけるヘルシーシュレッド,200g,257,,,10/4〜10/10,
8560041,ドラッグストアモリ 大村駅前店,食品,ブルガリアヨーグルト各種,各70g×4,181,,,10/4〜10/10,
8560041,ドラッグストアモリ 大村駅前店,食品,ちゃんぽん・やきそばの具,各種,127,,,10/4〜10/10,
8560041,ドラッグストアモリ 大村駅前店,食品,天ぷら各種,各種,95,,,10/4〜10/10,
8560041,ドラッグストアモリ 大村駅前店,食品,雪印 さけるチーズ各種,各種,199,,,10/4〜10/10,
8560041,ドラッグストアモリ 大村駅前店,食品,フィッシュソーセージ,1袋,225,,,10/4〜10/10,
8560041,ドラッグストアモリ 大村駅前店,食品,ご飯がススム キムチ,3パック,171,,,10/4〜10/10,
8560041,ドラッグストアモリ 大村駅前店,食品,チーズインハンバーグ,1袋,149,,,10/4〜10/10,
8560041,ドラッグストアモリ 大村駅前店,食品,カゴメ 1日分の野菜,350g等,95,,,10/4〜10/10,
8560041,ドラッグストアモリ 大村駅前店,食品,プリマハム 燻製屋あらびきウインナー,1袋,323,,,10/4〜10/10,
8560041,ドラッグストアモリ 大村駅前店,食品,あみポテ,1袋,96,,,10/4〜10/10,
8560041,ドラッグストアモリ 大村駅前店,食品,蒟蒻ゼリーミックス,1袋,214,,,10/4〜10/10,
8560041,ドラッグストアモリ 大村駅前店,食品,キシリコートガム ボトル各種,各110g,430,,,10/4〜10/10,
8560041,ドラッグストアモリ 大村駅前店,食品,はくばく 22種の雑穀米,1袋,786,,,10/4〜10/10,
8560041,ドラッグストアモリ 大村駅前店,食品,日清 大盛りスパゲティ,1袋,203,,,10/4〜10/10,冷凍
8560041,ドラッグストアモリ 大村駅前店,食品,ニップン オーマイプレミアム各種,各種,312,,,10/4〜10/10,冷凍
8560041,ドラッグストアモリ 大村駅前店,食品,味の素 ギョーザ,12個入,198,,,10/4〜10/10,冷凍
8560041,ドラッグストアモリ 大村駅前店,食品,シュガー ココナッツ,1袋,117,,,10/4〜10/10,
8560041,ドラッグストアモリ 大村駅前店,食品,カルビー フルグラ各種,各種,711,,,10/4〜10/10,
8560041,ドラッグストアモリ 大村駅前店,食品,BIG BAGポテトチップス うすしお味,1袋,219,,,10/4〜10/10,
8560041,ドラッグストアモリ 大村駅前店,食品,サッポロ一番 カップスター,各1個,138,,,10/4〜10/10,
8560041,ドラッグストアモリ 大村駅前店,食品,ヤマザキ 山型ソフト,1斤,149,,,10/4〜10/10,
8560041,ドラッグストアモリ 大村駅前店,食品,フジパン サクふわ食感メロンパン,1個,106,,,10/4〜10/10,
8560041,ドラッグストアモリ 大村駅前店,食品,フジパン スナックサンド各種,各種,129,,,10/4〜10/10,
8560041,ドラッグストアモリ 大村駅前店,日用品,ワイドハイターEXパワー 詰替,1個,438,,,10/4〜10/10,
8560041,ドラッグストアモリ 大村駅前店,日用品,カビキラー替え2本パック,1パック,268,,,10/4〜10/10,
8560041,ドラッグストアモリ 大村駅前店,日用品,エリエール イーナ ティッシュペーパー,5箱,372,,,10/4〜10/10,
8560041,ドラッグストアモリ 大村駅前店,日用品,スッキリプレミアムコレクション各種,各種,328,,,10/4〜10/10,
8560041,ドラッグストアモリ 大村駅前店,日用品,エリエール エルフォーレ トイレットロール,1パック,493,,,10/4〜10/10,
8560041,ドラッグストアモリ 大村駅前店,日用品,ノンスメル清水香各種,各種,603,,,10/4〜10/10,
8560041,ドラッグストアモリ 大村駅前店,日用品,クレシア キッチンタオル,4ロール,350,,,10/4〜10/10,
8560041,ドラッグストアモリ 大村駅前店,日用品,ペットシーツ中厚,1袋,1188,,,10/4〜10/10,
8560041,ダイレックス 木場店,食品,ブルボン チョコチップクッキー・バタークッキーほか(今週のイチ押し),各種,108,,,10/7〜10/12,
8560041,ダイレックス 木場店,食品,サーティワン チョコレート,15粒,199,,,10/7〜10/12,
8560041,ダイレックス 木場店,食品,ブルボン バラエティーアソート,281g,399,,,10/7〜10/12,
8560041,ダイレックス 木場店,食品,ロッテ トッポ各種(ダイレックス),各2袋入,129,,,10/7〜10/12,
8560041,ダイレックス 木場店,食品,ロッテ ラミー・バッカス,各種,249,,,10/7〜10/12,
8560041,ダイレックス 木場店,食品,UHA味覚糖 コグミ・シゲキックス各種,各種,108,,,10/7〜10/12,
8560041,ダイレックス 木場店,食品,日清食品 どん兵衛(きつねうどん・天ぷらそば・肉うどんほか)・焼きそばU.F.O.,各種,149,,,10/7〜10/12,
8560041,ダイレックス 木場店,食品,マルタイ 棒ラーメン(しょうゆ・屋台とんこつ),各種,139,,,10/7〜10/12,
8560041,ダイレックス 木場店,食品,東洋水産 鍋の〆に食べるラーメン,1袋,99,,,10/7〜10/12,
8560041,ダイレックス 木場店,食品,東洋水産 お鍋にポン各種,3人前,99,,,10/7〜10/12,
8560041,ダイレックス 木場店,食品,ハウス シチューミクス(クリーム・濃厚仕立て),各170g,279,,,10/7〜10/12,
8560041,ダイレックス 木場店,食品,イチビキ ストレート鍋つゆ(キムチ鍋・豚みそちゃんこほか),各720g,159,,,10/7〜10/12,
8560041,ダイレックス 木場店,食品,キユーピー あえるパスタソース(たらこ・明太子ほか),各種,179,,,10/7〜10/12,
8560041,ダイレックス 木場店,食品,丸美屋 麻婆茄子の素,各180g,159,,,10/7〜10/12,
8560041,ダイレックス 木場店,食品,Umios さんま蒲焼,各100g,239,,,10/7〜10/12,
8560041,ダイレックス 木場店,食品,Lサイズ ポテトチップス・カラムーチョほか,各種,179,,,10/7〜10/12,
8560041,ダイレックス 木場店,食品,亀田製菓 おっとっと・ぷんわり名人ほか,各種,89,,,10/7〜10/12,
8560041,ダイレックス 木場店,食品,ふんわり名人 きなこ餅,75g,199,,,10/7〜10/12,
8560041,ダイレックス 木場店,食品,ポッカサッポロ じっくりコトコトこんがりパン,各種,139,,,10/7〜10/12,
8560041,ダイレックス 木場店,食品,エースコック ハイイの おもてなし,各種,139,,,10/7〜10/12,
8560041,ダイレックス 木場店,食品,理研ビタミン わかめスープ各種,各8P,299,,,10/7〜10/12,
8560041,ダイレックス 木場店,食品,永谷園 お茶づけ海苔,8袋入,218,,,10/7〜10/12,
8560041,ダイレックス 木場店,食品,ハインツ トマトケチャップ逆さボトル,460g,228,,,10/7〜10/12,
8560041,ダイレックス 木場店,食品,キユーピー ハーフ(ダイレックス 木場店),400g,279,,,10/7〜10/12,
8560041,ダイレックス 木場店,食品,桃屋 キムチの素(ダイレックス),190g,199,,,10/7〜10/12,
8560041,ダイレックス 木場店,食品,伊藤園 お〜いお茶 PURE GREEN・健康ミネラルむぎ茶・黒豆茶,各2L,129,,,10/7〜10/12,
8560041,ダイレックス 木場店,食品,コカ・コーラ(レギュラー・ゼロ),各1.5L,159,,,10/7〜10/12,
8560041,ダイレックス 木場店,食品,アサヒ 十六茶 660ml×24本,1ケース,1580,,,10/7〜10/12,
8560041,ダイレックス 木場店,食品,アサヒ ウィルキンソン タンサン 500ml×24本,1ケース,1596,,,10/7〜10/12,
8560041,ダイレックス 木場店,食品,アサヒ green cola・三ツ矢・カルピスウォーター各種,各種,89,,,10/7〜10/12,
8560041,ダイレックス 木場店,食品,味の素AGF ブレンディ袋・マキシム袋,各種,799,,,10/7〜10/12,
8560041,ダイレックス 木場店,食品,AGF ちょっと贅沢な珈琲店 グランドテイスト,各240g,598,,,10/7〜10/12,
8560041,ダイレックス 木場店,食品,丸大食品 燻製屋ウインナー,各90g×2,258,,,10/7〜10/12,今週のイチ押し
8560041,ダイレックス 木場店,食品,東洋水産 至極の食卓 マルちゃん焼そば,各150g×2食,178,,,10/7〜10/12,
8560041,ダイレックス 木場店,食品,伊藤ハム ベーカーガーデン(マルゲリータほか),各1枚,228,,,10/7〜10/12,
8560041,ダイレックス 木場店,食品,やさしい牛乳 華原のまごころ,1000ml,189,,,10/7〜10/12,
8560041,ダイレックス 木場店,食品,家族の潤い牛乳,900ml,138,,,10/7〜10/12,
8560041,ダイレックス 木場店,食品,森永乳業 トリプルヨーグルト・ビヒダスヨーグルト便通改善,各種,118,,,10/7〜10/12,
8560041,ダイレックス 木場店,食品,オハヨー 長崎の果実ヨーグルト,各70g×4,158,,,10/7〜10/12,
8560041,ダイレックス 木場店,食品,ミツカン 金のつぶ(あらびきマスタード・たまご醤油たれほか),各45g×3,108,,,10/7〜10/12,
8560041,ダイレックス 木場店,食品,日清食品 冷凍日清中華 汁なし担々麺大盛り,360g,228,,,10/7〜10/12,
8560041,ダイレックス 木場店,食品,ジャンボ ミニチョコブラボン,4個入,138,,,10/7〜10/12,
8560041,ダイレックス 木場店,食品,テーブルマーク 讃岐麺一番 肉うどん,340g,228,,,10/7〜10/12,
8560041,ダイレックス 木場店,食品,ニチレイ 若鶏の旨だれ焼,260g,348,,,10/7〜10/12,
8560041,ダイレックス 木場店,食品,味の素 海老肉焼売,9個入,399,,,10/7〜10/12,
8560041,サンドラッグ 大村店,ドラッグ・コスメ,第2類医薬品 新ジキニン顆粒,22包,1188,,,10/6〜10/11,同じチラシ: 富の原店
8560041,サンドラッグ 大村店,ドラッグ・コスメ,第2類医薬品 パブロンゴールドA微粒,44包,1380,,,10/6〜10/11,同じチラシ: 富の原店
8560041,サンドラッグ 大村店,ドラッグ・コスメ,第3類医薬品 キューピーコーワゴールドα,160錠,1848,,,10/6〜10/11,ポポンS 240錠も同価格 / 同じチラシ: 富の原店
8560041,サンドラッグ 大村店,ドラッグ・コスメ,第3類医薬品 アリナミンEXプラス,270錠,5280,,,10/6〜10/11,同じチラシ: 富の原店
8560041,サンドラッグ 大村店,ドラッグ・コスメ,第2類医薬品 第一三共胃腸薬,54包,1188,,,10/6〜10/11,同じチラシ: 富の原店
8560041,サンドラッグ 大村店,ドラッグ・コスメ,第3類医薬品 バファリンA,100錠,1298,,,10/6〜10/11,同じチラシ: 富の原店
8560041,サンドラッグ 大村店,ドラッグ・コスメ,キューピーコーワドリンク,100ml×10本,877,,,10/6〜10/11,2点購入で合計金額より200円引 / 同じチラシ: 富の原店
8560041,サンドラッグ 大村店,ドラッグ・コスメ,第2類医薬品 命の母A,840錠,3608,,,10/6〜10/11,同じチラシ: 富の原店
8560041,サンドラッグ 大村店,ドラッグ・コスメ,第2類医薬品 サンテFXネオ,12ml,258,,,10/6〜10/11,お一人様2点まで / 同じチラシ: 富の原店
8560041,サンドラッグ 大村店,ドラッグ・コスメ,第3類医薬品 アイボンWビタミンプレミアム,500ml,638,,,10/6〜10/11,同じチラシ: 富の原店
8560041,サンドラッグ 大村店,食品,日本薬健 金の青汁25種純国産野菜乳酸菌,90包,2786,,,10/6〜10/11,同じチラシ: 富の原店
8560041,サンドラッグ 大村店,ドラッグ・コスメ,DHC DHA 60日分,240粒,1798,,,10/6〜10/11,同じチラシ: 富の原店
8560041,サンドラッグ 大村店,食品,味の素 アミノバイタル ガッツギア 即攻元気ゼリー,180g,118,,,10/6〜10/11,同じチラシ: 富の原店
8560041,サンドラッグ 大村店,ドラッグ・コスメ,クロレッツボトル(各種),2個,918,,,10/6〜10/11,同じチラシ: 富の原店
8560041,サンドラッグ 大村店,ドラッグ・コスメ,ジョンソンボディケア バイタルラディアンス(各種),500ml,877,,,10/6〜10/11,同じチラシ: 富の原店
8560041,サンドラッグ 大村店,ドラッグ・コスメ,ビオレ マシュマロホイップ 詰替 レギュラー,130ml,348,,,10/6〜10/11,同じチラシ: 富の原店
8560041,サンドラッグ 大村店,ドラッグ・コスメ,ニベア ディープモイスチャーリップ(各種),2.2g,382,,,10/6〜10/11,2点購入で50円引 / 同じチラシ: 富の原店
8560041,サンドラッグ 大村店,ドラッグ・コスメ,ユースキン サービスパック,120g+12g,979,,,10/6〜10/11,同じチラシ: 富の原店
8560041,サンドラッグ 大村店,ドラッグ・コスメ,アトリックス ビューティーチャージ(各種),80g,478,,,10/6〜10/11,同じチラシ: 富の原店
8560041,サンドラッグ 大村店,ドラッグ・コスメ,ニベアクリーム 大缶,169g,478,,,10/6〜10/11,同じチラシ: 富の原店
8560041,サンドラッグ 大村店,ドラッグ・コスメ,ビオレ スキンケア洗顔料 モイスチャー,130g,305,,,10/6〜10/11,お一人様2点まで / 同じチラシ: 富の原店
8560041,サンドラッグ 大村店,ドラッグ・コスメ,ケシミン 浸透化粧水 詰替 しっとり,140ml,657,,,10/6〜10/11,同じチラシ: 富の原店
8560041,サンドラッグ 大村店,ドラッグ・コスメ,ダヴ クリーミー泡洗顔料 詰替,125ml,388,,,10/6〜10/11,同じチラシ: 富の原店
8560041,サンドラッグ 大村店,ドラッグ・コスメ,ケシミンクリーム,30g,1097,,,10/6〜10/11,同じチラシ: 富の原店
8560041,サンドラッグ 大村店,ドラッグ・コスメ,なめらか本舗 豆乳イソフラボン(化粧水・乳液),150〜200ml,698,,,10/6〜10/11,同じチラシ: 富の原店
8560041,ドラッグストアコスモス 池田店,ドラッグ・コスメ,オーツカ 速筋タンパク×卵白プロテイン ウオテイン100+,500g,4980,,5980,10/2〜10/15,期間限定 / 同じチラシ: 大村店・宮小路店・溝陸店
8560041,ドラッグストアコスモス 池田店,ドラッグ・コスメ,アース製薬 プラセニタ薬用入浴液,720ml,1480,,,10/2〜10/15,同じチラシ: 大村店・宮小路店・溝陸店
8560041,ドラッグストアコスモス 池田店,食品,青森県産 まっしぐら(米),5kg,2498,,,10/2〜10/15,コスモスは全て税込価格 / 同じチラシ: 大村店・宮小路店・溝陸店
8560041,ドラッグストアコスモス 池田店,食品,日清食品 カップヌードル(シーフード・カレー),各1個,149,,,10/2〜10/15,同じチラシ: 大村店・宮小路店・溝陸店
8560041,ドラッグストアコスモス 池田店,食品,東洋水産 麺づくり(鶏ガラ醤油・合わせ味噌),各1個,139,,,10/2〜10/15,同じチラシ: 大村店・宮小路店・溝陸店
8560041,ドラッグストアコスモス 池田店,食品,日清食品 どん兵衛(きつねうどん・天ぷらそば),各1個,149,,,10/2〜10/15,同じチラシ: 大村店・宮小路店・溝陸店
8560041,ドラッグストアコスモス 池田店,食品,明星 一平ちゃん夜店の焼そば,135g,159,,,10/2〜10/15,同じチラシ: 大村店・宮小路店・溝陸店
8560041,ドラッグストアコスモス 池田店,食品,日清食品 チキンラーメン・日清焼そば・出前一丁,5食パック,398,,,10/2〜10/15,同じチラシ: 大村店・宮小路店・溝陸店
8560041,ドラッグストアコスモス 池田店,食品,キユーピー ハーフ(コスモス),400g,268,,,10/2〜10/15,同じチラシ: 大村店・宮小路店・溝陸店
8560041,ドラッグストアコスモス 池田店,食品,カゴメ トマトケチャップ,800g,318,,,10/2〜10/15,同じチラシ: 大村店・宮小路店・溝陸店
8560041,ドラッグストアコスモス 池田店,食品,J-オイルミルズ 味の素ダブルハーフ,1000g,368,,,10/2〜10/15,同じチラシ: 大村店・宮小路店・溝陸店
8560041,ドラッグストアコスモス 池田店,食品,J-オイルミルズ 味の素エクストラバージンオリーブオイル,600g,898,,,10/2〜10/15,同じチラシ: 大村店・宮小路店・溝陸店
8560041,ドラッグストアコスモス 池田店,食品,キユーピー 深煎りごまドレッシング,380ml,328,,,10/2〜10/15,同じチラシ: 大村店・宮小路店・溝陸店
8560041,ドラッグストアコスモス 池田店,食品,ニッスイ 焼さけあらほぐし,45g×2個パック,398,,,10/2〜10/15,同じチラシ: 大村店・宮小路店・溝陸店
8560041,ドラッグストアコスモス 池田店,食品,ハウス食品 完熟トマトのハヤシライスソース,10皿分,288,,,10/2〜10/15,同じチラシ: 大村店・宮小路店・溝陸店
8560041,ドラッグストアコスモス 池田店,食品,奥本製粉 から揚げ粉(水溶きタイプ・まぶしタイプ),各100g,88,,,10/2〜10/15,同じチラシ: 大村店・宮小路店・溝陸店
8560041,ドラッグストアコスモス 池田店,食品,東洋水産 トレーワンタン(旨み醤油味・鶏だし旨味しお味),各種,119,,,10/2〜10/15,同じチラシ: 大村店・宮小路店・溝陸店
8560041,ドラッグストアコスモス 池田店,食品,はごろもフーズ シーチキンマイルド,70g×3缶,398,,,10/2〜10/15,同じチラシ: 大村店・宮小路店・溝陸店
8560041,ドラッグストアコスモス 池田店,食品,丸美屋 のりたま大袋,52g,199,,,10/2〜10/15,同じチラシ: 大村店・宮小路店・溝陸店
8560041,ドラッグストアコスモス 池田店,食品,丸大食品 ビストロ倶楽部カレー(甘口・中辛),170g×3袋,268,,,10/2〜10/15,同じチラシ: 大村店・宮小路店・溝陸店
8560041,ドラッグストアコスモス 池田店,食品,日清製粉ウェルナ マ・マー マカロニグラタンセット ホワイトソース用,2人前,109,,,10/2〜10/15,同じチラシ: 大村店・宮小路店・溝陸店
8560041,ドラッグストアコスモス 池田店,食品,はごろもフーズ ポポロスパ(7分結束・5分結束),700g,258,,,10/2〜10/15,同じチラシ: 大村店・宮小路店・溝陸店
8560041,ドラッグストアコスモス 池田店,食品,極洋 さば水煮・さばみそ煮,各160g,178,,,10/2〜10/15,同じチラシ: 大村店・宮小路店・溝陸店
8560041,ドラッグストアコスモス 池田店,食品,ポッカサッポロ ポッカレモン100,450ml,398,,,10/2〜10/15,同じチラシ: 大村店・宮小路店・溝陸店
8560041,ドラッグストアコスモス 池田店,食品,日清シスコ ごろグラ チョコナッツ,280g,428,,,10/2〜10/15,同じチラシ: 大村店・宮小路店・溝陸店
8560041,ドラッグストアコスモス 池田店,食品,アサヒ 匠屋 濃い茶,2L,129,,,10/2〜10/15,同じチラシ: 大村店・宮小路店・溝陸店
8560041,ドラッグストアコスモス 池田店,食品,伊藤園 お〜いお茶 ピュアグリーン,2L,139,,,10/2〜10/15,同じチラシ: 大村店・宮小路店・溝陸店
8560041,ドラッグストアコスモス 池田店,食品,アサヒ 三ツ矢 ウルトラストロングレモン,1.5L,179,,,10/2〜10/15,同じチラシ: 大村店・宮小路店・溝陸店
8560041,ドラッグストアコスモス 池田店,食品,アサヒ ぐんぐんグルト・カルピスソーダ,各1.5L,169,,,10/2〜10/15,同じチラシ: 大村店・宮小路店・溝陸店
8560041,ドラッグストアコスモス 池田店,食品,コカ・コーラ い・ろ・は・す 天然水,2L,89,,,10/2〜10/15,同じチラシ: 大村店・宮小路店・溝陸店
8560041,ドラッグストアコスモス 池田店,食品,キリンビバレッジ ファイア(ブラック・挽きたて微糖),185g×6本,328,,,10/2〜10/15,同じチラシ: 大村店・宮小路店・溝陸店
8560041,ドラッグストアコスモス 池田店,食品,ネスレ日本 エクセラふわラテ,26本,538,,,10/2〜10/15,同じチラシ: 大村店・宮小路店・溝陸店
8560041,ドラッグストアコスモス 池田店,食品,ドトールコーヒー 香り芳ばしおいしい一杯 瓶,180g,1098,,,10/2〜10/15,同じチラシ: 大村店・宮小路店・溝陸店
8560041,ドラッグストアコスモス 池田店,食品,桃屋食品ON365 ごま豆乳鍋つゆ,750g,198,,,10/2〜10/15,同じチラシ: 大村店・宮小路店・溝陸店
8560041,ドラッグストアコスモス 池田店,食品,ダイショーON365 キムチ鍋スープ,750g,198,,,10/2〜10/15,同じチラシ: 大村店・宮小路店・溝陸店
8560041,ドラッグストアコスモス 池田店,食品,ミツカン 味ぽん,800ml,358,,,10/2〜10/15,同じチラシ: 大村店・宮小路店・溝陸店
8560041,ドラッグストアコスモス 池田店,食品,キッコーマンON365 すき焼きのたれ,500ml,258,,,10/2〜10/15,同じチラシ: 大村店・宮小路店・溝陸店
8560041,ドラッグストアコスモス 池田店,食品,ヤマキON365 うどんスープ,8g×8袋,119,,,10/2〜10/15,同じチラシ: 大村店・宮小路店・溝陸店
8560041,ドラッグストアコスモス 池田店,食品,ニチレイフーズ えびピラフ,1袋,379,,,10/2〜10/15,冷凍 / 同じチラシ: 大村店・宮小路店・溝陸店
8560041,ドラッグストアコスモス 池田店,食品,ニッスイ 大きな大きな焼きおにぎり,10個,379,,,10/2〜10/15,冷凍 / 同じチラシ: 大村店・宮小路店・溝陸店
8560041,ドラッグストアコスモス 池田店,食品,日清食品冷凍 スパ王 喫茶店のナポリタン大盛,360g,179,,,10/2〜10/15,冷凍 / 同じチラシ: 大村店・宮小路店・溝陸店
8560041,ドラッグストアコスモス 池田店,食品,ニッスイ ちゃんぽん,402g,279,,,10/2〜10/15,冷凍 / 同じチラシ: 大村店・宮小路店・溝陸店
8560041,ドラッグストアコスモス 池田店,食品,イートアンド 大阪王将 羽根つき餃子,12個,169,,,10/2〜10/15,冷凍 / 同じチラシ: 大村店・宮小路店・溝陸店
8560041,ドラッグストアコスモス 池田店,食品,味の素冷凍食品 おいしい大判羽根つき餃子,28個,459,,,10/2〜10/15,冷凍 / 同じチラシ: 大村店・宮小路店・溝陸店
8560041,ドラッグストアコスモス 池田店,食品,テーブルマーク ごっつ旨い大粒たこ焼,6個(197g),279,,,10/2〜10/15,冷凍 / 同じチラシ: 大村店・宮小路店・溝陸店
8560041,ドラッグストアコスモス 池田店,食品,ニチレイフーズ お弁当からあげチキン,6個(114g),159,,,10/2〜10/15,冷凍 / 同じチラシ: 大村店・宮小路店・溝陸店
8560041,ドラッグストアコスモス 池田店,食品,ニップン 和風スパゲッティ&ハンバーグ,340g,389,,,10/2〜10/15,冷凍 / 同じチラシ: 大村店・宮小路店・溝陸店
8560041,ドラッグストアコスモス 池田店,食品,イートアンド 大阪王将 直火炒飯と肉焼売,308g,379,,,10/2〜10/15,冷凍 / 同じチラシ: 大村店・宮小路店・溝陸店
8560041,ドラッグストアコスモス 池田店,食品,極洋 10品目のふんわり彩り揚げ,5個,159,,,10/2〜10/15,冷凍 / 同じチラシ: 大村店・宮小路店・溝陸店
8560041,ドラッグストアコスモス 池田店,食品,ニッスイ ちくわの磯辺揚げ,8個,179,,,10/2〜10/15,冷凍 / 同じチラシ: 大村店・宮小路店・溝陸店
8560041,ドラッグストアコスモス 池田店,食品,Umios ミックスピザ,3枚,399,,,10/2〜10/15,冷凍 / 同じチラシ: 大村店・宮小路店・溝陸店
8560041,ドラッグストアコスモス 池田店,食品,ハイファイブフーズ フライドポテト,1kg,349,,,10/2〜10/15,冷凍 / 同じチラシ: 大村店・宮小路店・溝陸店
8560041,ドラッグストアコスモス 池田店,食品,ニチレイフーズ 回転焼あずきあん,4個,298,,,10/2〜10/15,冷凍 / 同じチラシ: 大村店・宮小路店・溝陸店
8560041,ドラッグストアコスモス 池田店,食品,ニチレイフーズ そのまま使えるブロッコリー,250g,259,,,10/2〜10/15,冷凍 / 同じチラシ: 大村店・宮小路店・溝陸店
8560041,ドラッグストアコスモス 池田店,食品,にこにこ元気たまご,10個入M〜S混合,249,,,10/2〜10/15,同じチラシ: 大村店・宮小路店・溝陸店
8560041,ドラッグストアコスモス 池田店,食品,ヤマザキ コスモスの食パン,6枚,89,,,10/2〜10/15,ご家族様3点限り / 同じチラシ: 大村店・宮小路店・溝陸店
8560041,ドラッグストアコスモス 池田店,食品,ヤマザキ バターロール,6個,109,,,10/2〜10/15,同じチラシ: 大村店・宮小路店・溝陸店
8560041,ドラッグストアコスモス 池田店,食品,ヤマザキ チョコチップスナック,7本,119,,,10/2〜10/15,同じチラシ: 大村店・宮小路店・溝陸店
8560041,ドラッグストアコスモス 池田店,食品,ヤマザキ 安納芋蒸しケーキ,1個,99,,,10/2〜10/15,同じチラシ: 大村店・宮小路店・溝陸店
8560041,ドラッグストアコスモス 池田店,食品,リョーユー ホイップあんぱん,1個,89,,,10/2〜10/15,同じチラシ: 大村店・宮小路店・溝陸店
8560041,ドラッグストアコスモス 池田店,食品,東洋水産 ふっくらうどん,3人前,108,,,10/2〜10/15,同じチラシ: 大村店・宮小路店・溝陸店
8560041,ドラッグストアコスモス 池田店,食品,三好食品工業 煮ても焼いてもおいしい絹厚揚げ,2枚入,89,,,10/2〜10/15,同じチラシ: 大村店・宮小路店・溝陸店
8560041,ドラッグストアコスモス 池田店,食品,滝沢ハム お肉屋さんのハンバーグ デミグラスソース,85g,99,,,10/2〜10/15,同じチラシ: 大村店・宮小路店・溝陸店
8560041,ドラッグストアコスモス 池田店,食品,伊藤ハム 燻工房 ももハム切り落とし・ロースハム切り落とし,各90〜95g,199,,,10/2〜10/15,同じチラシ: 大村店・宮小路店・溝陸店
8560041,ドラッグストアコスモス 池田店,食品,美山 いちおしキムチ,180g,139,,,10/2〜10/15,同じチラシ: 大村店・宮小路店・溝陸店
8560041,ドラッグストアコスモス 池田店,食品,伊藤ハム 朝のフレッシュ生ハムロース,3連,209,,,10/2〜10/15,同じチラシ: 大村店・宮小路店・溝陸店
8560041,ドラッグストアコスモス 池田店,食品,桂和園 国産お肉の大粒焼売,22g×8個,99,,,10/2〜10/15,同じチラシ: 大村店・宮小路店・溝陸店
8560041,ドラッグストアコスモス 池田店,食品,一正蒲鉾 カニかまスティック,10本入,79,,,10/2〜10/15,同じチラシ: 大村店・宮小路店・溝陸店
8560041,ドラッグストアコスモス 池田店,食品,日本ハム シャウスライス,39g×3,199,,,10/2〜10/15,同じチラシ: 大村店・宮小路店・溝陸店
8560041,ドラッグストアコスモス 池田店,食品,プリマハム 香薫あらびきウインナー大袋,480g,649,,,10/2〜10/15,同じチラシ: 大村店・宮小路店・溝陸店
8560041,ドラッグストアコスモス 池田店,食品,伊藤園 1日分の野菜,200ml,89,,,10/2〜10/15,同じチラシ: 大村店・宮小路店・溝陸店
8560041,ドラッグストアコスモス 池田店,食品,森永乳業 トリプルヨーグルト 砂糖不使用ドリンク,100g,129,,,10/2〜10/15,同じチラシ: 大村店・宮小路店・溝陸店
8560041,ドラッグストアコスモス 池田店,食品,ヤマザキ ホイップカスタードエクレア,1個,89,,,10/2〜10/15,同じチラシ: 大村店・宮小路店・溝陸店
8560041,ドラッグストアコスモス 池田店,食品,ヤマザキ 焼きチーズスフレ,1個,99,,,10/2〜10/15,同じチラシ: 大村店・宮小路店・溝陸店
8560041,ドラッグストアコスモス 池田店,食品,アサヒ スーパードライ 350ml×6缶,6缶,1038,,,10/2〜10/15,同じチラシ: 大村店・宮小路店・溝陸店
8560041,ドラッグストアコスモス 池田店,食品,アサヒ スーパードライ 350ml×24缶,1ケース,4150,,,10/2〜10/15,同じチラシ: 大村店・宮小路店・溝陸店
8560041,ドラッグストアコスモス 池田店,食品,アサヒ アサヒゼロ,350ml×6缶,858,,,10/2〜10/15,同じチラシ: 大村店・宮小路店・溝陸店
8560041,ドラッグストアコスモス 池田店,食品,コカ・コーラ よわない檸檬堂,350ml,118,,,10/2〜10/15,同じチラシ: 大村店・宮小路店・溝陸店
8560041,エレナ 久原店,食品,ハイライフポーク 豚ロース味噌漬け,100g当たり,139,,,10/6〜10/11,カナダ産 / 同じチラシ: 大村中央店・竹松店
8560041,エレナ 久原店,食品,九一庵 国産木綿・国産絹ごし豆腐,各300g,117,,,10/6〜10/11,同じチラシ: 大村中央店・竹松店
8560041,エレナ 久原店,食品,牛角キムチ 甘辛味,90g×2個パック,193,,,10/6〜10/11,同じチラシ: 大村中央店・竹松店
8560041,エレナ 久原店,食品,マルタイ 長崎皿うどん,各140g,106,,,10/6〜10/11,オイスターソース味も同価格 / 同じチラシ: 大村中央店・竹松店
8560041,エレナ 久原店,食品,日清 カップヌードル(各種),1個,160,,,10/6〜10/11,同じチラシ: 大村中央店・竹松店
8560041,エレナ 久原店,食品,S&B 濃いシチュー,各168g・152g,214,,,10/6〜10/11,お一人様合計2箱限り / 同じチラシ: 大村中央店・竹松店
8560041,エレナ 久原店,食品,くらし良好 ロースハム・ベーコン,各4パック,290,,,10/6〜10/11,エレナポイント+20 / 同じチラシ: 大村中央店・竹松店
8560041,エレナ 久原店,食品,エバラ すき焼のたれ マイルド,500ml,268,,,10/6〜10/11,お一人様1本限り / 同じチラシ: 大村中央店・竹松店
8560041,エレナ 久原店,食品,くらし良好 トマトケチャップ,500g,160,,,10/6〜10/11,同じチラシ: 大村中央店・竹松店
8560041,エレナ 久原店,食品,丸美屋 国産パワーキッズ,各3個パック,106,,,10/6〜10/11,同じチラシ: 大村中央店・竹松店
8560041,エレナ 久原店,食品,八洋食品 ラーメン屋さんの餃子,14個入,182,,,10/6〜10/11,同じチラシ: 大村中央店・竹松店
8560041,エレナ 久原店,食品,伊藤ハム ラ・ピッツァ,各1枚入,268,,,10/6〜10/11,同じチラシ: 大村中央店・竹松店
8560041,エレナ 久原店,食品,パッカルゴールド,7本入,128,,,10/6〜10/11,同じチラシ: 大村中央店・竹松店
8560041,エレナ 久原店,食品,ニチレイ 大きな大きな焼きおにぎり,6個入,355,,,10/6〜10/11,冷凍 / 同じチラシ: 大村中央店・竹松店
8560041,エレナ 久原店,食品,日本茶 おいしく出せる緑茶ティーバッグ,3.5g×40袋,430,,,10/6〜10/11,同じチラシ: 大村中央店・竹松店
8560041,エレナ 久原店,食品,ヤマザキ 高級つぶあん,1個,117,,,10/6〜10/11,同じチラシ: 大村中央店・竹松店
8560041,エレナ 久原店,食品,フランソア メロンパン,1個,96,,,10/6〜10/11,同じチラシ: 大村中央店・竹松店
8560041,エレナ 久原店,食品,ヤマザキ 北海道チーズ蒸しケーキ,1個,106,,,10/6〜10/11,同じチラシ: 大村中央店・竹松店
8560041,エレナ 久原店,食品,湖池屋 ポリンキー,各55g,117,,,10/6〜10/11,同じチラシ: 大村中央店・竹松店
8560041,エレナ 久原店,食品,日清シスコ ココナッツサブレ,各16枚入,117,,,10/6〜10/11,同じチラシ: 大村中央店・竹松店
8560041,エレナ 久原店,食品,くらし良好 徳用いかの姿フライ,132g,236,,,10/6〜10/11,同じチラシ: 大村中央店・竹松店
8560041,エレナ 久原店,食品,くらし良好 珍味レンジャー,102g,333,,,10/6〜10/11,同じチラシ: 大村中央店・竹松店
8560041,エレナ 久原店,ドラッグ・コスメ,白元アース 快適ガードマスク,30枚入,658,,,10/6〜10/11,お一人様合計2箱限り / 同じチラシ: 大村中央店・竹松店
8560041,エレナ 久原店,食品,アサヒ スーパードライ 350ml 6缶パック,6缶,1098,,,10/6〜10/11,同じチラシ: 大村中央店・竹松店
8560041,エレナ 久原店,食品,アサヒ スーパードライ 350ml 24缶,1ケース,4387,,,10/6〜10/11,同じチラシ: 大村中央店・竹松店
8560041,エレナ 久原店,食品,伊藤園 お〜いお茶(緑茶・濃い茶),各600ml,85,,,10/6〜10/11,お一人様合計2本限り / 同じチラシ: 大村中央店・竹松店
8560041,エレナ 久原店,食品,三ツ星フィッシュ 生本まぐろお刺身用ブロック,100g当たり,1177,,,10/6〜10/11,10/9からのエレナ祭価格 / 同じチラシ: 大村中央店・竹松店
8560041,エレナ 久原店,食品,生本まぐろたっぷりお刺身盛合わせ,3品盛,1285,,,10/6〜10/11,10/9から / 同じチラシ: 大村中央店・竹松店
8560041,エレナ 久原店,食品,ノルウェー産 北極圏サーモンお刺身用ブロック,100g当たり,538,,,10/6〜10/11,10/9から / 同じチラシ: 大村中央店・竹松店
8560041,エレナ 久原店,食品,サーモンたっぷりお刺身盛合わせ,3品盛,970,,,10/6〜10/11,10/9から / 同じチラシ: 大村中央店・竹松店
8560041,エレナ 久原店,食品,粗挽きまぐろタタキ,200g入,862,,,10/6〜10/11,10/9から / 同じチラシ: 大村中央店・竹松店
8560041,エレナ 久原店,食品,トロびんちょうスライス,1パック,430,,,10/6〜10/11,10/9から / 同じチラシ: 大村中央店・竹松店
8560041,エレナ 久原店,食品,新仔うなぎ蒲焼 真空トレイパック,1パック,2041,,,10/6〜10/11,宮崎県産・10/9から / 同じチラシ: 大村中央店・竹松店
8560041,エレナ 久原店,食品,アルゼンチン有頭赤海老,5尾入,538,,,10/6〜10/11,10/9から / 同じチラシ: 大村中央店・竹松店
8560041,エレナ 久原店,食品,バナメイ無頭えび,100g当たり,182,,,10/6〜10/11,10/9から / 同じチラシ: 大村中央店・竹松店
8560041,エレナ 久原店,食品,さつまいも,100g当たり,42,,,10/6〜10/11,鹿児島県産ほか・10/9から / 同じチラシ: 大村中央店・竹松店
8560041,エレナ 久原店,食品,牛タンスライス(生)ねぎ塩カップ付,150g,1510,,,10/6〜10/11,10/9から / 同じチラシ: 大村中央店・竹松店
8560041,エレナ 久原店,食品,霜降りひらたけ,1パック,139,,,10/6〜10/11,10/9から / 同じチラシ: 大村中央店・竹松店
8560041,エレナ 久原店,食品,雪国まいたけ 極MEGA,1パック,139,,,10/6〜10/11,10/9から / 同じチラシ: 大村中央店・竹松店
8560041,エレナ 久原店,食品,うどん玉・ちゃんぽん玉(各メーカー),よりどり3玉,150,,,10/6〜10/11,2玉106円・10/9から / 同じチラシ: 大村中央店・竹松店
8560041,エレナ 久原店,食品,シマヤ だしの素 粉末,10g×12袋,182,,,10/6〜10/11,10/9から / 同じチラシ: 大村中央店・竹松店
8560041,エレナ 久原店,食品,ふるさと風味みそ,各1kg,214,,,10/6〜10/11,10/9から / 同じチラシ: 大村中央店・竹松店
8560041,エレナ 久原店,食品,うまかっちゃん(各種),5食入,322,,,10/6〜10/11,10/9から / 同じチラシ: 大村中央店・竹松店
8560041,エレナ 久原店,食品,カゴメ トマトジュース 食塩無添加,200ml,106,,,10/6〜10/11,10/9から / 同じチラシ: 大村中央店・竹松店
8560041,エレナ 久原店,食品,おかめ納豆 仕立て,3個組,106,,,10/6〜10/11,10/9から / 同じチラシ: 大村中央店・竹松店
8560041,エレナ 久原店,食品,濃厚仕立てもっちりやわらか絹厚揚げ,2枚入,96,,,10/6〜10/11,10/9から / 同じチラシ: 大村中央店・竹松店
8560041,エレナ 久原店,食品,ミンチ天,2枚入,139,,,10/6〜10/11,10/9から / 同じチラシ: 大村中央店・竹松店
8560041,エレナ 久原店,食品,長崎焼きそば,1袋,171,,,10/6〜10/11,10/9から / 同じチラシ: 大村中央店・竹松店
8560041,エレナ 久原店,食品,中島食品 きざみ白菜漬,150g,106,,,10/6〜10/11,10/9から / 同じチラシ: 大村中央店・竹松店
8560041,エレナ 久原店,食品,牧場の朝ヨーグルト,各3個組,117,,,10/6〜10/11,10/9から / 同じチラシ: 大村中央店・竹松店
8560041,エレナ 久原店,食品,うれしの茶 竹翠,100g,646,,,10/6〜10/11,10/9から / 同じチラシ: 大村中央店・竹松店
8560041,エレナ 久原店,食品,カルビー ポテトチップス,各55g・53g,117,,,10/6〜10/11,10/9から / 同じチラシ: 大村中央店・竹松店
8560041,エレナ 久原店,食品,ミルクレア ベルギーチョコ,6本入,268,,,10/6〜10/11,10/9から / 同じチラシ: 大村中央店・竹松店
8560041,エレナ 久原店,日用品,除菌ジョイコンパクト 詰替用,670ml,328,,,10/6〜10/11,10/9から / 同じチラシ: 大村中央店・竹松店
8560041,エレナ 久原店,食品,長崎県産 豚ロース厚切りスライス,100g当たり,214,,,10/6〜10/11,10/8限り / 同じチラシ: 大村中央店・竹松店
8560041,エレナ 久原店,食品,リンゴ各種,1玉,150,,,10/6〜10/11,青森県産ほか・10/8限り / 同じチラシ: 大村中央店・竹松店
8560041,エレナ 久原店,食品,長崎県産 豚こま切れ,100g当たり,160,,,10/6〜10/11,10/8限り / 同じチラシ: 大村中央店・竹松店
8560041,エレナ 久原店,食品,九州産 若どりモモ身,100g当たり,128,,,10/6〜10/11,10/8限り / 同じチラシ: 大村中央店・竹松店
8560041,エレナ 久原店,食品,1本釣りカツオタタキ お刺身用ブロック,100g当たり,312,,,10/6〜10/11,解凍・10/8限り / 同じチラシ: 大村中央店・竹松店
8560041,エレナ 久原店,食品,いかの唐揚げ(花咲のお惣菜),100g当たり,214,,,10/6〜10/11,10/8限り / 同じチラシ: 大村中央店・竹松店
8560041,エレナ 久原店,食品,のりタル弁当,1パック,376,,,10/6〜10/11,10/8限り / 同じチラシ: 大村中央店・竹松店
8560041,エレナ 久原店,食品,MEGAハンバーグ,1パック,321,,,10/6〜10/11,ひる3時からのタイムサービス / 同じチラシ: 大村中央店・竹松店
8560041,エレナ 久原店,食品,お米 全品,全品,,レジにて10%引,,10/6〜10/11,10/8限り / 同じチラシ: 大村中央店・竹松店
8560041,エレナ 久原店,食品,パン(パンの日),各種,,10%引,,10/6〜10/11,10/8限り / 同じチラシ: 大村中央店・竹松店
8560041,エレナ 久原店,食品,牛乳(牛乳の日),各種,,10%引,,10/6〜10/11,10/8限り / 同じチラシ: 大村中央店・竹松店
8560041,ドラッグストアコスモス 大村幸町店,ドラッグ・コスメ,オーツカ 速筋タンパク×卵白プロテイン ウオテイン100+(大村幸町店),500g,4980,,5980,10/2〜10/15,期間限定 / 同じチラシ: 大村店・宮小路店
8560041,ドラッグストアコスモス 大村幸町店,ドラッグ・コスメ,アース製薬 プラセニタ薬用入浴液(大村幸町店),720ml,1480,,,10/2〜10/15,同じチラシ: 大村店・宮小路店
8560041,ドラッグストアコスモス 大村幸町店,食品,青森県産 まっしぐら(米)(大村幸町店),5kg,2498,,,10/2〜10/15,コスモスは全て税込価格 / 同じチラシ: 大村店・宮小路店
8560041,ドラッグストアコスモス 大村幸町店,食品,日清食品 カップヌードル(シーフード・カレー)(大村幸町店),各1個,149,,,10/2〜10/15,同じチラシ: 大村店・宮小路店
8560041,ドラッグストアコスモス 大村幸町店,食品,東洋水産 麺づくり(鶏ガラ醤油・合わせ味噌)(大村幸町店),各1個,139,,,10/2〜10/15,同じチラシ: 大村店・宮小路店
8560041,ドラッグストアコスモス 大村幸町店,食品,日清食品 どん兵衛(きつねうどん・天ぷらそば)(大村幸町店),各1個,149,,,10/2〜10/15,同じチラシ: 大村店・宮小路店
8560041,ドラッグストアコスモス 大村幸町店,食品,明星 一平ちゃん夜店の焼そば(大村幸町店),135g,159,,,10/2〜10/15,同じチラシ: 大村店・宮小路店
8560041,ドラッグストアコスモス 大村幸町店,食品,日清食品 チキンラーメン・日清焼そば・出前一丁(大村幸町店),5食パック,398,,,10/2〜10/15,同じチラシ: 大村店・宮小路店
8560041,ドラッグストアコスモス 大村幸町店,食品,キユーピー ハーフ(コスモス)(大村幸町店),400g,268,,,10/2〜10/15,同じチラシ: 大村店・宮小路店
8560041,ドラッグストアコスモス 大村幸町店,食品,カゴメ トマトケチャップ(大村幸町店),800g,318,,,10/2〜10/15,同じチラシ: 大村店・宮小路店
8560041,ドラッグストアコスモス 大村幸町店,食品,J-オイルミルズ 味の素ダブルハーフ(大村幸町店),1000g,368,,,10/2〜10/15,同じチラシ: 大村店・宮小路店
8560041,ドラッグストアコスモス 大村幸町店,食品,J-オイルミルズ 味の素エクストラバージンオリーブオイル(大村幸町店),600g,898,,,10/2〜10/15,同じチラシ: 大村店・宮小路店
8560041,ドラッグストアコスモス 大村幸町店,食品,キユーピー 深煎りごまドレッシング(大村幸町店),380ml,328,,,10/2〜10/15,同じチラシ: 大村店・宮小路店
8560041,ドラッグストアコスモス 大村幸町店,食品,ニッスイ 焼さけあらほぐし(大村幸町店),45g×2個パック,398,,,10/2〜10/15,同じチラシ: 大村店・宮小路店
8560041,ドラッグストアコスモス 大村幸町店,食品,ハウス食品 完熟トマトのハヤシライスソース(大村幸町店),10皿分,288,,,10/2〜10/15,同じチラシ: 大村店・宮小路店
8560041,ドラッグストアコスモス 大村幸町店,食品,奥本製粉 から揚げ粉(水溶きタイプ・まぶしタイプ)(大村幸町店),各100g,88,,,10/2〜10/15,同じチラシ: 大村店・宮小路店
8560041,ドラッグストアコスモス 大村幸町店,食品,東洋水産 トレーワンタン(旨み醤油味・鶏だし旨味しお味)(大村幸町店),各種,119,,,10/2〜10/15,同じチラシ: 大村店・宮小路店
8560041,ドラッグストアコスモス 大村幸町店,食品,はごろもフーズ シーチキンマイルド(大村幸町店),70g×3缶,398,,,10/2〜10/15,同じチラシ: 大村店・宮小路店
8560041,ドラッグストアコスモス 大村幸町店,食品,丸美屋 のりたま大袋(大村幸町店),52g,199,,,10/2〜10/15,同じチラシ: 大村店・宮小路店
8560041,ドラッグストアコスモス 大村幸町店,食品,丸大食品 ビストロ倶楽部カレー(甘口・中辛)(大村幸町店),170g×3袋,268,,,10/2〜10/15,同じチラシ: 大村店・宮小路店
8560041,ドラッグストアコスモス 大村幸町店,食品,日清製粉ウェルナ マ・マー マカロニグラタンセット ホワイトソース用(大村幸町店),2人前,109,,,10/2〜10/15,同じチラシ: 大村店・宮小路店
8560041,ドラッグストアコスモス 大村幸町店,食品,はごろもフーズ ポポロスパ(7分結束・5分結束)(大村幸町店),700g,258,,,10/2〜10/15,同じチラシ: 大村店・宮小路店
8560041,ドラッグストアコスモス 大村幸町店,食品,極洋 さば水煮・さばみそ煮(大村幸町店),各160g,178,,,10/2〜10/15,同じチラシ: 大村店・宮小路店
8560041,ドラッグストアコスモス 大村幸町店,食品,ポッカサッポロ ポッカレモン100(大村幸町店),450ml,398,,,10/2〜10/15,同じチラシ: 大村店・宮小路店
8560041,ドラッグストアコスモス 大村幸町店,食品,日清シスコ ごろグラ チョコナッツ(大村幸町店),280g,428,,,10/2〜10/15,同じチラシ: 大村店・宮小路店
8560041,ドラッグストアコスモス 大村幸町店,食品,アサヒ 匠屋 濃い茶(大村幸町店),2L,129,,,10/2〜10/15,同じチラシ: 大村店・宮小路店
8560041,ドラッグストアコスモス 大村幸町店,食品,伊藤園 お〜いお茶 ピュアグリーン(大村幸町店),2L,139,,,10/2〜10/15,同じチラシ: 大村店・宮小路店
8560041,ドラッグストアコスモス 大村幸町店,食品,アサヒ 三ツ矢 ウルトラストロングレモン(大村幸町店),1.5L,179,,,10/2〜10/15,同じチラシ: 大村店・宮小路店
8560041,ドラッグストアコスモス 大村幸町店,食品,アサヒ ぐんぐんグルト・カルピスソーダ(大村幸町店),各1.5L,169,,,10/2〜10/15,同じチラシ: 大村店・宮小路店
8560041,ドラッグストアコスモス 大村幸町店,食品,コカ・コーラ い・ろ・は・す 天然水(大村幸町店),2L,89,,,10/2〜10/15,同じチラシ: 大村店・宮小路店
8560041,ドラッグストアコスモス 大村幸町店,食品,キリンビバレッジ ファイア(ブラック・挽きたて微糖)(大村幸町店),185g×6本,328,,,10/2〜10/15,同じチラシ: 大村店・宮小路店
8560041,ドラッグストアコスモス 大村幸町店,食品,ネスレ日本 エクセラふわラテ(大村幸町店),26本,538,,,10/2〜10/15,同じチラシ: 大村店・宮小路店
8560041,ドラッグストアコスモス 大村幸町店,食品,ドトールコーヒー 香り芳ばしおいしい一杯 瓶(大村幸町店),180g,1098,,,10/2〜10/15,同じチラシ: 大村店・宮小路店
8560041,ドラッグストアコスモス 大村幸町店,食品,桃屋食品ON365 ごま豆乳鍋つゆ(大村幸町店),750g,198,,,10/2〜10/15,同じチラシ: 大村店・宮小路店
8560041,ドラッグストアコスモス 大村幸町店,食品,ダイショーON365 キムチ鍋スープ(大村幸町店),750g,198,,,10/2〜10/15,同じチラシ: 大村店・宮小路店
8560041,ドラッグストアコスモス 大村幸町店,食品,ミツカン 味ぽん(大村幸町店),800ml,358,,,10/2〜10/15,同じチラシ: 大村店・宮小路店
8560041,ドラッグストアコスモス 大村幸町店,食品,キッコーマンON365 すき焼きのたれ(大村幸町店),500ml,258,,,10/2〜10/15,同じチラシ: 大村店・宮小路店
8560041,ドラッグストアコスモス 大村幸町店,食品,ヤマキON365 うどんスープ(大村幸町店),8g×8袋,119,,,10/2〜10/15,同じチラシ: 大村店・宮小路店
8560041,ドラッグストアコスモス 大村幸町店,食品,ニチレイフーズ えびピラフ(大村幸町店),1袋,379,,,10/2〜10/15,冷凍 / 同じチラシ: 大村店・宮小路店
8560041,ドラッグストアコスモス 大村幸町店,食品,ニッスイ 大きな大きな焼きおにぎり(大村幸町店),10個,379,,,10/2〜10/15,冷凍 / 同じチラシ: 大村店・宮小路店
8560041,ドラッグストアコスモス 大村幸町店,食品,日清食品冷凍 スパ王 喫茶店のナポリタン大盛(大村幸町店),360g,179,,,10/2〜10/15,冷凍 / 同じチラシ: 大村店・宮小路店
8560041,ドラッグストアコスモス 大村幸町店,食品,ニッスイ ちゃんぽん(大村幸町店),402g,279,,,10/2〜10/15,冷凍 / 同じチラシ: 大村店・宮小路店
8560041,ドラッグストアコスモス 大村幸町店,食品,イートアンド 大阪王将 羽根つき餃子(大村幸町店),12個,169,,,10/2〜10/15,冷凍 / 同じチラシ: 大村店・宮小路店
8560041,ドラッグストアコスモス 大村幸町店,食品,味の素冷凍食品 おいしい大判羽根つき餃子(大村幸町店),28個,459,,,10/2〜10/15,冷凍 / 同じチラシ: 大村店・宮小路店
8560041,ドラッグストアコスモス 大村幸町店,食品,テーブルマーク ごっつ旨い大粒たこ焼(大村幸町店),6個(197g),279,,,10/2〜10/15,冷凍 / 同じチラシ: 大村店・宮小路店
8560041,ドラッグストアコスモス 大村幸町店,食品,ニチレイフーズ お弁当からあげチキン(大村幸町店),6個(114g),159,,,10/2〜10/15,冷凍 / 同じチラシ: 大村店・宮小路店
8560041,ドラッグストアコスモス 大村幸町店,食品,ニップン 和風スパゲッティ&ハンバーグ(大村幸町店),340g,389,,,10/2〜10/15,冷凍 / 同じチラシ: 大村店・宮小路店
8560041,ドラッグストアコスモス 大村幸町店,食品,イートアンド 大阪王将 直火炒飯と肉焼売(大村幸町店),308g,379,,,10/2〜10/15,冷凍 / 同じチラシ: 大村店・宮小路店
8560041,ドラッグストアコスモス 大村幸町店,食品,極洋 10品目のふんわり彩り揚げ(大村幸町店),5個,159,,,10/2〜10/15,冷凍 / 同じチラシ: 大村店・宮小路店
8560041,ドラッグストアコスモス 大村幸町店,食品,ニッスイ ちくわの磯辺揚げ(大村幸町店),8個,179,,,10/2〜10/15,冷凍 / 同じチラシ: 大村店・宮小路店
8560041,ドラッグストアコスモス 大村幸町店,食品,Umios ミックスピザ(大村幸町店),3枚,399,,,10/2〜10/15,冷凍 / 同じチラシ: 大村店・宮小路店
8560041,ドラッグストアコスモス 大村幸町店,食品,ハイファイブフーズ フライドポテト(大村幸町店),1kg,349,,,10/2〜10/15,冷凍 / 同じチラシ: 大村店・宮小路店
8560041,ドラッグストアコスモス 大村幸町店,食品,ニチレイフーズ 回転焼あずきあん(大村幸町店),4個,298,,,10/2〜10/15,冷凍 / 同じチラシ: 大村店・宮小路店
8560041,ドラッグストアコスモス 大村幸町店,食品,ニチレイフーズ そのまま使えるブロッコリー(大村幸町店),250g,259,,,10/2〜10/15,冷凍 / 同じチラシ: 大村店・宮小路店
8560041,ドラッグストアコスモス 大村幸町店,食品,にこにこ元気たまご(大村幸町店),10個入M〜S混合,249,,,10/2〜10/15,同じチラシ: 大村店・宮小路店
8560041,ドラッグストアコスモス 大村幸町店,食品,ヤマザキ コスモスの食パン(大村幸町店),6枚,89,,,10/2〜10/15,ご家族様3点限り / 同じチラシ: 大村店・宮小路店
8560041,ドラッグストアコスモス 大村幸町店,食品,ヤマザキ バターロール(大村幸町店),6個,109,,,10/2〜10/15,同じチラシ: 大村店・宮小路店
8560041,ドラッグストアコスモス 大村幸町店,食品,ヤマザキ チョコチップスナック(大村幸町店),7本,119,,,10/2〜10/15,同じチラシ: 大村店・宮小路店
8560041,ドラッグストアコスモス 大村幸町店,食品,ヤマザキ 安納芋蒸しケーキ(大村幸町店),1個,99,,,10/2〜10/15,同じチラシ: 大村店・宮小路店
8560041,ドラッグストアコスモス 大村幸町店,食品,リョーユー ホイップあんぱん(大村幸町店),1個,89,,,10/2〜10/15,同じチラシ: 大村店・宮小路店
8560041,ドラッグストアコスモス 大村幸町店,食品,東洋水産 ふっくらうどん(大村幸町店),3人前,108,,,10/2〜10/15,同じチラシ: 大村店・宮小路店
8560041,ドラッグストアコスモス 大村幸町店,食品,三好食品工業 煮ても焼いてもおいしい絹厚揚げ(大村幸町店),2枚入,89,,,10/2〜10/15,同じチラシ: 大村店・宮小路店
8560041,ドラッグストアコスモス 大村幸町店,食品,滝沢ハム お肉屋さんのハンバーグ デミグラスソース(大村幸町店),85g,99,,,10/2〜10/15,同じチラシ: 大村店・宮小路店
8560041,ドラッグストアコスモス 大村幸町店,食品,伊藤ハム 燻工房 ももハム切り落とし・ロースハム切り落とし(大村幸町店),各90〜95g,199,,,10/2〜10/15,同じチラシ: 大村店・宮小路店
8560041,ドラッグストアコスモス 大村幸町店,食品,美山 いちおしキムチ(大村幸町店),180g,139,,,10/2〜10/15,同じチラシ: 大村店・宮小路店
8560041,ドラッグストアコスモス 大村幸町店,食品,伊藤ハム 朝のフレッシュ生ハムロース(大村幸町店),3連,209,,,10/2〜10/15,同じチラシ: 大村店・宮小路店
8560041,ドラッグストアコスモス 大村幸町店,食品,桂和園 国産お肉の大粒焼売(大村幸町店),22g×8個,99,,,10/2〜10/15,同じチラシ: 大村店・宮小路店
8560041,ドラッグストアコスモス 大村幸町店,食品,一正蒲鉾 カニかまスティック(大村幸町店),10本入,79,,,10/2〜10/15,同じチラシ: 大村店・宮小路店
8560041,ドラッグストアコスモス 大村幸町店,食品,日本ハム シャウスライス(大村幸町店),39g×3,199,,,10/2〜10/15,同じチラシ: 大村店・宮小路店
8560041,ドラッグストアコスモス 大村幸町店,食品,プリマハム 香薫あらびきウインナー大袋(大村幸町店),480g,649,,,10/2〜10/15,同じチラシ: 大村店・宮小路店
8560041,ドラッグストアコスモス 大村幸町店,食品,伊藤園 1日分の野菜(大村幸町店),200ml,89,,,10/2〜10/15,同じチラシ: 大村店・宮小路店
8560041,ドラッグストアコスモス 大村幸町店,食品,森永乳業 トリプルヨーグルト 砂糖不使用ドリンク(大村幸町店),100g,129,,,10/2〜10/15,同じチラシ: 大村店・宮小路店
8560041,ドラッグストアコスモス 大村幸町店,食品,ヤマザキ ホイップカスタードエクレア(大村幸町店),1個,89,,,10/2〜10/15,同じチラシ: 大村店・宮小路店
8560041,ドラッグストアコスモス 大村幸町店,食品,ヤマザキ 焼きチーズスフレ(大村幸町店),1個,99,,,10/2〜10/15,同じチラシ: 大村店・宮小路店
8560041,ドラッグストアコスモス 大村幸町店,食品,アサヒ スーパードライ 350ml×6缶(大村幸町店),6缶,1038,,,10/2〜10/15,同じチラシ: 大村店・宮小路店
8560041,ドラッグストアコスモス 大村幸町店,食品,アサヒ スーパードライ 350ml×24缶(大村幸町店),1ケース,4150,,,10/2〜10/15,同じチラシ: 大村店・宮小路店
8560041,ドラッグストアコスモス 大村幸町店,食品,アサヒ アサヒゼロ(大村幸町店),350ml×6缶,858,,,10/2〜10/15,同じチラシ: 大村店・宮小路店
8560041,ドラッグストアコスモス 大村幸町店,食品,コカ・コーラ よわない檸檬堂(大村幸町店),350ml,118,,,10/2〜10/15,同じチラシ: 大村店・宮小路店
8560041,ヤマダデンキ テックランド大村店,家電,ヤマダセレクト アルカリ乾電池 単3・単4,12本/8本など各,418,,,10/10〜10/16,会員価格
8560041,ヤマダデンキ テックランド大村店,家電,バーベイタム LED電球 60形相当,1個,418,,,10/10〜10/16,
8560041,ヤマダデンキ テックランド大村店,家電,Yselect LEDシーリングライト 6畳 調光12段階,1台,3278,,,10/10〜10/16,YLLS06EN
8560041,ヤマダデンキ テックランド大村店,家電,オムロン 音波式電動歯ブラシ HTB3170,1台,5478,,,10/10〜10/16,DX価格
8560041,ヤマダデンキ テックランド大村店,家電,ブラウン シェーバー 9350CCV,1台,29480,,,10/10〜10/16,
8560041,ヤマダデンキ テックランド大村店,家電,Yselect オーブントースター YTV10P,1台,2728,,,10/10〜10/16,
8560041,ヤマダデンキ テックランド大村店,家電,Yselect グリル鍋 YHPN10F1,1台,3278,,,10/10〜10/16,
8560041,ヤマダデンキ テックランド大村店,家電,ティファール 電気ケトル 1.2L,1台,6578,,,10/10〜10/16,DX価格
8560041,ヤマダデンキ テックランド大村店,日用品,イワタニ カセットボンベ,4本パック,877,,,10/10〜10/16,
8560041,ヤマダデンキ テックランド大村店,家電,イワタニ スモークレス焼肉グリル CBSLG3,1台,7678,,,10/10〜10/16,DX価格
8560041,ヤマダデンキ テックランド大村店,家電,パナソニック 電気敷毛布 DBU13T,1台,6578,,,10/10〜10/16,DX価格・新製品
8560041,ヤマダデンキ テックランド大村店,家電,アイリスオーヤマ セラミックヒーター KCHLW121,1台,9878,,,10/10〜10/16,DX価格
8560041,ヤマダデンキ テックランド大村店,家電,タイガー マイコン炊飯ジャー 5.5合 JBHG102,1台,11880,,,10/10〜10/16,DX価格
8560041,ヤマダデンキ テックランド大村店,家電,象印 IH炊飯ジャー 5.5合 NWVT10,1台,26180,,,10/10〜10/16,
8560041,ヤマダデンキ テックランド大村店,家電,アイリスオーヤマ 電子レンジ KMBP186W,1台,12980,,,10/10〜10/16,DX価格
8560041,ヤマダデンキ テックランド大村店,家電,日立 過熱水蒸気オーブンレンジ MROS23YC,1台,32780,,,10/10〜10/16,
8560041,イオン 大村店,アパレル,Urban Smart シルキーライクトレーナー(レディス),M〜LL,2178,,,10/9〜10/12,"本体1,980円"
8560041,イオン 大村店,アパレル,メリノ素材 クルーネックセーター(レディス),M〜L2L,4378,,,10/9〜10/12,"本体3,980円"
8560041,イオン 大村店,アパレル,Urban Smart ベロアワイドパンツ(レディス),M〜L,2618,,,10/9〜10/12,"本体2,380円 アプリクーポンでさらに10%OFF"
8560041,イオン 大村店,アパレル,Urban Smart エクストラストレッチパンツ(メンズ),M〜L,2618,,,10/9〜10/12,"本体2,380円"
8560041,イオン 大村店,アパレル,Urban Smart さらっときれい見え イージーアイロンシャツ(メンズ),M〜L,2618,,,10/9〜10/12,"本体2,380円"
8560041,イオン 大村店,アパレル,AnnaLuna ニットロゴ2WAY巾着バッグ,1個,3278,,,10/9〜10/12,"本体2,980円"
8560041,イオン 大村店,日用品,スワンネル ひざ掛け,1枚,1650,,,10/9〜10/12,"本体1,500円"
8560041,イオン 大村店,日用品,HOME COORDY あたたかい洗えるフランネルラグ,185×185cm,3278,,,10/9〜10/12,"本体2,980円"
8560041,イオン 大村店,日用品,軽量毛布(シマエナガ) シングル,100×205cm,2178,,,10/9〜10/12,"本体1,980円"
8560041,イオン 大村店,アパレル,コットンシリーズ 9分袖インナー(レディス),M〜2XL,1078,,,10/9〜10/12,本体980円
8560041,イオン 大村店,アパレル,new balance DYNASOFT NB SAMPHER MEN V1(メンズ),25.0〜28.0cm,8690,,,10/9〜10/12,"本体7,900円"
8560041,イオン 大村店,アパレル,SKECHERS SWIFT FIT ROSEATE(レディス),23.0〜24.5cm,9350,,,10/9〜10/12,"本体8,500円"
8560041,イオン 大村店,食品,ハーゲンダッツ ミニカップ 各種,1個,289,,,10/9〜10/12,iAEONクーポンで40円引
8560041,イオン 大村店,食品,マルちゃん正麺 各種,5食,387,,,10/9〜10/12,iAEONクーポンで50円引
8560041,イオン 大村店,食品,伊藤園 お〜いお茶 緑茶 1ケース(イオン),1ケース,2273,,,10/9〜10/12,iAEONクーポンで600円引
8560041,イオン 大村店,食品,サントリー天然水 1ケース,1ケース,2273,,,10/9〜10/12,iAEONクーポンで600円引
8560041,イオン 大村店,食品,牛肉(交雑種) 切り落し焼肉用(かた・かたロース),100g,538,,,10/9〜10/12,10/10お10くデー
8560041,イオン 大村店,食品,焼き上げハンバーグ,1パック,322,,,10/9〜10/12,10/10お10くデー
8560041,イオン 大村店,食品,生本まぐろ中とろ(養殖) 刺身用,100g,1058,,,10/9〜10/12,10/10限り
8560041,イオン 大村店,食品,スペイン産 イベリコ豚ばら しゃぶしゃぶ用(解凍),260g,626,,,10/9〜10/12,本体580円
8560041,イオン 大村店,食品,国産 若どり手羽もと(イオン),100g,84,,,10/9〜10/12,本体78円
8560041,イオン 大村店,食品,さつまいも(イオン),1本,106,,,10/9〜10/12,本体98円
8560041,イオン 大村店,食品,熊本県産 森のくまさん,5kg,2570,,,10/9〜10/12,10/10・11 お米の日
8560041,イオン 大村店,食品,元気づくし,5kg,2462,,,10/9〜10/12,10/10・11 お米の日
8560041,イオン 大村店,食品,牛肉(交雑種) ももステーキ用,100g,538,,,10/9〜10/12,10/11限り
8560041,イオン 大村店,食品,長崎ちゃんぽん・博多長浜ラーメン・九州産高菜ラーメン(カップ),1個,127,,,10/9〜10/12,10/12限り
8560041,イオン 大村店,日用品,花王 キュキュット 詰替,1袋,300,,,10/9〜10/12,本体278円
8560041,ゆめマート 新大村店,食品,刺身用炭火焼 かつおたたき,100g,215,,,10/9〜10/13,
8560041,ゆめマート 新大村店,食品,ニュージーランド産 サンゴールドキウイ,1玉,106,,,10/9〜10/13,先着300名様・お一人様1点限り
8560041,ゆめマート 新大村店,食品,フランソア さっくりサトちゃん・板チョコクロワッサンほか,各1袋,117,,,10/9〜10/13,
8560041,ゆめマート 新大村店,食品,ジョージア 深み焙煎贅沢ブラック,950ml,106,,,10/9〜10/13,
8560041,ゆめマート 新大村店,食品,国産牛モモブロック,100g,539,,,10/9〜10/13,
8560041,ゆめマート 新大村店,食品,森永 ザ・クレープ,1個,150,,,10/9〜10/13,
8560041,ゆめマート 新大村店,食品,福岡県産 ほうれん草,1束,139,,,10/9〜10/13,先着300名様
8560041,ゆめマート 新大村店,食品,フィリピン産 バナナ,1房,322,,,10/9〜10/13,先着200名様
8560041,ゆめマート 新大村店,食品,国産和牛切り落とし(5等級),100g,431,,,10/9〜10/13,
8560041,ゆめマート 新大村店,食品,蓬莱 豚まん,3個入,463,,,10/9〜10/13,
8560041,ゆめマート 新大村店,食品,ミツカン 味ぽん(ゆめマート),500ml,214,,,10/9〜10/13,先着200名様
8560041,ゆめマート 新大村店,食品,ノルウェー産 刺身用生サーモントラウト メガ盛りブロック,100g,539,,,10/9〜10/13,
8560041,ゆめマート 新大村店,食品,長崎県産 白ねぎ,1束,139,,,10/9〜10/13,先着200名様
8560041,ゆめマート 新大村店,食品,ヤマザキ ランチパック各種,1個,106,,,10/9〜10/13,
8560041,ゆめマート 新大村店,食品,ハウス シチューミクス クリーム・濃厚仕立て,170g,301,,,10/9〜10/13,
8560041,ゆめマート 新大村店,食品,とろ縞ほっけ開き干し,1枚,431,,,10/9〜10/13,
8560041,ゆめマート 新大村店,食品,国産若鶏モモ肉(ゆめマート),100g,107,,,10/9〜10/13,
8560041,ゆめマート 新大村店,食品,丸美屋 パワーキッズ,1個,106,,,10/9〜10/13,
8560041,ユニクロ 大村松並店,アパレル,メリノウールカーディガン(WOMEN・MEN),1枚,2990,,,10/9〜10/15,特別価格 10/15まで
8560041,ユニクロ 大村松並店,アパレル,カシミヤクルーネックセーター,1枚,10900,,,10/9〜10/15,
8560041,ユニクロ 大村松並店,アパレル,メリノクルーネックセーター(WOMEN・MEN),1枚,3990,,,10/9〜10/15,
8560041,ユニクロ 大村松並店,アパレル,スムースコットンフルジップカーディガン,1枚,3990,,,10/9〜10/15,
8560041,ユニクロ 大村松並店,アパレル,UNIQLO:C クルーネックセーター,1枚,3990,,,10/9〜10/15,
8560041,ユニクロ 大村松並店,アパレル,ポロセーター,1枚,2990,,,10/9〜10/15,値下げ
8560041,ユニクロ 大村松並店,アパレル,バギーバレルレッグジーンズ・バギージーンズ,1本,3990,,,10/9〜10/15,特別価格 10/15まで
8560041,ユニクロ 大村松並店,アパレル,EZYジーンズ,1本,4990,,,10/9〜10/15,
8560041,ユニクロ 大村松並店,アパレル,スマートパンツ イージー,1本,3990,,,10/9〜10/15,
8560041,ユニクロ 大村松並店,アパレル,コーデュロイイージーアンクルパンツ,1本,2990,,,10/9〜10/15,値下げ
8560041,ユニクロ 大村松並店,アパレル,ジップアップショートジャケット,1着,3990,,,10/9〜10/15,特別価格 10/15まで
8560041,ユニクロ 大村松並店,アパレル,カバーオール,1着,4990,,,10/9〜10/15,値下げ
8560041,ユニクロ 大村松並店,アパレル,パフテックジャケット,1着,6990,,,10/9〜10/15,
8560041,ユニクロ 大村松並店,アパレル,ウィンドプルーフスタンドブルゾン,1着,5990,,,10/9〜10/15,
8560041,ユニクロ 大村松並店,アパレル,UNIQLO:C スウェットハーフジッププルオーバー,1枚,3990,,,10/9〜10/15,WOMEN
8560041,ユニクロ 大村松並店,アパレル,UNIQLO:C オーバーサイズスウェットシャツ,1枚,3990,,,10/9〜10/15,
8560041,ユニクロ 大村松並店,アパレル,UNIQLO:C オーバーサイズプルパーカ,1枚,3990,,,10/9〜10/15,
8560041,ユニクロ 大村松並店,アパレル,スウェットフルジップパーカ,1枚,3990,,,10/9〜10/15,特別価格 10/15まで
8560041,ユニクロ 大村松並店,アパレル,ハーフボタンプルオーバー,1枚,1990,,,10/9〜10/15,値下げ
8560041,ユニクロ 大村松並店,アパレル,UNIQLO:C スウェットパンツ(ストレート・ワイド),1本,2990,,,10/9〜10/15,特別価格 10/15まで
8560041,ユニクロ 大村松並店,アパレル,スウェットシャツ,1枚,3990,,,10/9〜10/15,
8560041,トライアル 大村店,ドラッグ・コスメ,コーセーコスメポート ジュレーム 大容量詰替 各種,680ml,877,,,10/1〜10/31,本体798円。月間チラシ(ヘルス&ビューティー/生活消耗 今月のおすすめ品)
8560041,トライアル 大村店,ドラッグ・コスメ,ヘンケル サイオス オレオクリーム 各種,50g+50g,877,,,10/1〜10/31,本体798円。月間チラシ(ヘルス&ビューティー/生活消耗 今月のおすすめ品)
8560041,トライアル 大村店,ドラッグ・コスメ,アドリックス ビューティーチャージ 各種,80g,470,,,10/1〜10/31,本体428円。月間チラシ(ヘルス&ビューティー/生活消耗 今月のおすすめ品)
8560041,トライアル 大村店,日用品,ライオン NANOX one ウルトラジャンボ詰替 洗浄プラス・ニオイ専用,"1,530g",1518,,,10/1〜10/31,"本体1,380円。月間チラシ(ヘルス&ビューティー/生活消耗 今月のおすすめ品)"
8560041,トライアル 大村店,日用品,ライオン NANOX one ウルトラジャンボ詰替 Pro,"1,400g",1628,,,10/1〜10/31,"本体1,480円。月間チラシ(ヘルス&ビューティー/生活消耗 今月のおすすめ品)"
8560041,トライアル 大村店,日用品,P&G レノアハピネス ミスト本体 各種,370ml,382,,,10/1〜10/31,本体348円。月間チラシ(ヘルス&ビューティー/生活消耗 今月のおすすめ品)
8560041,トライアル 大村店,日用品,ファブリックミスト KOGANE FUWARI,370ml,547,,,10/1〜10/31,本体498円。数量限定。月間チラシ(ヘルス&ビューティー/生活消耗 今月のおすすめ品)
8560041,トライアル 大村店,日用品,衣料洗剤 KOGANE FUWARI,"1,200g",437,,,10/1〜10/31,本体398円。数量限定。月間チラシ(ヘルス&ビューティー/生活消耗 今月のおすすめ品)
8560041,トライアル 大村店,日用品,トイレ用消臭芳香剤・室内用置き型芳香剤 こがねふわり,各400ml,217,,,10/1〜10/31,本体198円。数量限定。月間チラシ(ヘルス&ビューティー/生活消耗 今月のおすすめ品)
8560041,トライアル 大村店,日用品,リードディフューザー こがねふわり,90ml,550,,,10/1〜10/31,本体500円。数量限定。月間チラシ(ヘルス&ビューティー/生活消耗 今月のおすすめ品)
8560041,トライアル 大村店,日用品,秋の香りフレグランスゲル アソートセット,60g×2,440,,,10/1〜10/31,本体400円。数量限定。月間チラシ(ヘルス&ビューティー/生活消耗 今月のおすすめ品)
8560041,トライアル 大村店,日用品,トライアル フリーザーバッグ 各種,1個,217,,,10/1〜10/31,本体198円。月間チラシ(ヘルス&ビューティー/生活消耗 今月のおすすめ品)
8560041,トライアル 大村店,日用品,TRB 2倍巻きパルプトイレット(50m12RW・100m12RS),12ロール,657,,,10/1〜10/31,本体598円。月間チラシ(ヘルス&ビューティー/生活消耗 今月のおすすめ品)
8560041,トライアル 大村店,日用品,TRB ソフトパックティッシュ 10パック,150組×10,360,,,10/1〜10/31,本体328円。月間チラシ(ヘルス&ビューティー/生活消耗 今月のおすすめ品)
8560041,トライアル 大村店,日用品,TRB ソフトパックティッシュ 5パック,150組×5,184,,,10/1〜10/31,本体168円。月間チラシ(ヘルス&ビューティー/生活消耗 今月のおすすめ品)
8560041,トライアル 大村店,日用品,ムーニーマシュマロ肌ごこち・モレ安心・ムーニーマン 各種,1パック,1515,,,10/1〜10/31,"本体1,378円。ユニ・チャーム。月間チラシ(ヘルス&ビューティー/生活消耗 今月のおすすめ品)"
8560041,トライアル 大村店,ドラッグ・コスメ,オフテクス クリアデュー ハイドロワンステップ,28錠,1427,,,10/1〜10/31,"本体1,298円。月間チラシ(ヘルス&ビューティー/生活消耗 今月のおすすめ品)"
8560041,トライアル 大村店,ドラッグ・コスメ,小林製薬 サラサーティコットン100 各種,112枚,547,,,10/1〜10/31,本体498円。月間チラシ(ヘルス&ビューティー/生活消耗 今月のおすすめ品)
8560041,マルキョウ 大村松並店,食品,エバラ プチっと鍋 各種(マルキョウ 大村松並店),1袋,268,,,10/7〜10/13,大感謝祭 7日間の品 / 同じチラシ: 久山台店
8560041,マルキョウ 大村松並店,食品,味の素 鍋キューブ 各種(マルキョウ 大村松並店),1袋,268,,,10/7〜10/13,大感謝祭 7日間の品 / 同じチラシ: 久山台店
8560041,マルキョウ 大村松並店,食品,白菜 1/4カット(長野県産)(マルキョウ 大村松並店),1/4個,214,,,10/7〜10/13,大感謝祭 7日間の品 / 同じチラシ: 久山台店
8560041,マルキョウ 大村松並店,食品,水菜(福岡県産)(マルキョウ 大村松並店),1袋,171,,,10/7〜10/13,大感謝祭 7日間の品 / 同じチラシ: 久山台店
8560041,マルキョウ 大村松並店,食品,白ネギ(北海道産他)(マルキョウ 大村松並店),1束,268,,,10/7〜10/13,大感謝祭 7日間の品 / 同じチラシ: 久山台店
8560041,マルキョウ 大村松並店,食品,博多ぶなしめじ(福岡県産)(マルキョウ 大村松並店),1袋,128,,,10/7〜10/13,大感謝祭 7日間の品 / 同じチラシ: 久山台店
8560041,マルキョウ 大村松並店,食品,養殖ぶり切身(マルキョウ 大村松並店),100g,538,,,10/7〜10/13,大感謝祭 7日間の品。100g当り / 同じチラシ: 久山台店
8560041,マルキョウ 大村松並店,食品,解凍 骨取り赤魚フィーレ(マルキョウ 大村松並店),2枚,430,,,10/7〜10/13,大感謝祭 7日間の品 / 同じチラシ: 久山台店
8560041,マルキョウ 大村松並店,食品,無頭バナメイエビ メガパック(マルキョウ 大村松並店),100g,182,,,10/7〜10/13,大感謝祭 7日間の品。100g当り / 同じチラシ: 久山台店
8560041,マルキョウ 大村松並店,食品,ボイルホタテ(マルキョウ 大村松並店),100g,322,,,10/7〜10/13,大感謝祭 7日間の品。100g当り / 同じチラシ: 久山台店
8560041,マルキョウ 大村松並店,食品,国産若鶏むね肉切り身 鍋物用(マルキョウ 大村松並店),100g,117,,,10/7〜10/13,大感謝祭 7日間の品。100g当り / 同じチラシ: 久山台店
8560041,マルキョウ 大村松並店,食品,国産豚もも切り落とし 鍋物用(マルキョウ 大村松並店),100g,150,,,10/7〜10/13,大感謝祭 7日間の品。100g当り / 同じチラシ: 久山台店
8560041,マルキョウ 大村松並店,食品,濃厚もっちり 絹厚揚げ(マルキョウ 大村松並店),1パック,108,,,10/7〜10/13,大感謝祭 7日間の品 / 同じチラシ: 久山台店
8560041,マルキョウ 大村松並店,食品,生芋板こんにゃく・糸こんにゃく 各種(マルキョウ 大村松並店),1袋,108,,,10/7〜10/13,大感謝祭 7日間の品 / 同じチラシ: 久山台店
8560041,マルキョウ 大村松並店,食品,九州大地のちゃんぽん(マルキョウ 大村松並店),1袋,139,,,10/7〜10/13,大感謝祭 7日間の品。めん食 / 同じチラシ: 久山台店
8560041,マルキョウ 大村松並店,食品,マロニーちゃん(マルキョウ 大村松並店),180g,247,,,10/7〜10/13,大感謝祭 7日間の品 / 同じチラシ: 久山台店
8560041,マルキョウ 大村松並店,食品,白鶴 料理の日本酒(マルキョウ 大村松並店),1800ml,922,,,10/7〜10/13,大感謝祭 7日間の品 / 同じチラシ: 久山台店
8560041,マルキョウ 大村松並店,食品,サントリー 翠ジンソーダ(マルキョウ 大村松並店),350ml×6缶,977,,,10/7〜10/13,大感謝祭 7日間の品。20歳未満の飲酒は法律で禁止されています / 同じチラシ: 久山台店
8560041,マルキョウ 大村松並店,食品,秋映りんご 大玉(長野県産)(マルキョウ 大村松並店),1玉,171,,,10/7〜10/13,大感謝祭 7日間の品 / 同じチラシ: 久山台店
8560041,マルキョウ 大村松並店,食品,柿 早秋(福岡県産)(マルキョウ 大村松並店),4玉入り1パック,518,,,10/7〜10/13,大感謝祭 7日間の品 / 同じチラシ: 久山台店
8560041,マルキョウ 大村松並店,食品,日清オイリオ ヘルシーごま香油(マルキョウ 大村松並店),130g,214,,,10/7〜10/13,大感謝祭 7日間の品 / 同じチラシ: 久山台店
8560041,マルキョウ 大村松並店,食品,デルモンテ 基本の完熟トマトソース(マルキョウ 大村松並店),295g,182,,,10/7〜10/13,大感謝祭 7日間の品 / 同じチラシ: 久山台店
8560041,マルキョウ 大村松並店,食品,ヤマサ 昆布つゆ(マルキョウ 大村松並店),500ml,193,,,10/7〜10/13,大感謝祭 7日間の品 / 同じチラシ: 久山台店
8560041,マルキョウ 大村松並店,食品,カルビー かっぱえびせん(マルキョウ 大村松並店),1袋,108,,,10/7〜10/13,大感謝祭 7日間の品 / 同じチラシ: 久山台店
8560041,マルキョウ 大村松並店,食品,不二家 ハートチョコレート ピーナッツ(マルキョウ 大村松並店),1袋,247,,,10/7〜10/13,大感謝祭 7日間の品 / 同じチラシ: 久山台店
8560041,マルキョウ 大村松並店,食品,グリコ 冬のくちどけポッキー(マルキョウ 大村松並店),1箱,214,,,10/7〜10/13,大感謝祭 7日間の品 / 同じチラシ: 久山台店
8560041,マルキョウ 大村松並店,食品,さつまいも べにはるか・安納芋・シルクスイート(種子島産) 各種(マルキョウ 大村松並店),1袋,538,,,10/7〜10/13,大感謝祭 7日間の品 / 同じチラシ: 久山台店
8560041,マルキョウ 大村松並店,食品,プレミアムW焙煎胡麻ドレッシング(マルキョウ 大村松並店),1L,696,,,10/7〜10/13,大感謝祭 7日間の品 / 同じチラシ: 久山台店
8560041,マルキョウ 大村松並店,食品,白藤 美浜の里えびうす焼(マルキョウ 大村松並店),30枚入,538,,,10/7〜10/13,大感謝祭 7日間の品 / 同じチラシ: 久山台店
8560041,マルキョウ 大村松並店,食品,平川 美味しいとうふ 各種(マルキョウ 大村松並店),1個,214,,,10/7〜10/13,大感謝祭 7日間の品 / 同じチラシ: 久山台店
8560041,マルキョウ 大村松並店,食品,だいやめ 25度(マルキョウ 大村松並店),900ml,1373,,,10/7〜10/13,大感謝祭 7日間の品。焼酎 / 同じチラシ: 久山台店
8560041,ワークマンプラス 大村店,アパレル,XShelter快適断熱Σ 撥水テックフーディ,1着,3990,,,9/30〜3/31,XShelter快適断熱Σ カタログ掲載価格
8560041,ワークマンプラス 大村店,アパレル,XShelter快適断熱Σ テックジャケット,1着,3990,,,9/30〜3/31,XShelter快適断熱Σ カタログ掲載価格
8560041,ワークマンプラス 大村店,アパレル,XShelter快適断熱Σ テックベスト,1着,2990,,,9/30〜3/31,XShelter快適断熱Σ カタログ掲載価格
8560041,ワークマンプラス 大村店,アパレル,XShelter快適断熱Σ テックカーゴパンツ,1本,2990,,,9/30〜3/31,XShelter快適断熱Σ カタログ掲載価格
8560041,ワークマンプラス 大村店,アパレル,XShelter快適断熱Σ テック2Bジャケット,1着,3990,,,9/30〜3/31,XShelter快適断熱Σ カタログ掲載価格
8560041,ワークマンプラス 大村店,アパレル,XShelter快適断熱Σ スラックス,1本,2990,,,9/30〜3/31,XShelter快適断熱Σ カタログ掲載価格
8560041,ワークマンプラス 大村店,アパレル,XShelter快適断熱Σ テック長袖シャツ,1枚,2990,,,9/30〜3/31,XShelter快適断熱Σ カタログ掲載価格
8560041,ワークマンプラス 大村店,アパレル,XShelter快適断熱Σ テックカーディガン,1枚,2990,,,9/30〜3/31,XShelter快適断熱Σ カタログ掲載価格
8560041,ワークマンプラス 大村店,アパレル,XShelter快適断熱Σ 撥水テックフードジャケット(レディース),1着,3990,,,9/30〜3/31,XShelter快適断熱Σ カタログ掲載価格
8560041,ワークマンプラス 大村店,アパレル,XShelter快適断熱Σ ポンチョ,1枚,2500,,,9/30〜3/31,XShelter快適断熱Σ カタログ掲載価格
8560041,ワークマンプラス 大村店,アパレル,XShelter快適断熱Σ キャップ,1個,1280,,,9/30〜3/31,XShelter快適断熱Σ カタログ掲載価格
8560041,ワークマンプラス 大村店,アパレル,XShelter快適断熱Σ ハット シェード付き,1個,1780,,,9/30〜3/31,XShelter快適断熱Σ カタログ掲載価格
8560041,ワークマンプラス 大村店,アパレル,XShelter快適断熱Σ アクティブグローブ,1双,1500,,,9/30〜3/31,XShelter快適断熱Σ カタログ掲載価格
8560041,かとりストア 原口店,食品,たこ焼き(かとりストア),1パック,324,,,10/9〜10/11,
8560041,かとりストア 原口店,食品,お好み焼き(かとりストア),1パック,429,,,10/9〜10/11,
8560041,かとりストア 原口店,食品,おでん(かとりストア),1パック,518,,,10/9〜10/11,
8560041,かとりストア 原口店,食品,群馬県産 キャベツ,1/2カット,183,,,10/9〜10/11,
8560041,かとりストア 原口店,食品,北海道産 長いも,100g,95,,,10/9〜10/11,
8560041,かとりストア 原口店,食品,北海道産 だいこん,1/2カット,138,,,10/9〜10/11,
8560041,かとりストア 原口店,食品,地中海産 本まぐろブロック(中トロ),100g,1490,,,10/9〜10/11,
8560041,かとりストア 原口店,食品,インド洋産 びんちょうマグロブロック,100g,429,,,10/9〜10/11,
8560041,かとりストア 原口店,食品,シーフードミックス(かとりストア),1パック(160g),429,,,10/9〜10/11,
8560041,かとりストア 原口店,食品,宮崎県産 桜姫若鶏手羽元,100g,88,,,10/9〜10/11,
8560041,かとりストア 原口店,食品,長崎県産 豚バラブロック,100g,213,,,10/9〜10/11,
8560041,かとりストア 原口店,食品,国内産 若鶏もも肉(2枚入),100g,116,,,10/9〜10/11,
8560041,かとりストア 原口店,食品,カットだこ,1パック,594,,,10/9〜10/11,
8560041,ダイレックス 大村店,食品,ノルウェー産 赤魚フィーレ(解凍),1パック,410,,,10/7〜10/11,10/8(木)限り / 同じチラシ: 西諫早店
8560041,ダイレックス 大村店,食品,刺身盛合せ(3品盛),1パック,518,,,10/7〜10/11,10/8限り / 同じチラシ: 西諫早店
8560041,ダイレックス 大村店,食品,お魚屋さんの握り盛合せ(8貫),1パック,518,,,10/7〜10/11,10/8限り / 同じチラシ: 西諫早店
8560041,ダイレックス 大村店,食品,冷めても旨い!シューストリングポテト,100g当り,108,,,10/7〜10/11,10/8限り / 同じチラシ: 西諫早店
8560041,ダイレックス 大村店,食品,6種具材の海老天丼,1パック,408,,,10/7〜10/11,10/8限り / 同じチラシ: 西諫早店
8560041,ダイレックス 大村店,食品,お魚屋さんの握り盛合せ(12貫),1パック,810,,,10/7〜10/11,10/9限り / 同じチラシ: 西諫早店
8560041,ダイレックス 大村店,食品,長崎県産 活真鯛刺身用ブロック(養殖),100g当り,537,,,10/7〜10/11,10/9限り / 同じチラシ: 西諫早店
8560041,ダイレックス 大村店,食品,アメリカ産 スケソウダラ切身(解凍),100g当り,138,,,10/7〜10/11,10/9限り / 同じチラシ: 西諫早店
8560041,ダイレックス 大村店,食品,昔ながらのおやつコロッケ,4個入1パック,181,,,10/7〜10/11,10/9限り / 同じチラシ: 西諫早店
8560041,ダイレックス 大村店,食品,まごころ特のり弁,1パック,408,,,10/7〜10/11,10/9限り / 同じチラシ: 西諫早店
8560041,ダイレックス 大村店,食品,刺身盛合せ(5品盛),1パック,734,,,10/7〜10/11,10/10・11限り / 同じチラシ: 西諫早店
8560041,ダイレックス 大村店,食品,お魚屋さんの握り盛合せ(16貫),1パック,950,,,10/7〜10/11,10/10・11限り / 同じチラシ: 西諫早店
8560041,ダイレックス 大村店,食品,チリ産 銀鮭切身(養殖・解凍),100g当り,257,,,10/7〜10/11,10/10・11限り / 同じチラシ: 西諫早店
8560041,ダイレックス 大村店,食品,たこ焼き(12個入),1パック,537,,,10/7〜10/11,10/10・11限り / 同じチラシ: 西諫早店
8560041,ダイレックス 大村店,食品,頑固唐揚げ,100g当り,192,,,10/7〜10/11,10/10・11限り / 同じチラシ: 西諫早店
8560041,業務スーパー 大村店,食品,エスビー 特製シチュー(クリーム・ビーフ)・特製ハヤシ,各140〜150g,149,,,10/1〜10/31,総力祭
8560041,業務スーパー 大村店,食品,日清食品 チキンラーメン・出前一丁・日清焼そば,各5食入,419,,,10/1〜10/31,
8560041,業務スーパー 大村店,食品,日清食品 あっさりおだしがおいしいどん兵衛(きざみ揚げうどん・肉だしうどん・揚げ玉そば),各1個,117,,,10/1〜10/31,
8560041,業務スーパー 大村店,食品,ネスレ キットカット,各10枚入,297,,,10/1〜10/31,
8560041,業務スーパー 大村店,食品,ロッテ 小さなチョコパイ・小さなチョコパイ濃厚仕立て,各8個入,214,,,10/1〜10/31,
8560041,業務スーパー 大村店,食品,味の素AGF ブレンディスティック(カフェオレ・紅茶オレほか),各24本入,570,,,10/1〜10/31,
8560041,業務スーパー 大村店,食品,北嘉水産 シーフードミックス,NET300g,397,,,10/1〜10/31,冷凍
8560041,業務スーパー 大村店,食品,ムラカワ ブレンドチーズ,400g,495,,,10/1〜10/31,
8560041,業務スーパー 大村店,食品,丸大食品 ロースハム・ハーフベーコン,各4パック,192,,,10/1〜10/31,
8560041,業務スーパー 大村店,食品,カルビー マイグラ,670g,527,,,10/1〜10/31,
8560041,業務スーパー 大村店,食品,ぼんち揚・ピーナツあげ・ボンスケのり,各種,84,,,10/1〜10/31,
8560041,業務スーパー 大村店,食品,デルモンテ トマトケチャップ(業務スーパー),760g,279,,,10/1〜10/31,
8560041,業務スーパー 大村店,食品,日清製粉ウェルナ スパゲティ(ナポリタン・ミートソース・カルボナーラ・和風醤油),各300g,149,,,10/1〜10/31,冷凍
8560041,業務スーパー 大村店,食品,ポムフード オムライス専門店こだわりの味オムライス,250g,203,,,10/1〜10/31,冷凍
8560041,業務スーパー 大村店,食品,日本丸天醤油 料亭鍋のゆずぽん酢,360ml,214,,,10/1〜10/31,
8560041,業務スーパー 大村店,食品,シマヤ かつおだし顆粒,500g×2袋入,581,,,10/1〜10/31,
8560041,業務スーパー 大村店,食品,日清オイリオ ヘルシーごま香油,800g,808,,,10/1〜10/31,
8560041,業務スーパー 大村店,食品,イカリソース ウスターソース・とんかつソース・関西あまからソース,各500ml・500g,181,,,10/1〜10/31,
8560041,業務スーパー 大村店,食品,ニップン 薄力粉,1kg,171,,,10/1〜10/31,
8560041,業務スーパー 大村店,食品,オーバーシーズ シャトー・ラ・グランジュ・デオレアン,750ml,592,,,10/1〜10/31,
8560041,業務スーパー 大村店,食品,柏露酒造 柏露 純米大吟醸,720ml,1188,,,10/1〜10/31,
8560041,業務スーパー 大村店,食品,カルビー ポテトチップス ザ厚切りのためのうすしお味・コンソメ味,各55g,95,,,10/1〜10/31,
8560041,業務スーパー 大村店,食品,コカ・コーラ 綾鷹・綾鷹濃い緑茶,各650ml,80,,,10/1〜10/31,
8560041,業務スーパー 大村店,食品,コカ・コーラ ジョージア深み焙煎,各950ml,106,,,10/1〜10/31,
8560041,業務スーパー 大村店,食品,一正蒲鉾 サラダスティック,10本入,84,,,10/1〜10/31,
8560041,業務スーパー 大村店,食品,明治 ブルガリアヨーグルト(いちご・アロエ・ブルーベリー・ミックス),各70g×4P,167,,,10/1〜10/31,
8560041,業務スーパー 大村店,食品,ムラカワ JUCOVIA 業務用スライスチーズ,各15g×15枚入,289,,,10/1〜10/31,
8560041,業務スーパー 大村店,食品,味の素 コンソメ顆粒(業務用),1袋,106,,,10/1〜10/31,
8560041,業務スーパー 大村店,食品,ヤマモリ 地鶏釜めしの素・九州かしわめし,各1個,171,,,10/1〜10/31,
8560041,業務スーパー 大村店,食品,マルコメ プロ用だし入りみそ,950g,257,,,10/1〜10/31,
8560041,業務スーパー 大村店,食品,ヤマキ 割烹白だし,1L,408,,,10/1〜10/31,
8560041,業務スーパー 大村店,食品,マロニー,500g,516,,,10/1〜10/31,
8560041,業務スーパー 大村店,食品,ウーケ 特盛ごはん,300g×3P,527,,,10/1〜10/31,
8560041,業務スーパー 大村店,ドラッグ・コスメ,WEFレンディング 使い捨てマスク ふつうサイズ,50枚入,218,,,10/1〜10/31,
8560041,業務スーパー 大村店,食品,明治 アンパンマンのりんごやさい・ぶどうりんご・ヨーグルトジュース,各125ml×3P,171,,,10/1〜10/31,
8560041,業務スーパー 大村店,食品,プリマハム 香薫ウインナー,284g,376,,,10/1〜10/31,
8560041,業務スーパー 大村店,食品,もちもちプチたい焼き(チョコ・抹茶餡),各10個入,322,,,10/1〜10/31,冷凍
8560041,業務スーパー 大村店,食品,TORIZEN ミートボール,1kg,354,,,10/1〜10/31,冷凍
8560041,業務スーパー 大村店,食品,ノースイ 焼上ハンバーグ,8個入,408,,,10/1〜10/31,冷凍
8560041,業務スーパー 大村店,食品,水晶 定塩銀鮭切身,250g,624,,,10/1〜10/31,冷凍
8560041,業務スーパー 大村店,食品,佐藤食肉 国産豚切り落とし,500g,635,,,10/1〜10/31,冷凍
8560041,しまむら 大村北店,アパレル,しまむら ワンピース・キャラクターTシャツ・ショルダーバッグ(10/8日替り),各1点,770,,,10/7〜10/12,10/8限定・1商品につきお1人様2点限り
8560041,しまむら 大村北店,アパレル,しまむら デニムコクーンパンツ・敷きパッド,各1点,990,,,10/7〜10/12,木・金限定
8560041,しまむら 大村北店,アパレル,しまむら Kaepa ジャケット+パンツセット,1セット,1650,,,10/7〜10/12,木・金限定
8560041,しまむら 大村北店,アパレル,しまむら メンズTシャツ・ソックス・サンダルほか(本体300円),各1点,330,,,10/7〜10/12,特別祭
8560041,しまむら 大村北店,アパレル,しまむら ジップパーカ・キャラクタープルオーバー・パジャマ(本体900円),各1点,990,,,10/7〜10/12,特別祭
8560041,ダイレックス 西諫早店,食品,ノルウェー産 赤魚フィーレ(解凍)(西諫早店),1パック,410,,,10/8〜10/11,本体380円 / 同じチラシ: 諫早幸町店・東諫早店
8560041,ダイレックス 西諫早店,食品,刺身盛合せ(3品盛)(ダイレックス),1パック,518,,,10/8〜10/11,本体480円 / 同じチラシ: 諫早幸町店・東諫早店
8560041,ダイレックス 西諫早店,食品,お魚屋さんの握り盛合せ(8貫)(西諫早店),1パック,518,,,10/8〜10/11,本体480円 / 同じチラシ: 諫早幸町店・東諫早店
8560041,ダイレックス 西諫早店,食品,お魚屋さんの握り盛合せ(12貫)(西諫早店),1パック,810,,,10/8〜10/11,本体750円 / 同じチラシ: 諫早幸町店・東諫早店
8560041,ダイレックス 西諫早店,食品,長崎県産 活真鯛刺身用ブロック(養殖)(西諫早店),100g当り,537,,,10/8〜10/11,本体498円 / 同じチラシ: 諫早幸町店・東諫早店
8560041,ダイレックス 西諫早店,食品,アメリカ産 スケソウダラ切身(解凍)(西諫早店),100g当り,138,,,10/8〜10/11,本体128円 / 同じチラシ: 諫早幸町店・東諫早店
8560041,ダイレックス 西諫早店,食品,刺身盛合せ(5品盛)(ダイレックス),1パック,734,,,10/8〜10/11,本体680円; 2日間限り / 同じチラシ: 諫早幸町店・東諫早店
8560041,ダイレックス 西諫早店,食品,お魚屋さんの握り盛合せ(16貫)(西諫早店),1パック,950,,,10/8〜10/11,本体880円; 2日間限り / 同じチラシ: 諫早幸町店・東諫早店
8560041,ダイレックス 西諫早店,食品,チリ産 銀鮭切身(養殖・解凍)(西諫早店),100g当り,257,,,10/8〜10/11,本体238円; 2日間限り / 同じチラシ: 諫早幸町店・東諫早店
8560041,ダイレックス 西諫早店,食品,シューストリングポテト(ダイレックス),100g当り,108,,,10/8〜10/11,本体100円 / 同じチラシ: 諫早幸町店・東諫早店
8560041,ダイレックス 西諫早店,食品,6種具材の海老天丼(西諫早店),1パック,408,,,10/8〜10/11,本体378円 / 同じチラシ: 諫早幸町店・東諫早店
8560041,ダイレックス 西諫早店,食品,昔ながらのおやつコロッケ(西諫早店),4個入・1パック,181,,,10/8〜10/11,本体168円 / 同じチラシ: 諫早幸町店・東諫早店
8560041,ダイレックス 西諫早店,食品,まごころ特のり弁(西諫早店),1パック,408,,,10/8〜10/11,本体378円 / 同じチラシ: 諫早幸町店・東諫早店
8560041,ダイレックス 西諫早店,食品,たこ焼き(ダイレックス),12個入・1パック,537,,,10/8〜10/11,本体498円; 2日間限り / 同じチラシ: 諫早幸町店・東諫早店
8560041,ダイレックス 西諫早店,食品,頑固唐揚げ(西諫早店),100g当り,192,,,10/8〜10/11,本体178円; 2日間限り / 同じチラシ: 諫早幸町店・東諫早店
8560041,ダイレックス 西諫早店,食品,福岡県産 柿,1袋,429,,,10/8〜10/11,本体398円 / 同じチラシ: 諫早幸町店・東諫早店
8560041,ダイレックス 西諫早店,食品,群馬・熊本県産 キャベツ,1玉,213,,,10/8〜10/11,本体198円 / 同じチラシ: 諫早幸町店・東諫早店
8560041,ダイレックス 西諫早店,食品,長崎県産 生椎茸,1パック,105,,,10/8〜10/11,本体98円 / 同じチラシ: 諫早幸町店・東諫早店
8560041,ダイレックス 西諫早店,食品,長崎・熊本県産 梨,1パック,594,,,10/8〜10/11,本体550円 / 同じチラシ: 諫早幸町店・東諫早店
8560041,ダイレックス 西諫早店,食品,長崎県・北海道産 じゃが芋,1袋,213,,,10/8〜10/11,本体198円 / 同じチラシ: 諫早幸町店・東諫早店
8560041,ダイレックス 西諫早店,食品,長崎・熊本県産 トマト,1パック,270,,,10/8〜10/11,本体250円 / 同じチラシ: 諫早幸町店・東諫早店
8560041,ダイレックス 西諫早店,食品,長崎県産 極早生みかん,1袋,321,,,10/8〜10/11,本体298円 / 同じチラシ: 諫早幸町店・東諫早店
8560041,ダイレックス 西諫早店,食品,長崎・熊本県産 なす,1袋,213,,,10/8〜10/11,本体198円 / 同じチラシ: 諫早幸町店・東諫早店
8560041,ダイレックス 西諫早店,食品,青森県産 洗いごぼう,1袋,162,,,10/8〜10/11,本体150円 / 同じチラシ: 諫早幸町店・東諫早店
8560041,ダイレックス 西諫早店,食品,青森・長野県産 りんご,1玉,162,,,10/8〜10/11,本体150円 / 同じチラシ: 諫早幸町店・東諫早店
8560041,ダイレックス 西諫早店,食品,北海道産 玉ねぎ,1袋,213,,,10/8〜10/11,本体198円 / 同じチラシ: 諫早幸町店・東諫早店
8560041,ダイレックス 西諫早店,食品,群馬・熊本県産 きゅうり,1袋,213,,,10/8〜10/11,本体198円 / 同じチラシ: 諫早幸町店・東諫早店
8560041,ダイレックス 西諫早店,食品,国産 豚ロース生姜焼き用,100g当り,192,,,10/8〜10/11,本体178円 / 同じチラシ: 諫早幸町店・東諫早店
8560041,ダイレックス 西諫早店,食品,国産 若鶏手羽元,100g当り,62,,,10/8〜10/11,本体58円 / 同じチラシ: 諫早幸町店・東諫早店
8560041,ダイレックス 西諫早店,食品,国産 若鶏ムネ肉(味付け),100g当り,95,,,10/8〜10/11,本体88円; フライパンで簡単調理 / 同じチラシ: 諫早幸町店・東諫早店
8560041,ダイレックス 西諫早店,食品,国産 牛モモうす切り,100g当り,537,,,10/8〜10/11,本体498円 / 同じチラシ: 諫早幸町店・東諫早店
8560041,ダイレックス 西諫早店,食品,国産 豚モモブロック,100g当り,138,,,10/8〜10/11,本体128円 / 同じチラシ: 諫早幸町店・東諫早店
8560041,ダイレックス 西諫早店,食品,国産 若鶏ササミ(味付け),100g当り,105,,,10/8〜10/11,本体98円 / 同じチラシ: 諫早幸町店・東諫早店
8560041,ダイレックス 西諫早店,食品,国産 牛肩ロース焼肉用,100g当り,710,,,10/8〜10/11,本体658円 / 同じチラシ: 諫早幸町店・東諫早店
8560041,ダイレックス 西諫早店,食品,国産 豚バラ焼肉用,100g当り,224,,,10/8〜10/11,本体208円 / 同じチラシ: 諫早幸町店・東諫早店
8560041,ダイレックス 西諫早店,食品,国産 若鶏モモ肉(ダイレックス),100g当り,127,,,10/8〜10/11,本体118円 / 同じチラシ: 諫早幸町店・東諫早店
8560041,ダイレックス 西諫早店,食品,オーストラリア産 牛小間切れ,100g当り,311,,,10/8〜10/11,本体288円 / 同じチラシ: 諫早幸町店・東諫早店
8560041,ダイレックス 西諫早店,食品,国産 若鶏ムネ肉,100g当り,73,,,10/8〜10/11,本体68円 / 同じチラシ: 諫早幸町店・東諫早店
8560041,ダイレックス 西諫早店,食品,アメリカ産 牛プルコギ(味付・解凍),100g当り,170,,,10/8〜10/11,本体158円 / 同じチラシ: 諫早幸町店・東諫早店
8560041,ダイレックス 多良見店,日用品,ハミング 消臭実感 詰替用,1袋,218,,,10/7〜10/12,同じチラシ: 東長崎店
8560041,ダイレックス 多良見店,日用品,パンテーン 詰替用 超特大,1袋,899,,,10/7〜10/12,同じチラシ: 東長崎店
8560041,ダイレックス 多良見店,日用品,トイレの消臭元,280ml,269,,,10/7〜10/12,同じチラシ: 東長崎店
8560041,ダイレックス 多良見店,家電,TIGER マイコン炊飯ジャー 3合,1台,8990,,,10/7〜10/12,同じチラシ: 東長崎店
8560041,ダイレックス 多良見店,家電,KOIZUMI オーブントースター KOS-1019,1台,2490,,,10/7〜10/12,同じチラシ: 東長崎店
8560041,ダイレックス 多良見店,家電,YAMAZEN 極のたこ焼き器,1台,2990,,,10/7〜10/12,同じチラシ: 東長崎店
8560041,ダイレックス 多良見店,日用品,サーモス ステンレスランチジャー,1個,3980,,,10/7〜10/12,同じチラシ: 東長崎店
8560041,ダイレックス 多良見店,アパレル,裏パイルスウェット上下組,1組,1680,,,10/7〜10/12,同じチラシ: 東長崎店
8560041,ダイレックス 多良見店,アパレル,HEAD 3足組スニーカーソックス,3足,498,,,10/7〜10/12,同じチラシ: 東長崎店
8560041,ダイレックス 多良見店,日用品,ウレタン手袋,10双組,848,,,10/7〜10/12,同じチラシ: 東長崎店
8560041,ダイレックス 多良見店,その他,アサヒ スーパードライ(ダイレックス),350ml×6,1035,,,10/7〜10/12,"24缶は4,140円 / 同じチラシ: 東長崎店"
8560041,ダイレックス 多良見店,その他,キリン 一番搾り,350ml×6,1035,,,10/7〜10/12,"24缶は4,140円 / 同じチラシ: 東長崎店"
8560041,ダイレックス 多良見店,その他,サッポロ ラガービール,350ml×6,1068,,,10/7〜10/12,同じチラシ: 東長崎店
8560041,ダイレックス 多良見店,食品,丸大 燻製屋ウインナー,1袋,258,,,10/7〜10/12,今週のイチ押し / 同じチラシ: 東長崎店
8560041,ダイレックス 多良見店,食品,マルちゃん 焼そば,3人前,178,,,10/7〜10/12,同じチラシ: 東長崎店
8560041,ダイレックス 多良見店,食品,ブルボン クッキー・ビスケット(チョコチップ等),各1袋,108,,,10/7〜10/12,今週のイチ押し / 同じチラシ: 東長崎店
8560041,ダイレックス 多良見店,食品,不二家 カントリーマアム,1袋,199,,,10/7〜10/12,同じチラシ: 東長崎店
8560041,ダイレックス 多良見店,食品,コカ・コーラ,1.5L,159,,,10/7〜10/12,同じチラシ: 東長崎店
8560041,ダイレックス 多良見店,食品,日清 焼そばU.F.O.,1個,149,,,10/7〜10/12,今週のイチ押し / 同じチラシ: 東長崎店
8560041,ダイレックス 多良見店,食品,マルタイ 棒ラーメン,1袋,139,,,10/7〜10/12,同じチラシ: 東長崎店
8560041,ダイレックス 多良見店,食品,ハインツ トマトケチャップ 逆さボトル,460g,228,,,10/7〜10/12,同じチラシ: 東長崎店
8560041,ダイレックス 多良見店,食品,キユーピー ハーフ(ダイレックス),400g,279,,,10/7〜10/12,同じチラシ: 東長崎店
8560041,ダイレックス 多良見店,食品,桃屋 キムチの素,190g,199,,,10/7〜10/12,同じチラシ: 東長崎店
8560041,ダイレックス 多良見店,日用品,アリエール ジェル ウルトラジャンボ,1袋,699,,,10/7〜10/12,今週のイチ押し / 同じチラシ: 東長崎店
8560041,ダイレックス 多良見店,日用品,レノア 超消臭 詰替,1袋,1499,,,10/7〜10/12,同じチラシ: 東長崎店
8560041,ダイレックス 多良見店,日用品,カビキラー 付替,1本,139,,,10/7〜10/12,同じチラシ: 東長崎店
8560041,ダイレックス 多良見店,日用品,バスマジックリン 泡立ちスプレー 詰替,1袋,328,,,10/7〜10/12,同じチラシ: 東長崎店
8560041,ダイレックス 多良見店,アパレル,ボクサーパンツ,3枚組,1280,,,10/7〜10/12,同じチラシ: 東長崎店
8560041,ダイレックス 多良見店,アパレル,デザインTシャツ,1枚,798,,,10/7〜10/12,同じチラシ: 東長崎店
8560041,ダイレックス 多良見店,アパレル,トレーニングパンツ,1枚,1080,,,10/7〜10/12,同じチラシ: 東長崎店
8560041,ダイレックス 多良見店,アパレル,Tシャツ,2枚組,1380,,,10/7〜10/12,今週のイチ押し / 同じチラシ: 東長崎店
8560041,ダイレックス 多良見店,アパレル,クッションクロッグサンダル,1足,1780,,,10/7〜10/12,同じチラシ: 東長崎店
8560041,ダイレックス 多良見店,家電,TCL 55V型スマートテレビ,1台,59900,,,10/7〜10/12,今週のイチ押し / 同じチラシ: 東長崎店
8560041,ダイレックス 多良見店,家電,SHARP マイコン炊飯ジャー,1台,7990,,,10/7〜10/12,同じチラシ: 東長崎店
8560041,ダイレックス 多良見店,日用品,Rakucho フライパン用ホイルシートL,1個,358,,,10/7〜10/12,今週のイチ押し / 同じチラシ: 東長崎店
8560041,ダイレックス 多良見店,日用品,カセットガス オレンジボンベ,3本組,980,,,10/7〜10/12,同じチラシ: 東長崎店
8560041,ドラッグストアコスモス 多良見店,食品,青森県産 まっしぐら,5kg,2498,,,10/2〜10/15,
8560041,ドラッグストアコスモス 多良見店,食品,東洋水産 麺づくり 鶏ガラ醤油・合わせ味噌,1個,139,,,10/2〜10/15,
8560041,ドラッグストアコスモス 多良見店,食品,日清 どん兵衛 きつねうどん・天ぷらそば,1個,149,,,10/2〜10/15,
8560041,ドラッグストアコスモス 多良見店,食品,明星 一平ちゃん夜店の焼そば(多良見店),1個,159,,,10/2〜10/15,
8560041,ドラッグストアコスモス 多良見店,食品,日清 チキンラーメン・日清焼そば・出前一丁,5食パック,398,,,10/2〜10/15,
8560041,ドラッグストアコスモス 多良見店,食品,キユーピー ハーフ,400g,268,,,10/2〜10/15,
8560041,ドラッグストアコスモス 多良見店,食品,カゴメ トマトケチャップ(多良見店),800g,318,,,10/2〜10/15,
8560041,ドラッグストアコスモス 多良見店,食品,キユーピー 深煎りごまドレッシング(多良見店),380ml,328,,,10/2〜10/15,
8560041,ドラッグストアコスモス 多良見店,食品,奥本製粉 から揚げ粉,100g,88,,,10/2〜10/15,
8560041,ドラッグストアコスモス 多良見店,食品,東洋水産 トレーワンタン,1個,119,,,10/2〜10/15,
8560041,ドラッグストアコスモス 多良見店,食品,はごろも シーチキンマイルド,70g×3缶,398,,,10/2〜10/15,
8560041,ドラッグストアコスモス 多良見店,食品,極洋 さば水煮・さばみそ煮(多良見店),160g,178,,,10/2〜10/15,
8560041,ドラッグストアコスモス 多良見店,食品,ポッカレモン100,450ml,398,,,10/2〜10/15,
8560041,ドラッグストアコスモス 多良見店,食品,日清シスコ ごろグラ チョコナッツ(多良見店),280g,428,,,10/2〜10/15,
8560041,ドラッグストアコスモス 多良見店,食品,丸大 ビストロ倶楽部カレー 甘口・中辛,170g×3袋,268,,,10/2〜10/15,
8560041,ドラッグストアコスモス 多良見店,食品,マ・マー マカロニグラタンセット,2人前,109,,,10/2〜10/15,
8560041,ドラッグストアコスモス 多良見店,食品,はごろも ポポロスパ,700g,258,,,10/2〜10/15,
8560041,ドラッグストアコスモス 多良見店,食品,ON365 ごま豆乳鍋つゆ,750g,198,,,10/2〜10/15,
8560041,ドラッグストアコスモス 多良見店,食品,ON365 キムチ鍋スープ,750g,198,,,10/2〜10/15,
8560041,ドラッグストアコスモス 多良見店,食品,ミツカン 味ぽん(多良見店),800ml,358,,,10/2〜10/15,
8560041,ドラッグストアコスモス 多良見店,食品,ON365 すき焼きのたれ,500ml,258,,,10/2〜10/15,
8560041,ドラッグストアコスモス 多良見店,食品,ニチレイ えびピラフ(冷凍),1袋,379,,,10/2〜10/15,
8560041,ドラッグストアコスモス 多良見店,食品,ニッスイ 大きな大きな焼きおにぎり(冷凍),1袋,379,,,10/2〜10/15,
8560041,ドラッグストアコスモス 多良見店,食品,日清 スパ王 喫茶店のナポリタン大盛(冷凍),1袋,179,,,10/2〜10/15,
8560041,ドラッグストアコスモス 多良見店,食品,ニッスイ ちゃんぽん(冷凍),402g,279,,,10/2〜10/15,
8560041,ドラッグストアコスモス 多良見店,食品,大阪王将 羽根つき餃子(冷凍),12個,169,,,10/2〜10/15,
8560041,ドラッグストアコスモス 多良見店,食品,味の素 羽根つき餃子(冷凍),28個,459,,,10/2〜10/15,
8560041,ドラッグストアコスモス 多良見店,食品,テーブルマーク ごっつ旨い大粒たこ焼(冷凍),6個,279,,,10/2〜10/15,
8560041,ドラッグストアコスモス 多良見店,食品,ニチレイ お弁当にGood からあげチキン(冷凍),6個,159,,,10/2〜10/15,
8560041,ドラッグストアコスモス 多良見店,食品,ハイファイブ フライドポテト(冷凍),1kg,349,,,10/2〜10/15,
8560041,ドラッグストアコスモス 多良見店,食品,ニチレイ そのまま使えるブロッコリー(冷凍),250g,259,,,10/2〜10/15,
8560041,ドラッグストアコスモス 多良見店,食品,東洋水産 ふっくらうどん(多良見店),3人前,108,,,10/2〜10/15,
8560041,ドラッグストアコスモス 多良見店,食品,三好食品 絹厚揚,2枚,89,,,10/2〜10/15,
8560041,ドラッグストアコスモス 多良見店,食品,滝沢ハム お肉屋さんのハンバーグ デミグラスソース(多良見店),85g,99,,,10/2〜10/15,
8560041,ドラッグストアコスモス 多良見店,食品,伊藤ハム 燻工房 もも・ロースハム切り落とし,1袋,199,,,10/2〜10/15,
8560041,ドラッグストアコスモス 多良見店,食品,いちおしキムチ,180g,139,,,10/2〜10/15,
8560041,ドラッグストアコスモス 多良見店,食品,伊藤ハム 朝のフレッシュ生ハムロース(多良見店),3連,219,,,10/2〜10/15,
8560041,ドラッグストアコスモス 多良見店,食品,たまご,10個入,249,,,10/2〜10/15,
8560041,ドラッグストアコスモス 多良見店,食品,ヤマザキ コスモスの食パン(多良見店),6枚,89,,,10/2〜10/15,
8560041,ドラッグストアコスモス 多良見店,食品,ヤマザキ バターロール(多良見店),6個,109,,,10/2〜10/15,
8560041,ドラッグストアコスモス 多良見店,食品,国産鶏肉の大粒焼売,22g×8個,99,,,10/2〜10/15,
8560041,ドラッグストアコスモス 多良見店,食品,カニかまスティック,10本,79,,,10/2〜10/15,
8560041,ドラッグストアコスモス 多良見店,食品,プリマハム 香薫あらびきウインナー 大袋,1袋,649,,,10/2〜10/15,
8560041,ドラッグストアコスモス 多良見店,食品,サントリー やさしい麦茶,2L,149,,,10/2〜10/15,
8560041,ドラッグストアコスモス 多良見店,食品,キリン 生茶,525ml,69,,,10/2〜10/15,
8560041,ドラッグストアコスモス 多良見店,食品,ネスレ エクセラ ふわラテ,26本,538,,,10/2〜10/15,
8560041,ドラッグストアコスモス 多良見店,その他,アサヒ スーパードライ,350ml×6,1038,,,10/2〜10/15,"24缶は4,150円"
8560041,マルキョウ 久山台店,食品,エバラ プチっと鍋 各種(マルキョウ 久山台店),1袋,268,,,10/7〜10/13,大感謝祭 7日間の品 / 同じチラシ: 東長崎店
8560041,マルキョウ 久山台店,食品,味の素 鍋キューブ 各種(マルキョウ 久山台店),1袋,268,,,10/7〜10/13,大感謝祭 7日間の品 / 同じチラシ: 東長崎店
8560041,マルキョウ 久山台店,食品,白菜 1/4カット(長野県産)(マルキョウ 久山台店),1/4個,214,,,10/7〜10/13,大感謝祭 7日間の品 / 同じチラシ: 東長崎店
8560041,マルキョウ 久山台店,食品,水菜(福岡県産)(マルキョウ 久山台店),1袋,171,,,10/7〜10/13,大感謝祭 7日間の品 / 同じチラシ: 東長崎店
8560041,マルキョウ 久山台店,食品,白ネギ(北海道産他)(マルキョウ 久山台店),1束,268,,,10/7〜10/13,大感謝祭 7日間の品 / 同じチラシ: 東長崎店
8560041,マルキョウ 久山台店,食品,博多ぶなしめじ(福岡県産)(マルキョウ 久山台店),1袋,128,,,10/7〜10/13,大感謝祭 7日間の品 / 同じチラシ: 東長崎店
8560041,マルキョウ 久山台店,食品,養殖ぶり切身(マルキョウ 久山台店),100g,538,,,10/7〜10/13,大感謝祭 7日間の品。100g当り / 同じチラシ: 東長崎店
8560041,マルキョウ 久山台店,食品,解凍 骨取り赤魚フィーレ(マルキョウ 久山台店),2枚,430,,,10/7〜10/13,大感謝祭 7日間の品 / 同じチラシ: 東長崎店
8560041,マルキョウ 久山台店,食品,無頭バナメイエビ メガパック(マルキョウ 久山台店),100g,182,,,10/7〜10/13,大感謝祭 7日間の品。100g当り / 同じチラシ: 東長崎店
8560041,マルキョウ 久山台店,食品,ボイルホタテ(マルキョウ 久山台店),100g,322,,,10/7〜10/13,大感謝祭 7日間の品。100g当り / 同じチラシ: 東長崎店
8560041,マルキョウ 久山台店,食品,国産若鶏むね肉切り身 鍋物用(マルキョウ 久山台店),100g,117,,,10/7〜10/13,大感謝祭 7日間の品。100g当り / 同じチラシ: 東長崎店
8560041,マルキョウ 久山台店,食品,国産豚もも切り落とし 鍋物用(マルキョウ 久山台店),100g,150,,,10/7〜10/13,大感謝祭 7日間の品。100g当り / 同じチラシ: 東長崎店
8560041,マルキョウ 久山台店,食品,濃厚もっちり 絹厚揚げ(マルキョウ 久山台店),1パック,108,,,10/7〜10/13,大感謝祭 7日間の品 / 同じチラシ: 東長崎店
8560041,マルキョウ 久山台店,食品,生芋板こんにゃく・糸こんにゃく 各種(マルキョウ 久山台店),1袋,108,,,10/7〜10/13,大感謝祭 7日間の品 / 同じチラシ: 東長崎店
8560041,マルキョウ 久山台店,食品,九州大地のちゃんぽん(マルキョウ 久山台店),1袋,139,,,10/7〜10/13,大感謝祭 7日間の品。めん食 / 同じチラシ: 東長崎店
8560041,マルキョウ 久山台店,食品,マロニーちゃん(マルキョウ 久山台店),180g,247,,,10/7〜10/13,大感謝祭 7日間の品 / 同じチラシ: 東長崎店
8560041,マルキョウ 久山台店,食品,白鶴 料理の日本酒(マルキョウ 久山台店),1800ml,922,,,10/7〜10/13,大感謝祭 7日間の品 / 同じチラシ: 東長崎店
8560041,マルキョウ 久山台店,食品,サントリー 翠ジンソーダ(マルキョウ 久山台店),350ml×6缶,977,,,10/7〜10/13,大感謝祭 7日間の品。20歳未満の飲酒は法律で禁止されています / 同じチラシ: 東長崎店
8560041,マルキョウ 久山台店,食品,秋映りんご 大玉(長野県産)(マルキョウ 久山台店),1玉,171,,,10/7〜10/13,大感謝祭 7日間の品 / 同じチラシ: 東長崎店
8560041,マルキョウ 久山台店,食品,柿 早秋(福岡県産)(マルキョウ 久山台店),4玉入り1パック,518,,,10/7〜10/13,大感謝祭 7日間の品 / 同じチラシ: 東長崎店
8560041,マルキョウ 久山台店,食品,日清オイリオ ヘルシーごま香油(マルキョウ 久山台店),130g,214,,,10/7〜10/13,大感謝祭 7日間の品 / 同じチラシ: 東長崎店
8560041,マルキョウ 久山台店,食品,デルモンテ 基本の完熟トマトソース(マルキョウ 久山台店),295g,182,,,10/7〜10/13,大感謝祭 7日間の品 / 同じチラシ: 東長崎店
8560041,マルキョウ 久山台店,食品,ヤマサ 昆布つゆ(マルキョウ 久山台店),500ml,193,,,10/7〜10/13,大感謝祭 7日間の品 / 同じチラシ: 東長崎店
8560041,マルキョウ 久山台店,食品,カルビー かっぱえびせん(マルキョウ 久山台店),1袋,108,,,10/7〜10/13,大感謝祭 7日間の品 / 同じチラシ: 東長崎店
8560041,マルキョウ 久山台店,食品,不二家 ハートチョコレート ピーナッツ(マルキョウ 久山台店),1袋,247,,,10/7〜10/13,大感謝祭 7日間の品 / 同じチラシ: 東長崎店
8560041,マルキョウ 久山台店,食品,グリコ 冬のくちどけポッキー(マルキョウ 久山台店),1箱,214,,,10/7〜10/13,大感謝祭 7日間の品 / 同じチラシ: 東長崎店
8560041,マルキョウ 久山台店,食品,さつまいも べにはるか・安納芋・シルクスイート(種子島産) 各種(マルキョウ 久山台店),1袋,538,,,10/7〜10/13,大感謝祭 7日間の品 / 同じチラシ: 東長崎店
8560041,マルキョウ 久山台店,食品,プレミアムW焙煎胡麻ドレッシング(マルキョウ 久山台店),1L,696,,,10/7〜10/13,大感謝祭 7日間の品 / 同じチラシ: 東長崎店
8560041,マルキョウ 久山台店,食品,白藤 美浜の里えびうす焼(マルキョウ 久山台店),30枚入,538,,,10/7〜10/13,大感謝祭 7日間の品 / 同じチラシ: 東長崎店
8560041,マルキョウ 久山台店,食品,平川 美味しいとうふ 各種(マルキョウ 久山台店),1個,214,,,10/7〜10/13,大感謝祭 7日間の品 / 同じチラシ: 東長崎店
8560041,マルキョウ 久山台店,食品,だいやめ 25度(マルキョウ 久山台店),900ml,1373,,,10/7〜10/13,大感謝祭 7日間の品。焼酎 / 同じチラシ: 東長崎店
8112221,トライアル 須恵店,ドラッグ・コスメ,花王 アトリックス ビューティーチャージ 各種,各80g,470,,,10/1〜10/31,本体428円
8112221,トライアル 須恵店,日用品,コーセー ジュレーム 大容量詰替 各種,各680ml,877,,,10/1〜10/31,本体798円
8112221,トライアル 須恵店,ドラッグ・コスメ,ヘンケル サイオス オレオクリーム 各種,50g+50g,877,,,10/1〜10/31,本体798円
8112221,トライアル 須恵店,日用品,ライオン NANOX one ウルトラジャンボ詰替(洗浄プラス・ニオイ専用),各1530g,1518,,,10/1〜10/31,"本体1,380円"
8112221,トライアル 須恵店,日用品,ライオン NANOX one ウルトラジャンボ詰替 Pro,1400g,1628,,,10/1〜10/31,"本体1,480円"
8112221,トライアル 須恵店,日用品,P&G レノアハピネス ミスト本体 各種,370ml,382,,,10/1〜10/31,本体348円
8112221,トライアル 須恵店,日用品,ファブリックミスト KOGANE FUWARI,370ml,547,,,10/1〜10/31,数量限定
8112221,トライアル 須恵店,日用品,衣料洗剤 KOGANE FUWARI,1200g,437,,,10/1〜10/31,数量限定
8112221,トライアル 須恵店,日用品,トイレ用消臭芳香剤・室内用置き型芳香剤 各種,1個,217,,,10/1〜10/31,数量限定
8112221,トライアル 須恵店,日用品,リード ディフューザー,90ml,550,,,10/1〜10/31,数量限定
8112221,トライアル 須恵店,日用品,秋の香りフレグランスゲル アソートセット,60g×2,440,,,10/1〜10/31,数量限定
8112221,トライアル 須恵店,日用品,トライアル フリーザーバッグ 各種,1袋,217,,,10/1〜10/31,
8112221,トライアル 須恵店,日用品,TRB 2倍巻き パルプトイレット,12R,657,,,10/1〜10/31,
8112221,トライアル 須恵店,日用品,TRB ソフトパックティッシュ 10パック,10パック,360,,,10/1〜10/31,
8112221,トライアル 須恵店,日用品,TRB ソフトパックティッシュ 5パック,5パック,184,,,10/1〜10/31,
8112221,トライアル 須恵店,ドラッグ・コスメ,オフテクス クリアデュー ハイドロワンステップ,28錠,1427,,,10/1〜10/31,
8112221,トライアル 須恵店,日用品,ムーニーマシュマロ肌ごこち・ムーニーマン 各種,1パック,1515,,,10/1〜10/31,
8112221,トライアル 須恵店,日用品,小林製薬 サラサーティコットン100 各種,各112枚,547,,,10/1〜10/31,
8112221,マルキョウ 志免店,食品,エバラ プチッと鍋 各種,1袋,268,,,10/7〜10/13,7日間の品
8112221,マルキョウ 志免店,食品,味の素 鍋キューブ 各種,1袋,268,,,10/7〜10/13,7日間の品
8112221,マルキョウ 志免店,食品,白菜 1/4カット,1個,214,,,10/7〜10/13,福岡県産
8112221,マルキョウ 志免店,食品,水菜,1袋,171,,,10/7〜10/13,福岡県産
8112221,マルキョウ 志免店,食品,白ネギ,1束,268,,,10/7〜10/13,北海道産
8112221,マルキョウ 志免店,食品,博多ぶなしめじ,1袋,128,,,10/7〜10/13,福岡県産
8112221,マルキョウ 志免店,食品,秋映りんご 大玉,1玉,171,,,10/7〜10/13,長野県産
8112221,マルキョウ 志免店,食品,柿(早秋) 4玉入,1パック,518,,,10/7〜10/13,福岡県産
8112221,マルキョウ 志免店,食品,養殖ぶり切り身,100g,538,,,10/7〜10/13,
8112221,マルキョウ 志免店,食品,解凍 骨取り赤魚フィーレ,2枚,430,,,10/7〜10/13,
8112221,マルキョウ 志免店,食品,無頭バナメイエビ メガパック,100g,182,,,10/7〜10/13,
8112221,マルキョウ 志免店,食品,ボイルホタテ,100g,322,,,10/7〜10/13,
8112221,マルキョウ 志免店,食品,国産 若鶏むね肉切り身 調理用(マルキョウ),100g,117,,,10/7〜10/13,
8112221,マルキョウ 志免店,食品,国産 豚もも切り落とし 調理用,100g,150,,,10/7〜10/13,
8112221,マルキョウ 志免店,食品,日清オイリオ ヘルシーごま香油,130g,214,,,10/7〜10/13,
8112221,マルキョウ 志免店,食品,デルモンテ 基本の完熟トマトケチャップ,295g,182,,,10/7〜10/13,
8112221,マルキョウ 志免店,食品,ヤマサ 昆布つゆ,500ml,193,,,10/7〜10/13,
8112221,マルキョウ 志免店,食品,丸美屋 九州そだち,1袋,108,,,10/7〜10/13,
8112221,マルキョウ 志免店,食品,やまみ 濃厚もっちり絹厚揚げ,1パック,108,,,10/7〜10/13,
8112221,マルキョウ 志免店,食品,やきやき 生芋糸こんにゃく・板こんにゃく 各種,1袋,108,,,10/7〜10/13,
8112221,マルキョウ 志免店,食品,九州大地のちゃんぽん,1袋,139,,,10/7〜10/13,
8112221,マルキョウ 志免店,食品,マロニーちゃん,180g,247,,,10/7〜10/13,
8112221,マルキョウ 志免店,食品,白鶴 ごく旨み たっぷりの料理の清酒,1800ml,922,,,10/7〜10/13,
8112221,マルキョウ 志免店,食品,カルビー かっぱえびせん,1袋,108,,,10/7〜10/13,
8112221,マルキョウ 志免店,食品,不二家 ハートチョコレート ピーナッツ,1袋,247,,,10/7〜10/13,
8112221,マルキョウ 志免店,食品,グリコ 冬のくちどけポッキー,1箱,214,,,10/7〜10/13,
8112221,マルキョウ 志免店,食品,さつまいも べにはるか・シルクスイート 各種,1袋,538,,,10/7〜10/13,鹿児島県産
8112221,マルキョウ 志免店,食品,美味しいしらす 各種,1パック,214,,,10/7〜10/13,
8112221,マルキョウ 志免店,食品,国産 豚肉ヒレブロック,100g,214,,,10/9,10/9(金)の品
8112221,マルキョウ 志免店,食品,国産 若鶏手羽元,100g,74,,,10/9,10/9(金)の品
8112221,マルキョウ 志免店,食品,国産 豚肉小間切れ(マルキョウ),100g,139,,,10/9,10/9(金)の品
8112221,マルキョウ 志免店,食品,豚肉・鶏肉 よりどり3パック,3パック,1080,,,10/9,10/9(金)の品
8112221,マルキョウ 志免店,食品,ミンチコーナー 各種,,,20%引,,10/9,10/9(金)の品
8112221,マルキョウ 志免店,食品,トマト(マルキョウ),1パック,378,,,10/9,10/9(金)の品
8112221,マルキョウ 志免店,食品,ブロッコリー(マルキョウ),1株,322,,,10/9,10/9(金)の品
8112221,ドラッグストアコスモス 須恵店,食品,青森県産 まっしぐら,5kg,2498,,,10/2〜10/15,
8112221,ドラッグストアコスモス 須恵店,食品,日清 カップヌードル 各種,1個,149,,,10/2〜10/15,
8112221,ドラッグストアコスモス 須恵店,食品,日清 一平ちゃん 夜店の焼そば,1個,149,,,10/2〜10/15,
8112221,ドラッグストアコスモス 須恵店,食品,キユーピー 深煎りごまドレッシング,1本,328,,,10/2〜10/15,
8112221,ドラッグストアコスモス 須恵店,食品,丸美屋 のりたま 大袋,1袋,199,,,10/2〜10/15,
8112221,ドラッグストアコスモス 須恵店,食品,ハウス 完熟トマトのハヤシライスソース,1箱,288,,,10/2〜10/15,
8112221,ドラッグストアコスモス 須恵店,食品,日清シスコ ごろっとグラノーラ チョコナッツ,1袋,428,,,10/2〜10/15,
8112221,ドラッグストアコスモス 須恵店,食品,東洋水産 ふっくらうどん,3人前,108,,,10/2〜10/15,
8112221,ドラッグストアコスモス 須恵店,食品,国産お肉の大粒焼売,22g×8個,99,,,10/2〜10/15,
8112221,ドラッグストアコスモス 須恵店,食品,プリマハム 香薫 あらびきウインナー 大袋,1袋,649,,,10/2〜10/15,
8112221,ドラッグストアコスモス 須恵店,食品,カニかまスティック(コスモス),1袋,79,,,10/2〜10/15,
8112221,ドラッグストアコスモス 須恵店,食品,アサヒ スーパードライ 350ml×6缶,6缶,1048,,,10/2〜10/15,
8112221,ドラッグストアコスモス 須恵店,食品,アサヒ スーパードライ 350ml×24缶,24缶,4180,,,10/2〜10/15,
8112221,ドラッグストアコスモス 須恵店,食品,アサヒ ゴールド 350ml×6缶,6缶,1038,,,10/2〜10/15,
8112221,ドラッグストアコスモス 須恵店,食品,サントリー ザ・プレミアム・モルツ 6缶,6缶,1138,,,10/2〜10/15,
8112221,ドラッグストアコスモス 須恵店,食品,ジャックダニエル ブラック,700ml,2298,,,10/2〜10/15,
8112221,ドラッグストアコスモス 須恵店,食品,カルビー ポテトチップス 各種,1袋,99,,,10/2〜10/15,
8112221,ドラッグストアコスモス 須恵店,食品,日清シスコ ココナッツサブレ,1袋,89,,,10/2〜10/15,
8112221,ドラッグストアコスモス 須恵店,食品,不二家 カントリーマアム,1袋,238,,,10/2〜10/15,
8112221,ドラッグストアコスモス 須恵店,日用品,2倍巻 トイレットペーパー 12ロール(コスモス),12ロール,698,,,10/2〜10/15,
8112221,ドラッグストアコスモス 須恵店,日用品,ライオン NANOX 詰替 各種,1袋,598,,,10/2〜10/15,
8112221,ドラッグストアコスモス 須恵店,日用品,P&G ファブリーズ 詰替 各種,1袋,548,,,10/2〜10/15,
8112221,ドラッグストアコスモス 須恵店,日用品,P&G 除菌ジョイ コンパクト 詰替 各種,1袋,318,,,10/2〜10/15,
8112221,ドラッグストアコスモス 須恵店,日用品,エステー ムシューダ 各種,1個,638,,,10/2〜10/15,
8112221,ドラッグストアコスモス 須恵店,日用品,ネオパラエース 引き出し用,1箱,698,,,10/2〜10/15,
8112221,ドラッグストアコスモス 須恵店,ドラッグ・コスメ,プラセンタ 薬用入浴液,720ml,1480,,,10/2〜10/15,
8112221,ドラッグストアモリ 須恵店,食品,ミルメーク コーヒー,1袋,214,,,10/4〜10/10,
8112221,ドラッグストアモリ 須恵店,食品,大塚 ファイブミニ,1本,96,,,10/4〜10/10,
8112221,ドラッグストアモリ 須恵店,食品,特選牛乳,1000ml,127,,,10/4〜10/10,
8112221,ドラッグストアモリ 須恵店,食品,明治ブルガリアヨーグルト,400g,181,,,10/4〜10/10,
8112221,ドラッグストアモリ 須恵店,食品,味の素 ギョーザ(冷凍),12個,198,,,10/4〜10/10,
8112221,業務スーパー 志免町店,食品,おつまみえんどう豆(麻辣味・塩味),各100g,106,,,10/1〜10/31,本体98円
8112221,業務スーパー 志免町店,食品,ハニーローストピーナッツ,1袋,95,,,10/1〜10/31,本体88円
8112221,業務スーパー 志免町店,食品,ほしいもスティック,210g,311,,,10/1〜10/31,本体288円
8112221,業務スーパー 志免町店,食品,プレーンベーグル(冷凍),6個,538,,,10/1〜10/31,本体498円
8112221,業務スーパー 志免町店,食品,はちみつ紅茶,2g×25袋,430,,,10/1〜10/31,本体398円
8112221,業務スーパー 志免町店,食品,ディルピクルス(ホール),1瓶,214,,,10/1〜10/31,本体198円
8112221,業務スーパー 志免町店,食品,緑豆春雨,100g,63,,,10/1〜10/31,本体58円
8112221,業務スーパー 志免町店,食品,花椒辣醤,180g,257,,,10/1〜10/31,本体238円
8112221,業務スーパー 志免町店,食品,酸辣粉 即席サツマイモ春雨,130g,214,,,10/1〜10/31,本体198円
8112221,業務スーパー 志免町店,食品,本日のスープ(クラムチャウダー・ビスク),各48g(3食入),138,,,10/1〜10/31,本体128円
8112221,業務スーパー 志免町店,食品,串おでん(冷凍),1袋,430,,,10/1〜10/31,本体398円
8112221,業務スーパー 志免町店,食品,三鮮水餃子(冷凍),500g,376,,,10/1〜10/31,本体348円
8112221,業務スーパー 志免町店,食品,ミックスいか唐揚げ(冷凍),500g,473,,,10/1〜10/31,本体438円
8112221,業務スーパー 志免町店,食品,お肉にこだわったあっさり唐揚げ(冷凍),1kg,700,,,10/1〜10/31,本体648円
8112221,業務スーパー 志免町店,食品,チキンナゲット(冷凍),1kg,786,,,10/1〜10/31,本体728円
8112221,業務スーパー 志免町店,食品,殻付ムール貝(冷凍),500g,333,,,10/1〜10/31,本体308円
8112221,業務スーパー 志免町店,食品,バックリブで作った骨付きフライドチキン(冷凍),500g,473,,,10/1〜10/31,本体438円
8112221,業務スーパー 志免町店,食品,クリームコーン缶詰,1缶,106,,,10/1〜10/31,本体98円
8112221,業務スーパー 志免町店,食品,冷凍讃岐うどん,200g×5食,160,,,10/1〜10/31,本体148円
8112221,業務スーパー 志免町店,食品,こだわり生フランク プレーン(冷凍),1kg,883,,,10/1〜10/31,本体818円
8112221,業務スーパー 志免町店,食品,Ca鮭フレーク,160g,231,,,10/1〜10/31,本体214円
8112221,業務スーパー 志免町店,食品,姜葱醤(ジャンツォンジャン),650g,700,,,10/1〜10/31,本体648円
8112221,業務スーパー 志免町店,食品,京風だし巻・厚焼玉子,各1本,203,,,10/1〜10/31,本体188円
8112221,業務スーパー 志免町店,食品,チョリソーウインナー,360g,300,,,10/1〜10/31,本体278円
8112221,業務スーパー 志免町店,食品,鍋つゆ 2倍濃縮(寄せ鍋・キムチ・鶏白湯しょうゆ・塩・ちゃんこ),各400g,99,,,10/1〜10/31,本体92円
8112221,業務スーパー 志免町店,食品,スモークチキンスライス,700g,861,,,10/1〜10/31,本体798円
8112221,業務スーパー 志免町店,食品,おとなの大盛カレー 中辛,220g×4,310,,,10/1〜10/31,本体287円
8112221,業務スーパー 志免町店,食品,さんま甘露煮,3尾,289,,,10/1〜10/31,本体268円
8112221,業務スーパー 志免町店,食品,鶏屋さんのタルタルチキンカツ(冷凍),750g,635,,,10/1〜10/31,本体588円
8112221,業務スーパー 志免町店,食品,杏仁豆腐,1kg,279,,,10/1〜10/31,本体258円
8112221,業務スーパー 志免町店,食品,豚ジンギスカン(冷凍),500g,430,,,10/1〜10/31,本体398円
8112221,肉のひみつ基地 東月隈店,食品,黒毛和牛 ブリスケスライス,100g,410,,,10/9,10/9(金)の特売
8112221,肉のひみつ基地 東月隈店,食品,国産 鶏ミンチ(1kg以上),100g,64,,,10/9,10/9 アプリクーポン限定・1kg以上で
8112221,肉のひみつ基地 東月隈店,食品,国産 牛豚合挽ミンチ(500g以上),100g,140,,,10/9,10/9 500g以上で
8112221,肉のひみつ基地 東月隈店,食品,国産 豚ローススライス(500g以上),100g,140,,,10/9,10/9 500g以上で
8112221,肉のひみつ基地 東月隈店,食品,国産牛 サーロインステーキ,1枚,648,,,10/9,10/9
8112221,肉のひみつ基地 東月隈店,食品,国産 豚ヒレ(肉のひみつ基地),100g,140,,,10/9,10/9
8112221,肉のひみつ基地 東月隈店,食品,国産 豚バラスライス(500g以上),100g,140,,,10/9,10/9 500g以上で
8112221,肉のひみつ基地 東月隈店,食品,長崎和牛 ロースステーキ,100g,1059,,,10/10,10/10(土)の特売
8112221,肉のひみつ基地 東月隈店,食品,国産 牛すじ,100g,171,,,10/10,10/10(土)の特売
8112221,肉のひみつ基地 東月隈店,食品,国産 豚ミンチ,100g,87,,,10/10,10/10(土)の特売
8112221,肉のひみつ基地 東月隈店,食品,国産 若鶏モモ肉(肉のひみつ基地),100g,108,,,10/10,10/10(土)の特売
8112221,肉のひみつ基地 東月隈店,食品,黒毛和牛 肩ローススライス,100g,519,,,10/11,10/11(日)の特売
8112221,肉のひみつ基地 東月隈店,食品,黒毛和牛 切り落とし,100g,279,,,10/11,10/11(日)の特売
8112221,肉のひみつ基地 東月隈店,食品,黒豚 切り落とし,100g,150,,,10/11,10/11(日)の特売
8112221,肉のひみつ基地 東月隈店,食品,国産 牛小腸,100g,322,,,10/11,10/11(日)の特売
8112221,肉のひみつ基地 東月隈店,食品,国産 牛切り落とし,100g,214,,,10/12,10/12(月)の特売
8112221,肉のひみつ基地 東月隈店,食品,阿蘇おおらか牛 赤身スライス,100g,538,,,10/12,10/12(月)の特売
8112221,肉のひみつ基地 東月隈店,食品,シマ腸,100g,214,,,10/12,10/12(月)の特売
8112221,肉のひみつ基地 東月隈店,食品,国産 若鶏ムネ肉(肉のひみつ基地),100g,73,,,10/12,10/12(月)の特売
8112221,肉のひみつ基地 東月隈店,食品,豚肉・鶏肉 よりどり2パック,2パック,626,,,10/8〜10/12,大人気よりどりセール 本体580円
8112221,アルゾ 宇美店,食品,ヤマザキ アーモンドカステラ,1個,96,,,10/5〜10/11,本体89円
8112221,アルゾ 宇美店,食品,ヤマザキ パクっとスティック(ピーナッツ),1個,96,,,10/5〜10/11,本体89円
8112221,アルゾ 宇美店,食品,ヤマザキ クロワッサンドーナツ(いちご),1個,96,,,10/5〜10/11,本体89円
8112221,アルゾ 宇美店,食品,フジパン ロングスティック ベルギーチョコ,1個,96,,,10/5〜10/11,本体89円
8112221,西鉄ストア 宇美店,食品,蓮根(西鉄ストア),100g,64,,,10/6〜10/11,本体59円
8112221,西鉄ストア 宇美店,食品,韓国産 大バチマグロ刺身用ブロック(解凍),100g,755,,,10/6〜10/11,本体699円
8112221,西鉄ストア 宇美店,食品,一本釣 カツオタタキ 刺身用ブロック(解凍),100g,431,,,10/6〜10/11,本体399円
8112221,西鉄ストア 宇美店,食品,プリプリエビフライ 4尾,4尾,194,,,10/9〜10/11,10/9〜11限り 本体180円
8112221,西鉄ストア 宇美店,食品,プリプリエビフライ 8尾,8尾,378,,,10/9〜10/11,10/9〜11限り 本体350円
8112221,西鉄ストア 宇美店,食品,国産 若鶏モモ身(西鉄ストア),100g,129,,,10/10,10/10限り 本体119円
8112221,西鉄ストア 宇美店,食品,大判海鮮かき揚げ丼,1パック,486,,,10/6〜10/11,本体450円
8112221,西鉄ストア 宇美店,食品,秋の味覚 栗ごはん弁当,1パック,626,,,10/6〜10/11,本体580円
8112221,西鉄ストア 宇美店,食品,CGC お好み焼粉・たこ焼粉,各500g,215,,,10/6〜10/11,本体199円
8112221,西鉄ストア 宇美店,食品,CGC かつおパック,1袋,172,,,10/6〜10/11,本体159円
8112221,西鉄ストア 宇美店,食品,北秋田 大吟醸,720ml,1067,,,10/6〜10/11,本体970円
8112221,フードウェイ 板付店,食品,国産 牛サーロイン又はロースステーキ用,1枚,1080,,,10/9,10/9 開店〜12時 数量限定
8112221,フードウェイ 板付店,食品,国産 豚ロース トンカツ用,100g,108,,,10/9,10/9 開店〜12時 数量限定
8112221,フードウェイ 板付店,食品,国産 豚小間切れ ジャンボパック(フードウェイ),100g,95,,,10/9,10/9 開店〜12時 数量限定
8112221,フードウェイ 板付店,食品,国産 若どりモモ肉 ジャンボパック,100g,85,,,10/9,10/9 開店〜12時 数量限定
8112221,フードウェイ 板付店,食品,国産 牛切落し焼肉用,100g,430,,,10/9,10/9 終日
8112221,フードウェイ 板付店,食品,アメリカ産 牛プルコギ風焼肉用,1パック,1080,,,10/9,10/9 終日
8112221,フードウェイ 板付店,食品,国産 豚バラ スライス・切落し ジャンボパック,100g,149,,,10/9,10/9 終日
8112221,フードウェイ 板付店,食品,国産 若どりムネ肉(フードウェイ),100g,62,,,10/9,10/9 終日
8112221,フードウェイ 板付店,食品,プリマハム 香薫ウインナー,1袋,216,,,10/9,10/9 終日
8112221,フードウェイ 板付店,食品,アルゼンチン産 天然赤えび,10尾,1080,,,10/9,10/9 終日
8112221,フードウェイ 板付店,食品,福岡県産 柿,5玉,540,,,10/9,10/9 終日
8112221,フードウェイ 板付店,食品,熊本県産 白菜(フードウェイ),1/2カット,171,,,10/9,10/9 終日
8112221,フードウェイ 板付店,食品,にぎり寿司盛合せ,10貫,540,,,10/10,10/10 ととの日 数量限定
8112221,フードウェイ 板付店,食品,福岡県産 天然真鯛(刺身用),1尾,1080,,,10/10,10/10 ととの日
8112221,フードウェイ 板付店,食品,長崎産 天然ぶり刺身用ブロック,100g,214,,,10/10,10/10 ととの日
8112221,フードウェイ 板付店,食品,うな重,1パック,540,,,10/10,10/10 ととの日
8112221,フードウェイ 板付店,食品,天然ぶり切身・ちりめん,各1パック,540,,,10/10,10/10
8112221,フードウェイ 板付店,食品,中国産 あさり(解凍),500g,430,,,10/10,10/10
8112221,フードウェイ 板付店,食品,佐賀牛 切落し焼肉用,100g,540,,,10/10,10/10
8112221,フードウェイ 板付店,食品,牛切落しステーキ用,100g,473,,,10/10,10/10
8112221,フードウェイ 板付店,食品,熊本県産 極早生みかん,1袋,430,,,10/10,10/10
8112221,フードウェイ 板付店,食品,大分県産 キャベツ,1玉,162,,,10/10,10/10
8112221,フードウェイ 板付店,食品,にら,1束,106,,,10/10,10/10
8112221,フードウェイ 板付店,食品,ハウス こくまろカレー,1箱,150,,,10/10,10/10
8112221,フードウェイ 板付店,食品,国産 和牛切落しステーキ用,100g,540,,,10/11,10/11
8112221,フードウェイ 板付店,食品,長野産 ぶどう,1房,1069,,,10/11,10/11
8112221,フードウェイ 板付店,食品,大分県産 レタス,1玉,270,,,10/11,10/11
8112221,フードウェイ 板付店,食品,国産 和牛モモすき焼用,100g,540,,,10/12,10/12
8112221,フードウェイ 板付店,食品,サーモンにぎり寿司,1パック,1080,,,10/12,10/12
8112221,フードウェイ 板付店,食品,大分県産 新高梨(大玉),1玉,322,,,10/12,10/12
8112221,フードウェイ 板付店,食品,国産 豚スペアリブ,100g,106,,,10/12,10/12
8112221,フードウェイ 板付店,食品,北海道産 大根,1本,106,,,10/12,10/12
8112221,イオン 福岡店,アパレル,Urban Smart シルキーライクトレーナー(レディス),M〜LL,2178,,,10/9〜10/12,"本体1,980円"
8112221,イオン 福岡店,アパレル,メリノ素材 クルーネックセーター(レディス),M〜L2L,4378,,,10/9〜10/12,"本体3,980円"
8112221,イオン 福岡店,アパレル,Urban Smart ベロアワイドパンツ(レディス),M〜L,2618,,,10/9〜10/12,"本体2,380円 アプリクーポンでさらに10%OFF"
8112221,イオン 福岡店,アパレル,Urban Smart エクストラストレッチパンツ(メンズ),M〜L,2618,,,10/9〜10/12,"本体2,380円"
8112221,イオン 福岡店,アパレル,Urban Smart さらっときれい見え イージーアイロンシャツ(メンズ),M〜L,2618,,,10/9〜10/12,"本体2,380円"
8112221,イオン 福岡店,アパレル,AnnaLuna ニットロゴ2WAY巾着バッグ,1個,3278,,,10/9〜10/12,"本体2,980円"
8112221,イオン 福岡店,日用品,スワンネル ひざ掛け,1枚,1650,,,10/9〜10/12,"本体1,500円"
8112221,イオン 福岡店,日用品,HOME COORDY あたたかい洗えるフランネルラグ,185×185cm,3278,,,10/9〜10/12,"本体2,980円"
8112221,イオン 福岡店,日用品,軽量毛布(シマエナガ) シングル,100×205cm,2178,,,10/9〜10/12,"本体1,980円"
8112221,イオン 福岡店,アパレル,コットンシリーズ 9分袖インナー(レディス),M〜2XL,1078,,,10/9〜10/12,本体980円
8112221,イオン 福岡店,アパレル,new balance DYNASOFT NB SAMPHER MEN V1(メンズ),25.0〜28.0cm,8690,,,10/9〜10/12,"本体7,900円"
8112221,イオン 福岡店,アパレル,SKECHERS SWIFT FIT ROSEATE(レディス),23.0〜24.5cm,9350,,,10/9〜10/12,"本体8,500円"
8112221,イオン 福岡店,食品,ハーゲンダッツ ミニカップ 各種,1個,289,,,10/9〜10/12,iAEONクーポンで40円引
8112221,イオン 福岡店,食品,マルちゃん正麺 各種,5食,387,,,10/9〜10/12,iAEONクーポンで50円引
8112221,イオン 福岡店,食品,伊藤園 お〜いお茶 緑茶 1ケース(イオン),1ケース,2273,,,10/9〜10/12,iAEONクーポンで600円引
8112221,イオン 福岡店,食品,サントリー天然水 1ケース,1ケース,2273,,,10/9〜10/12,iAEONクーポンで600円引
8112221,イオン 福岡店,食品,牛肉(交雑種) 切り落し焼肉用(かた・かたロース),100g,538,,,10/10,10/10お10くデー
8112221,イオン 福岡店,食品,焼き上げハンバーグ,1パック,322,,,10/10,10/10お10くデー
8112221,イオン 福岡店,食品,生本まぐろ中とろ(養殖) 刺身用,100g,1058,,,10/10,10/10限り
8112221,イオン 福岡店,食品,スペイン産 イベリコ豚ばら しゃぶしゃぶ用(解凍),260g,626,,,10/9〜10/12,本体580円
8112221,イオン 福岡店,食品,国産 若どり手羽もと(イオン),100g,84,,,10/9〜10/12,本体78円
8112221,イオン 福岡店,食品,さつまいも(イオン),1本,106,,,10/9〜10/12,本体98円
8112221,イオン 福岡店,食品,熊本県産 森のくまさん,5kg,2570,,,10/10〜10/11,10/10・11 お米の日
8112221,イオン 福岡店,食品,元気づくし,5kg,2462,,,10/10〜10/11,10/10・11 お米の日
8112221,イオン 福岡店,食品,牛肉(交雑種) ももステーキ用,100g,538,,,10/11,10/11限り
8112221,イオン 福岡店,食品,長崎ちゃんぽん・博多長浜ラーメン・九州産高菜ラーメン(カップ),1個,127,,,10/12,10/12限り
8112221,イオン 福岡店,日用品,花王 キュキュット 詰替,1袋,300,,,10/9〜10/12,本体278円
8112221,ザ・ビッグ 福岡東店,食品,福岡県産 早味かん,1袋,508,,,10/9〜10/12,本体470円
8112221,ザ・ビッグ 福岡東店,食品,北海道 ボイルほたて,20個,1080,,,10/9〜10/12,"本体1,000円"
8112221,ザ・ビッグ 福岡東店,食品,佐賀牛もも 焼肉用,100g,623,,,10/9〜10/12,本体577円
8112221,ザ・ビッグ 福岡東店,食品,和歌山県産 たねなし柿,1個,105,,,10/9〜10/12,本体97円
8112221,ザ・ビッグ 福岡東店,食品,インド 冷凍むきえび,140g,321,,,10/9〜10/12,本体297円
8112221,ザ・ビッグ 福岡東店,食品,丸美屋 トントン 奴とうふ,150g×3,83,,,10/9〜10/12,本体77円
8112221,ザ・ビッグ 福岡東店,食品,国産 若どりもも肉 約1kg,1袋,969,,,10/9〜10/12,本体897円
8112221,ザ・ビッグ 福岡東店,食品,東洋水産 マルちゃん焼そば,150g×3,170,,,10/9〜10/12,本体157円
8112221,ザ・ビッグ 福岡東店,食品,コレステロール98%カット シュレッドチーズ,400g,386,,,10/9〜10/12,本体357円
8112221,ザ・ビッグ 福岡東店,食品,赤城乳業 ガツン、とみかん,58ml×5本,234,,,10/9〜10/12,本体217円
8112221,ザ・ビッグ 福岡東店,食品,ハウス 北海道グラタン,4皿分,202,,,10/9〜10/12,本体187円
8112221,ザ・ビッグ 福岡東店,食品,ヤマザキ コッペパン 各種,1個,83,,,10/9〜10/12,本体77円
8112221,ザ・ビッグ 福岡東店,食品,生姜香る 自慢の竜田揚げ,100g,180,,,10/9〜10/12,本体167円
8112221,ザ・ビッグ 福岡東店,食品,ハウス カリー屋カレー 甘口・中辛・辛口,180g,105,,,10/9〜10/12,本体97円
8112221,ザ・ビッグ 福岡東店,食品,ハウス こくまろカレー 甘口・中辛・辛口,145g,159,,,10/9〜10/12,本体147円
8112221,ザ・ビッグ 福岡東店,食品,伊藤園 お〜いお茶 緑茶・濃い茶,600ml,81,,,10/9〜10/12,本体75円
8112221,ザ・ビッグ 福岡東店,食品,伊藤園 お〜いお茶 600ml×24本 ケース,24本,1912,,,10/9〜10/12,"本体1,770円"
8112221,ザ・ビッグ 福岡東店,食品,令和8年産 福岡県産 夢つくし,5kg,2560,,,10/9〜10/12,"本体2,370円"
8112221,ザ・ビッグ 福岡東店,食品,ロッテ カスタードケーキ,6個,278,,,10/9〜10/12,本体257円
8112221,ザ・ビッグ 福岡東店,食品,亀田製菓 ハッピーターン,96g,159,,,10/9〜10/12,本体147円
8112221,ザ・ビッグ 福岡東店,食品,味の素 ギョーザ(ザ・ビッグ),12個,180,,,10/9〜10/12,各日200袋限り 本体167円
8112221,ザ・ビッグ 福岡東店,食品,カルビー フルグラ,700g,645,,,10/9〜10/12,本体597円
8112221,ダイレックス 宇美店,食品,まふぐ 唐揚げ用,1パック,429,,,10/7〜10/11,本体398円
8112221,ダイレックス 宇美店,食品,お魚屋さんのデカネタ寿司バイキング,各1貫,129,,,10/9,10/9(金)限り
8112221,ダイレックス 宇美店,食品,お魚屋さんの細巻きバイキング,各1本,172,,,10/9,10/9(金)限り
8112221,ダイレックス 宇美店,食品,生本マグロ刺身用ブロック,100g,626,,,10/10,10/10(土)限り
8112221,ダイレックス 宇美店,食品,中型無頭エビ,100g,192,,,10/10,10/10(土)限り
8112221,ダイレックス 宇美店,食品,お魚屋さんのフライバイキング,各1枚,84,,,10/10,10/10(土)限り
8112221,ダイレックス 宇美店,食品,にぎり盛り合わせ(中トロ入り),12貫,861,,,10/11,10/11(日)限り
8112221,ダイレックス 宇美店,食品,銀サケ切り身,100g,235,,,10/11,10/11(日)限り
8112221,ダイレックス 宇美店,食品,切りワタリガニ,100g,213,,,10/11,10/11(日)限り
8112221,ダイレックス 宇美店,食品,エビカツ,6個,321,,,10/9,10/9(金)限り
8112221,ダイレックス 宇美店,食品,頑固生姜唐揚げ,100g,192,,,10/10〜10/11,10/10・11限り
8112221,ダイレックス 宇美店,食品,宮崎県産 えのき,1袋,49,,,10/9,10/9(金)限り
8112221,ダイレックス 宇美店,食品,福岡県産 ぶなしめじ,1袋,99,,,10/9,10/9(金)限り
8112221,ダイレックス 宇美店,食品,長野県産 りんご,1玉,159,,,10/10,10/10(土)限り
8112221,ダイレックス 宇美店,食品,福岡県産 柿(ダイレックス),1玉,99,,,10/10,10/10(土)限り
8112221,ダイレックス 宇美店,食品,北海道産 大根(ダイレックス),1本,199,,,10/11,10/11(日)限り
8112221,ダイレックス 宇美店,食品,群馬県産 きゃべつ,1玉,159,,,10/11,10/11(日)限り
8112221,ダイレックス 宇美店,食品,国産 豚肩ロース しゃぶしゃぶ用(切り落とし),100g,213,,,10/9,10/9(金)限り
8112221,ダイレックス 宇美店,食品,豚ロースステーキ(味付),100g,116,,,10/9,10/9(金)限り アメリカ・カナダ・メキシコ産
8112221,ダイレックス 宇美店,食品,国産 豚小間切れ 900g,900g,1080,,,10/10〜10/11,10/10・11限り(100g当り120円)
8112221,ダイレックス 宇美店,食品,国産 若鶏モモ肉(3枚入),100g,127,,,10/10〜10/11,10/10・11限り 解凍含む
8112221,マックスバリュ 篠栗店,食品,熊本県産 シルクスイート さつまいも,1袋(約400g),257,,,10/10〜10/11,10/10・11 やさいくだものの日
8112221,マックスバリュ 篠栗店,食品,熊本県産 早出し こつぶみかん,1袋(約600g),378,,,10/10〜10/11,10/10・11
8112221,マックスバリュ 篠栗店,食品,生しいたけ(菌床栽培),100g,138,,,10/10〜10/11,10/10・11
8112221,マックスバリュ 篠栗店,食品,ピーマン(マックスバリュ),1袋,106,,,10/10〜10/11,10/10・11
8112221,マックスバリュ 篠栗店,食品,青森県産 サンつがる りんご,1個,117,,,10/10〜10/11,10/10・11
8112221,マックスバリュ 篠栗店,食品,和歌山県産 たねなし柿 4個,4個,430,,,10/10〜10/11,10/10・11
8112221,マックスバリュ 篠栗店,食品,舞茸,1パック,106,,,10/10〜10/11,10/10・11
8112221,マックスバリュ 篠栗店,食品,福岡県産 ぶなしめじ Wパック,1パック,192,,,10/10〜10/11,10/10・11
8112221,マックスバリュ 篠栗店,食品,きゅうり(マックスバリュ),1本,63,,,10/10,10/10 土曜朝市
8112221,マックスバリュ 篠栗店,食品,ハーゲンダッツ ミニカップ(マックスバリュ),1個,289,,,10/9〜10/12,iAEONクーポンで40円引
8112221,マックスバリュ 篠栗店,食品,マルちゃん正麺(マックスバリュ),5食,387,,,10/9〜10/12,iAEONクーポンで50円引
8112221,マックスバリュ 篠栗店,食品,熊本県産 阿蘇白水米,5kg,2570,,,10/10〜10/11,10/10・11 お米の日
8112221,マックスバリュ 篠栗店,日用品,スコッティ セレクト 2倍長持ち,1パック,768,,,10/9〜10/12,本体698円
8112221,しまむら 宇美店,アパレル,メンズ Tシャツ 各種(しまむら),M〜LL,330,,,10/7〜10/12,本体300円
8112221,しまむら 宇美店,アパレル,レディス 6足組ソックス 各種,6足組,330,,,10/7〜10/12,本体300円
8112221,しまむら 宇美店,アパレル,メンズ 6足組ソックス 各種,6足組,330,,,10/7〜10/12,本体300円
8112221,しまむら 宇美店,アパレル,レディス サンダル,M〜LL,330,,,10/7〜10/12,本体300円
8112221,しまむら 宇美店,日用品,トイレ足元マット 各種,1枚,330,,,10/7〜10/12,本体300円
8112221,しまむら 宇美店,アパレル,レディス シャツ 各種(しまむら),M〜LL,550,,,10/7〜10/12,本体500円
8112221,しまむら 宇美店,アパレル,レディス ニットプルオーバー 各種,M〜LL,550,,,10/7〜10/12,本体500円
8112221,しまむら 宇美店,アパレル,レディス パジャマ 各種,M〜LL,550,,,10/7〜10/12,本体500円
8112221,しまむら 宇美店,アパレル,レディス リラクシングパンツ,M〜LL,550,,,10/7〜10/12,本体500円
8112221,しまむら 宇美店,アパレル,キッズ キャラクタープルオーバー,110〜130cm,550,,,10/7〜10/12,本体500円
8112221,しまむら 宇美店,日用品,バスタオル 各種(しまむら),1枚,550,,,10/7〜10/12,本体500円
8112221,しまむら 宇美店,アパレル,レディス ワイドパンツ 各種,M〜LL,770,,,10/7〜10/12,本体700円
8112221,しまむら 宇美店,アパレル,メンズ ブランドTシャツ 各種,M〜LL,770,,,10/7〜10/12,本体700円
8112221,しまむら 宇美店,アパレル,メンズ パンツ 各種(しまむら),M〜LL,770,,,10/7〜10/12,本体700円
8112221,サンドラッグ 志免店,ドラッグ・コスメ,新ジキニン顆粒,1箱,1188,,,10/6〜10/11,第2類医薬品
8112221,サンドラッグ 志免店,ドラッグ・コスメ,パブロンゴールドA 錠,1箱,1493,,,10/6〜10/11,第2類医薬品
8112221,サンドラッグ 志免店,ドラッグ・コスメ,パブロンエースPro-X 錠,1箱,2178,,,10/6〜10/11,第2類医薬品
8112221,サンドラッグ 志免店,ドラッグ・コスメ,リポビタンD,100ml×10本,1078,,,10/6〜10/11,指定医薬部外品
8112221,サンドラッグ 志免店,ドラッグ・コスメ,リポビタンゴールドX,50ml×10本,1493,,,10/6〜10/11,
8112221,サンドラッグ 志免店,ドラッグ・コスメ,バファリンA,100錠,1298,,,10/6〜10/11,指定第2類医薬品
8112221,サンドラッグ 志免店,ドラッグ・コスメ,キューピーコーワゴールドα・ポポンS,160錠・240錠,1848,,,10/6〜10/11,
8112221,サンドラッグ 志免店,ドラッグ・コスメ,アリナミンEXプラス,270錠,5478,,,10/6〜10/11,第3類医薬品
8112221,サンドラッグ 志免店,ドラッグ・コスメ,命の母ホワイト,1箱,3828,,,10/6〜10/11,第2類医薬品
8112221,サンドラッグ 志免店,ドラッグ・コスメ,サンテFX ネオ,12ml,272,,,10/6〜10/11,第2類医薬品
8112221,サンドラッグ 志免店,ドラッグ・コスメ,アイボン Wビタミン,500ml,602,,,10/6〜10/11,第3類医薬品
8112221,サンドラッグ 志免店,食品,金の青汁 25種の純国産野菜 乳酸菌×酵素,90包,3218,,,10/6〜10/11,
8112221,サンドラッグ 志免店,ドラッグ・コスメ,DHC DHA 60日分,240粒,2006,,,10/6〜10/11,
8112221,サンドラッグ 志免店,食品,即攻元気ゼリー,180g,116,,,10/6〜10/11,
8112221,サンドラッグ 志免店,食品,クロレッツ ボトル,1本,926,,,10/6〜10/11,
8112221,サンドラッグ 志免店,ドラッグ・コスメ,ジョンソン ボディケア,500ml,877,,,10/6〜10/11,
8112221,サトー食鮮館 山田店,食品,九州産黒毛和牛 牛モモ(又はウデ)うす切り,100g,862,,,10/7〜10/12,本体798円
8112221,サトー食鮮館 山田店,食品,国産 牛モモ(又はウデ)・バラ合せ切り,100g,387,,,10/7〜10/12,本体358円
8112221,サトー食鮮館 山田店,食品,豚モモ(しゃぶしゃぶ用) 約450g,1パック,734,,,10/7〜10/12,本体680円
8112221,サトー食鮮館 山田店,食品,ぶり(しゃぶしゃぶ用・養殖),1パック,734,,,10/7〜10/12,本体680円
8112221,サトー食鮮館 山田店,食品,ノルウェー産 生サーモン(しゃぶしゃぶ用),1パック,646,,,10/7〜10/12,本体598円
8112221,サトー食鮮館 山田店,食品,活本鯛(しゃぶしゃぶ用・養殖),1パック,842,,,10/7〜10/12,本体780円
8112221,サトー食鮮館 山田店,食品,若鶏骨付きモモ ぶつ切り,100g,160,,,10/7〜10/12,本体148円
8112221,サトー食鮮館 山田店,食品,国産 牛アキレスボイル,100g,235,,,10/7〜10/12,本体218円
8112221,サトー食鮮館 山田店,食品,ぶなしめじ(サトー食鮮館),1袋,84,,,10/7〜10/12,本体78円
8112221,サトー食鮮館 山田店,食品,北海道産 たこ(しゃぶしゃぶ用・解凍),1パック,518,,,10/7〜10/12,本体480円
8112221,サトー食鮮館 山田店,食品,CGC ライトツナフレーク,1パック,300,,,10/7〜10/12,本体278円
8112221,ハローデイ 志免店,食品,九州産地 刺身盛合せ 4点盛,1パック,950,,,10/10,15時から数量限定タイムサービス(本体880円)
8112221,ハローデイ 志免店,食品,お惣菜均一祭(デリカ),各1パック,540,,,10/10,数量限定・売切れ御免(本体500円)
8112221,ハローデイ 志免店,食品,ベーカリーよりどり市,各1個,129,,,10/10,よりどり3個302円(本体120円/280円)。取扱店舗限定
8112221,ハローデイ 志免店,食品,ベーカリーよりどり 3個,3個,302,,,10/10,本体280円。取扱店舗限定
8112221,ハローデイ 志免店,食品,村田蒲鉾店 練り物(じゃこ平天・のどぐろ平天ほか),各1枚,106,,,10/10,練り物トロ箱市・数量限定(本体99円)
8112221,ドラッグイレブン 宇美店,日用品,エルモア ティシュー 200組×5個,1パック,382,,,10/10〜10/13,2点以上で1点371円(税込)
8112221,ドラッグイレブン 宇美店,日用品,エリエール イーナ トイレットペーパー 2倍巻12R,各1パック,844,,,10/10〜10/13,シングル・ダブル
8112221,ドラッグイレブン 宇美店,日用品,アタック抗菌EX 詰替用 各種,各1個,968,,,10/10〜10/13,
8112221,ドラッグイレブン 宇美店,日用品,ワイドハイターEXパワー 大サイズ 詰替 820ml,1個,371,,,10/10〜10/13,お一人様2点限り
8112221,ドラッグイレブン 宇美店,食品,伊右衛門・三ツ矢サイダー(ドラッグイレブン),各1本,81,,,10/10〜10/13,伊右衛門600ml・濃い味600ml・三ツ矢サイダー500ml
8112221,ドラッグイレブン 宇美店,食品,ポテトチップスうすしお・かっぱえびせん ほか,各1袋,95,,,10/10〜10/13,サッポロポテトつぶつぶベジタブルも
8112221,ドラッグイレブン 宇美店,食品,キャラメルコーン 各種,各1袋,95,,,10/10〜10/13,キャラメルコーン・ソルティキャラメル・コーン
8112221,ドラッグイレブン 宇美店,食品,カップヌードル 各種(ドラッグイレブン),各1個,159,,,10/10〜10/13,
